"X","driver","lap_number","driver_number","lap_time","tyre","team","position","rainfall","pitstop_duration","start_position","traction","asphalt_grip","asphalt_abrasion","track_evol","tyre_stress","braking","lateral","downforce"
1,"ALB",1,23,96.553,"MEDIUM","Williams",15,"Dry",NA,16,4,3,2,4,3,3,3,5
2,"ALB",2,23,87.53,"MEDIUM","Williams",15,"Dry",NA,16,4,3,2,4,3,3,3,5
3,"ALB",3,23,86.796,"MEDIUM","Williams",15,"Dry",NA,16,4,3,2,4,3,3,3,5
4,"ALB",4,23,86.238,"MEDIUM","Williams",15,"Dry",NA,16,4,3,2,4,3,3,3,5
5,"ALB",5,23,86.354,"MEDIUM","Williams",15,"Dry",NA,16,4,3,2,4,3,3,3,5
6,"ALB",6,23,86.085,"MEDIUM","Williams",15,"Dry",NA,16,4,3,2,4,3,3,3,5
7,"ALB",7,23,85.884,"MEDIUM","Williams",15,"Dry",NA,16,4,3,2,4,3,3,3,5
8,"ALB",8,23,88.053,"MEDIUM","Williams",17,"Dry",NA,16,4,3,2,4,3,3,3,5
9,"ALB",9,23,102.711,"HARD","Williams",18,"Dry",22.076,16,4,3,2,4,3,3,3,5
10,"ALB",10,23,85.801,"HARD","Williams",17,"Dry",NA,16,4,3,2,4,3,3,3,5
11,"ALB",11,23,84.834,"HARD","Williams",16,"Dry",NA,16,4,3,2,4,3,3,3,5
12,"ALB",12,23,85.189,"HARD","Williams",16,"Dry",NA,16,4,3,2,4,3,3,3,5
13,"ALB",13,23,85.078,"HARD","Williams",16,"Dry",NA,16,4,3,2,4,3,3,3,5
14,"ALB",14,23,85.096,"HARD","Williams",15,"Dry",NA,16,4,3,2,4,3,3,3,5
15,"ALB",15,23,85.205,"HARD","Williams",14,"Dry",NA,16,4,3,2,4,3,3,3,5
16,"ALB",16,23,85.546,"HARD","Williams",14,"Dry",NA,16,4,3,2,4,3,3,3,5
17,"ALB",17,23,85.487,"HARD","Williams",13,"Dry",NA,16,4,3,2,4,3,3,3,5
18,"ALB",18,23,85.845,"HARD","Williams",13,"Dry",NA,16,4,3,2,4,3,3,3,5
19,"ALB",19,23,85.543,"HARD","Williams",12,"Dry",NA,16,4,3,2,4,3,3,3,5
20,"ALB",20,23,85.093,"HARD","Williams",12,"Dry",NA,16,4,3,2,4,3,3,3,5
21,"ALB",21,23,85.826,"HARD","Williams",12,"Dry",NA,16,4,3,2,4,3,3,3,5
22,"ALB",22,23,85.84,"HARD","Williams",12,"Dry",NA,16,4,3,2,4,3,3,3,5
23,"ALB",23,23,86.077,"HARD","Williams",12,"Dry",NA,16,4,3,2,4,3,3,3,5
24,"ALB",24,23,85.74,"HARD","Williams",12,"Dry",NA,16,4,3,2,4,3,3,3,5
25,"ALB",25,23,85.585,"HARD","Williams",12,"Dry",NA,16,4,3,2,4,3,3,3,5
26,"ALB",26,23,85.612,"HARD","Williams",12,"Dry",NA,16,4,3,2,4,3,3,3,5
27,"ALB",27,23,85.69,"HARD","Williams",12,"Dry",NA,16,4,3,2,4,3,3,3,5
28,"ALB",28,23,85.624,"HARD","Williams",12,"Dry",NA,16,4,3,2,4,3,3,3,5
29,"ALB",29,23,85.592,"HARD","Williams",11,"Dry",NA,16,4,3,2,4,3,3,3,5
30,"ALB",30,23,85.482,"HARD","Williams",11,"Dry",NA,16,4,3,2,4,3,3,3,5
31,"ALB",31,23,87.832,"HARD","Williams",12,"Dry",NA,16,4,3,2,4,3,3,3,5
32,"ALB",32,23,103.771,"HARD","Williams",17,"Dry",21.762,16,4,3,2,4,3,3,3,5
33,"ALB",33,23,84.37,"HARD","Williams",17,"Dry",NA,16,4,3,2,4,3,3,3,5
34,"ALB",34,23,84.258,"HARD","Williams",17,"Dry",NA,16,4,3,2,4,3,3,3,5
35,"ALB",35,23,84.884,"HARD","Williams",16,"Dry",NA,16,4,3,2,4,3,3,3,5
36,"ALB",36,23,84.434,"HARD","Williams",16,"Dry",NA,16,4,3,2,4,3,3,3,5
37,"ALB",37,23,85.247,"HARD","Williams",16,"Dry",NA,16,4,3,2,4,3,3,3,5
38,"ALB",38,23,85.119,"HARD","Williams",15,"Dry",NA,16,4,3,2,4,3,3,3,5
39,"ALB",39,23,84.816,"HARD","Williams",13,"Dry",NA,16,4,3,2,4,3,3,3,5
40,"ALB",40,23,86.028,"HARD","Williams",13,"Dry",NA,16,4,3,2,4,3,3,3,5
41,"ALB",41,23,84.557,"HARD","Williams",12,"Dry",NA,16,4,3,2,4,3,3,3,5
42,"ALB",42,23,84.572,"HARD","Williams",12,"Dry",NA,16,4,3,2,4,3,3,3,5
43,"ALB",43,23,84.329,"HARD","Williams",12,"Dry",NA,16,4,3,2,4,3,3,3,5
44,"ALB",44,23,84.415,"HARD","Williams",12,"Dry",NA,16,4,3,2,4,3,3,3,5
45,"ALB",45,23,84.444,"HARD","Williams",11,"Dry",NA,16,4,3,2,4,3,3,3,5
46,"ALB",46,23,84.608,"HARD","Williams",11,"Dry",NA,16,4,3,2,4,3,3,3,5
47,"ALB",47,23,84.138,"HARD","Williams",11,"Dry",NA,16,4,3,2,4,3,3,3,5
48,"ALB",48,23,84.505,"HARD","Williams",11,"Dry",NA,16,4,3,2,4,3,3,3,5
49,"ALB",49,23,84.317,"HARD","Williams",11,"Dry",NA,16,4,3,2,4,3,3,3,5
50,"ALB",50,23,84.246,"HARD","Williams",11,"Dry",NA,16,4,3,2,4,3,3,3,5
51,"ALB",51,23,84.078,"HARD","Williams",11,"Dry",NA,16,4,3,2,4,3,3,3,5
52,"ALB",52,23,84.053,"HARD","Williams",11,"Dry",NA,16,4,3,2,4,3,3,3,5
53,"ALB",53,23,84.342,"HARD","Williams",11,"Dry",NA,16,4,3,2,4,3,3,3,5
54,"ALB",54,23,84.051,"HARD","Williams",11,"Dry",NA,16,4,3,2,4,3,3,3,5
55,"ALB",55,23,84.054,"HARD","Williams",11,"Dry",NA,16,4,3,2,4,3,3,3,5
56,"ALB",56,23,84.193,"HARD","Williams",11,"Dry",NA,16,4,3,2,4,3,3,3,5
57,"ALB",57,23,84.194,"HARD","Williams",11,"Dry",NA,16,4,3,2,4,3,3,3,5
58,"ALB",58,23,85.899,"HARD","Williams",11,"Dry",NA,16,4,3,2,4,3,3,3,5
59,"ALB",59,23,84.175,"HARD","Williams",11,"Dry",NA,16,4,3,2,4,3,3,3,5
60,"ALB",60,23,84.353,"HARD","Williams",11,"Dry",NA,16,4,3,2,4,3,3,3,5
61,"ALB",61,23,84.277,"HARD","Williams",11,"Dry",NA,16,4,3,2,4,3,3,3,5
62,"ALB",62,23,84.264,"HARD","Williams",11,"Dry",NA,16,4,3,2,4,3,3,3,5
63,"ALB",63,23,84.21,"HARD","Williams",11,"Dry",NA,16,4,3,2,4,3,3,3,5
64,"ALB",64,23,84.067,"HARD","Williams",11,"Dry",NA,16,4,3,2,4,3,3,3,5
65,"ALB",65,23,84.057,"HARD","Williams",11,"Dry",NA,16,4,3,2,4,3,3,3,5
66,"ALB",66,23,84.265,"HARD","Williams",11,"Dry",NA,16,4,3,2,4,3,3,3,5
67,"ALB",67,23,84.103,"HARD","Williams",11,"Dry",NA,16,4,3,2,4,3,3,3,5
68,"ALB",68,23,84.07,"HARD","Williams",11,"Dry",NA,16,4,3,2,4,3,3,3,5
69,"ALB",69,23,84.137,"HARD","Williams",11,"Dry",NA,16,4,3,2,4,3,3,3,5
70,"ALO",1,14,92.571,"MEDIUM","Aston Martin",7,"Dry",NA,8,4,3,2,4,3,3,3,5
71,"ALO",2,14,86.881,"MEDIUM","Aston Martin",7,"Dry",NA,8,4,3,2,4,3,3,3,5
72,"ALO",3,14,85.912,"MEDIUM","Aston Martin",7,"Dry",NA,8,4,3,2,4,3,3,3,5
73,"ALO",4,14,85.902,"MEDIUM","Aston Martin",7,"Dry",NA,8,4,3,2,4,3,3,3,5
74,"ALO",5,14,85.949,"MEDIUM","Aston Martin",7,"Dry",NA,8,4,3,2,4,3,3,3,5
75,"ALO",6,14,85.504,"MEDIUM","Aston Martin",7,"Dry",NA,8,4,3,2,4,3,3,3,5
76,"ALO",7,14,85.564,"MEDIUM","Aston Martin",7,"Dry",NA,8,4,3,2,4,3,3,3,5
77,"ALO",8,14,87.11,"MEDIUM","Aston Martin",8,"Dry",NA,8,4,3,2,4,3,3,3,5
78,"ALO",9,14,86.309,"MEDIUM","Aston Martin",8,"Dry",NA,8,4,3,2,4,3,3,3,5
79,"ALO",10,14,85.503,"MEDIUM","Aston Martin",8,"Dry",NA,8,4,3,2,4,3,3,3,5
80,"ALO",11,14,85.164,"MEDIUM","Aston Martin",8,"Dry",NA,8,4,3,2,4,3,3,3,5
81,"ALO",12,14,85.171,"MEDIUM","Aston Martin",8,"Dry",NA,8,4,3,2,4,3,3,3,5
82,"ALO",13,14,85.459,"MEDIUM","Aston Martin",8,"Dry",NA,8,4,3,2,4,3,3,3,5
83,"ALO",14,14,85.25,"MEDIUM","Aston Martin",8,"Dry",NA,8,4,3,2,4,3,3,3,5
84,"ALO",15,14,85.493,"MEDIUM","Aston Martin",8,"Dry",NA,8,4,3,2,4,3,3,3,5
85,"ALO",16,14,85.329,"MEDIUM","Aston Martin",7,"Dry",NA,8,4,3,2,4,3,3,3,5
86,"ALO",17,14,85.169,"MEDIUM","Aston Martin",6,"Dry",NA,8,4,3,2,4,3,3,3,5
87,"ALO",18,14,85.137,"MEDIUM","Aston Martin",4,"Dry",NA,8,4,3,2,4,3,3,3,5
88,"ALO",19,14,85.078,"MEDIUM","Aston Martin",3,"Dry",NA,8,4,3,2,4,3,3,3,5
89,"ALO",20,14,87.835,"MEDIUM","Aston Martin",4,"Dry",NA,8,4,3,2,4,3,3,3,5
90,"ALO",21,14,104.378,"HARD","Aston Martin",11,"Dry",22.916,8,4,3,2,4,3,3,3,5
91,"ALO",22,14,85.8,"HARD","Aston Martin",10,"Dry",NA,8,4,3,2,4,3,3,3,5
92,"ALO",23,14,85.325,"HARD","Aston Martin",10,"Dry",NA,8,4,3,2,4,3,3,3,5
93,"ALO",24,14,85.31,"HARD","Aston Martin",10,"Dry",NA,8,4,3,2,4,3,3,3,5
94,"ALO",25,14,84.758,"HARD","Aston Martin",10,"Dry",NA,8,4,3,2,4,3,3,3,5
95,"ALO",26,14,84.597,"HARD","Aston Martin",10,"Dry",NA,8,4,3,2,4,3,3,3,5
96,"ALO",27,14,84.822,"HARD","Aston Martin",10,"Dry",NA,8,4,3,2,4,3,3,3,5
97,"ALO",28,14,84.914,"HARD","Aston Martin",10,"Dry",NA,8,4,3,2,4,3,3,3,5
98,"ALO",29,14,84.581,"HARD","Aston Martin",8,"Dry",NA,8,4,3,2,4,3,3,3,5
99,"ALO",30,14,84.812,"HARD","Aston Martin",8,"Dry",NA,8,4,3,2,4,3,3,3,5
100,"ALO",31,14,84.665,"HARD","Aston Martin",8,"Dry",NA,8,4,3,2,4,3,3,3,5
101,"ALO",32,14,84.415,"HARD","Aston Martin",8,"Dry",NA,8,4,3,2,4,3,3,3,5
102,"ALO",33,14,84.349,"HARD","Aston Martin",8,"Dry",NA,8,4,3,2,4,3,3,3,5
103,"ALO",34,14,84.816,"HARD","Aston Martin",8,"Dry",NA,8,4,3,2,4,3,3,3,5
104,"ALO",35,14,84.654,"HARD","Aston Martin",8,"Dry",NA,8,4,3,2,4,3,3,3,5
105,"ALO",36,14,84.578,"HARD","Aston Martin",8,"Dry",NA,8,4,3,2,4,3,3,3,5
106,"ALO",37,14,84.644,"HARD","Aston Martin",8,"Dry",NA,8,4,3,2,4,3,3,3,5
107,"ALO",38,14,84.848,"HARD","Aston Martin",8,"Dry",NA,8,4,3,2,4,3,3,3,5
108,"ALO",39,14,85.19,"HARD","Aston Martin",8,"Dry",NA,8,4,3,2,4,3,3,3,5
109,"ALO",40,14,84.729,"HARD","Aston Martin",8,"Dry",NA,8,4,3,2,4,3,3,3,5
110,"ALO",41,14,84.864,"HARD","Aston Martin",8,"Dry",NA,8,4,3,2,4,3,3,3,5
111,"ALO",42,14,84.692,"HARD","Aston Martin",8,"Dry",NA,8,4,3,2,4,3,3,3,5
112,"ALO",43,14,87.63,"HARD","Aston Martin",9,"Dry",NA,8,4,3,2,4,3,3,3,5
113,"ALO",44,14,103.982,"HARD","Aston Martin",9,"Dry",24.152,8,4,3,2,4,3,3,3,5
114,"ALO",45,14,83.384,"HARD","Aston Martin",9,"Dry",NA,8,4,3,2,4,3,3,3,5
115,"ALO",46,14,83.293,"HARD","Aston Martin",9,"Dry",NA,8,4,3,2,4,3,3,3,5
116,"ALO",47,14,84.11,"HARD","Aston Martin",9,"Dry",NA,8,4,3,2,4,3,3,3,5
117,"ALO",48,14,83.069,"HARD","Aston Martin",9,"Dry",NA,8,4,3,2,4,3,3,3,5
118,"ALO",49,14,82.992,"HARD","Aston Martin",9,"Dry",NA,8,4,3,2,4,3,3,3,5
119,"ALO",50,14,82.963,"HARD","Aston Martin",9,"Dry",NA,8,4,3,2,4,3,3,3,5
120,"ALO",51,14,82.745,"HARD","Aston Martin",9,"Dry",NA,8,4,3,2,4,3,3,3,5
121,"ALO",52,14,82.757,"HARD","Aston Martin",9,"Dry",NA,8,4,3,2,4,3,3,3,5
122,"ALO",53,14,82.991,"HARD","Aston Martin",9,"Dry",NA,8,4,3,2,4,3,3,3,5
123,"ALO",54,14,82.893,"HARD","Aston Martin",9,"Dry",NA,8,4,3,2,4,3,3,3,5
124,"ALO",55,14,82.842,"HARD","Aston Martin",9,"Dry",NA,8,4,3,2,4,3,3,3,5
125,"ALO",56,14,83.077,"HARD","Aston Martin",9,"Dry",NA,8,4,3,2,4,3,3,3,5
126,"ALO",57,14,83.015,"HARD","Aston Martin",9,"Dry",NA,8,4,3,2,4,3,3,3,5
127,"ALO",58,14,83.03,"HARD","Aston Martin",9,"Dry",NA,8,4,3,2,4,3,3,3,5
128,"ALO",59,14,83.029,"HARD","Aston Martin",9,"Dry",NA,8,4,3,2,4,3,3,3,5
129,"ALO",60,14,83.195,"HARD","Aston Martin",9,"Dry",NA,8,4,3,2,4,3,3,3,5
130,"ALO",61,14,83.194,"HARD","Aston Martin",9,"Dry",NA,8,4,3,2,4,3,3,3,5
131,"ALO",62,14,83.209,"HARD","Aston Martin",9,"Dry",NA,8,4,3,2,4,3,3,3,5
132,"ALO",63,14,83.451,"HARD","Aston Martin",9,"Dry",NA,8,4,3,2,4,3,3,3,5
133,"ALO",64,14,83.472,"HARD","Aston Martin",9,"Dry",NA,8,4,3,2,4,3,3,3,5
134,"ALO",65,14,83.714,"HARD","Aston Martin",9,"Dry",NA,8,4,3,2,4,3,3,3,5
135,"ALO",66,14,83.453,"HARD","Aston Martin",9,"Dry",NA,8,4,3,2,4,3,3,3,5
136,"ALO",67,14,83.675,"HARD","Aston Martin",9,"Dry",NA,8,4,3,2,4,3,3,3,5
137,"ALO",68,14,83.501,"HARD","Aston Martin",9,"Dry",NA,8,4,3,2,4,3,3,3,5
138,"ALO",69,14,83.465,"HARD","Aston Martin",9,"Dry",NA,8,4,3,2,4,3,3,3,5
139,"ALO",70,14,84.181,"HARD","Aston Martin",9,"Dry",NA,8,4,3,2,4,3,3,3,5
140,"BOT",1,77,95.238,"MEDIUM","Alfa Romeo",12,"Dry",NA,7,4,3,2,4,3,3,3,5
141,"BOT",2,77,87.091,"MEDIUM","Alfa Romeo",12,"Dry",NA,7,4,3,2,4,3,3,3,5
142,"BOT",3,77,86.525,"MEDIUM","Alfa Romeo",12,"Dry",NA,7,4,3,2,4,3,3,3,5
143,"BOT",4,77,85.966,"MEDIUM","Alfa Romeo",12,"Dry",NA,7,4,3,2,4,3,3,3,5
144,"BOT",5,77,85.991,"MEDIUM","Alfa Romeo",12,"Dry",NA,7,4,3,2,4,3,3,3,5
145,"BOT",6,77,85.73,"MEDIUM","Alfa Romeo",12,"Dry",NA,7,4,3,2,4,3,3,3,5
146,"BOT",7,77,85.738,"MEDIUM","Alfa Romeo",12,"Dry",NA,7,4,3,2,4,3,3,3,5
147,"BOT",8,77,86.076,"MEDIUM","Alfa Romeo",12,"Dry",NA,7,4,3,2,4,3,3,3,5
148,"BOT",9,77,88.918,"MEDIUM","Alfa Romeo",14,"Dry",NA,7,4,3,2,4,3,3,3,5
149,"BOT",10,77,103.443,"HARD","Alfa Romeo",16,"Dry",22.114,7,4,3,2,4,3,3,3,5
150,"BOT",11,77,84.246,"HARD","Alfa Romeo",15,"Dry",NA,7,4,3,2,4,3,3,3,5
151,"BOT",12,77,84.648,"HARD","Alfa Romeo",15,"Dry",NA,7,4,3,2,4,3,3,3,5
152,"BOT",13,77,84.851,"HARD","Alfa Romeo",15,"Dry",NA,7,4,3,2,4,3,3,3,5
153,"BOT",14,77,84.815,"HARD","Alfa Romeo",14,"Dry",NA,7,4,3,2,4,3,3,3,5
154,"BOT",15,77,84.92,"HARD","Alfa Romeo",13,"Dry",NA,7,4,3,2,4,3,3,3,5
155,"BOT",16,77,85.33,"HARD","Alfa Romeo",13,"Dry",NA,7,4,3,2,4,3,3,3,5
156,"BOT",17,77,84.995,"HARD","Alfa Romeo",12,"Dry",NA,7,4,3,2,4,3,3,3,5
157,"BOT",18,77,86.179,"HARD","Alfa Romeo",12,"Dry",NA,7,4,3,2,4,3,3,3,5
158,"BOT",19,77,85.312,"HARD","Alfa Romeo",11,"Dry",NA,7,4,3,2,4,3,3,3,5
159,"BOT",20,77,84.907,"HARD","Alfa Romeo",11,"Dry",NA,7,4,3,2,4,3,3,3,5
160,"BOT",21,77,85.341,"HARD","Alfa Romeo",10,"Dry",NA,7,4,3,2,4,3,3,3,5
161,"BOT",22,77,87.15,"HARD","Alfa Romeo",11,"Dry",NA,7,4,3,2,4,3,3,3,5
162,"BOT",23,77,85.805,"HARD","Alfa Romeo",11,"Dry",NA,7,4,3,2,4,3,3,3,5
163,"BOT",24,77,85.791,"HARD","Alfa Romeo",11,"Dry",NA,7,4,3,2,4,3,3,3,5
164,"BOT",25,77,85.224,"HARD","Alfa Romeo",11,"Dry",NA,7,4,3,2,4,3,3,3,5
165,"BOT",26,77,85.489,"HARD","Alfa Romeo",11,"Dry",NA,7,4,3,2,4,3,3,3,5
166,"BOT",27,77,85.517,"HARD","Alfa Romeo",11,"Dry",NA,7,4,3,2,4,3,3,3,5
167,"BOT",28,77,85.226,"HARD","Alfa Romeo",11,"Dry",NA,7,4,3,2,4,3,3,3,5
168,"BOT",29,77,85.352,"HARD","Alfa Romeo",10,"Dry",NA,7,4,3,2,4,3,3,3,5
169,"BOT",30,77,85.261,"HARD","Alfa Romeo",10,"Dry",NA,7,4,3,2,4,3,3,3,5
170,"BOT",31,77,85.157,"HARD","Alfa Romeo",10,"Dry",NA,7,4,3,2,4,3,3,3,5
171,"BOT",32,77,85.422,"HARD","Alfa Romeo",10,"Dry",NA,7,4,3,2,4,3,3,3,5
172,"BOT",33,77,85.473,"HARD","Alfa Romeo",10,"Dry",NA,7,4,3,2,4,3,3,3,5
173,"BOT",34,77,85.608,"HARD","Alfa Romeo",10,"Dry",NA,7,4,3,2,4,3,3,3,5
174,"BOT",35,77,86.534,"HARD","Alfa Romeo",10,"Dry",NA,7,4,3,2,4,3,3,3,5
175,"BOT",36,77,85.444,"HARD","Alfa Romeo",10,"Dry",NA,7,4,3,2,4,3,3,3,5
176,"BOT",37,77,85.266,"HARD","Alfa Romeo",10,"Dry",NA,7,4,3,2,4,3,3,3,5
177,"BOT",38,77,85.334,"HARD","Alfa Romeo",10,"Dry",NA,7,4,3,2,4,3,3,3,5
178,"BOT",39,77,85.272,"HARD","Alfa Romeo",10,"Dry",NA,7,4,3,2,4,3,3,3,5
179,"BOT",40,77,88.159,"HARD","Alfa Romeo",10,"Dry",NA,7,4,3,2,4,3,3,3,5
180,"BOT",41,77,105.01,"HARD","Alfa Romeo",13,"Dry",23.242,7,4,3,2,4,3,3,3,5
181,"BOT",42,77,83.651,"HARD","Alfa Romeo",13,"Dry",NA,7,4,3,2,4,3,3,3,5
182,"BOT",43,77,84.214,"HARD","Alfa Romeo",13,"Dry",NA,7,4,3,2,4,3,3,3,5
183,"BOT",44,77,84.104,"HARD","Alfa Romeo",13,"Dry",NA,7,4,3,2,4,3,3,3,5
184,"BOT",45,77,84.226,"HARD","Alfa Romeo",12,"Dry",NA,7,4,3,2,4,3,3,3,5
185,"BOT",46,77,84.205,"HARD","Alfa Romeo",12,"Dry",NA,7,4,3,2,4,3,3,3,5
186,"BOT",47,77,84.423,"HARD","Alfa Romeo",12,"Dry",NA,7,4,3,2,4,3,3,3,5
187,"BOT",48,77,84.302,"HARD","Alfa Romeo",12,"Dry",NA,7,4,3,2,4,3,3,3,5
188,"BOT",49,77,84.292,"HARD","Alfa Romeo",12,"Dry",NA,7,4,3,2,4,3,3,3,5
189,"BOT",50,77,84.488,"HARD","Alfa Romeo",12,"Dry",NA,7,4,3,2,4,3,3,3,5
190,"BOT",51,77,83.81,"HARD","Alfa Romeo",12,"Dry",NA,7,4,3,2,4,3,3,3,5
191,"BOT",52,77,84.059,"HARD","Alfa Romeo",12,"Dry",NA,7,4,3,2,4,3,3,3,5
192,"BOT",53,77,84.309,"HARD","Alfa Romeo",12,"Dry",NA,7,4,3,2,4,3,3,3,5
193,"BOT",54,77,84.09,"HARD","Alfa Romeo",12,"Dry",NA,7,4,3,2,4,3,3,3,5
194,"BOT",55,77,84.097,"HARD","Alfa Romeo",12,"Dry",NA,7,4,3,2,4,3,3,3,5
195,"BOT",56,77,84.496,"HARD","Alfa Romeo",12,"Dry",NA,7,4,3,2,4,3,3,3,5
196,"BOT",57,77,85.382,"HARD","Alfa Romeo",12,"Dry",NA,7,4,3,2,4,3,3,3,5
197,"BOT",58,77,84.748,"HARD","Alfa Romeo",12,"Dry",NA,7,4,3,2,4,3,3,3,5
198,"BOT",59,77,83.808,"HARD","Alfa Romeo",12,"Dry",NA,7,4,3,2,4,3,3,3,5
199,"BOT",60,77,85.32,"HARD","Alfa Romeo",12,"Dry",NA,7,4,3,2,4,3,3,3,5
200,"BOT",61,77,84.311,"HARD","Alfa Romeo",12,"Dry",NA,7,4,3,2,4,3,3,3,5
201,"BOT",62,77,84.056,"HARD","Alfa Romeo",12,"Dry",NA,7,4,3,2,4,3,3,3,5
202,"BOT",63,77,84.125,"HARD","Alfa Romeo",12,"Dry",NA,7,4,3,2,4,3,3,3,5
203,"BOT",64,77,84.236,"HARD","Alfa Romeo",12,"Dry",NA,7,4,3,2,4,3,3,3,5
204,"BOT",65,77,83.774,"HARD","Alfa Romeo",12,"Dry",NA,7,4,3,2,4,3,3,3,5
205,"BOT",66,77,83.918,"HARD","Alfa Romeo",12,"Dry",NA,7,4,3,2,4,3,3,3,5
206,"BOT",67,77,84.07,"HARD","Alfa Romeo",12,"Dry",NA,7,4,3,2,4,3,3,3,5
207,"BOT",68,77,83.964,"HARD","Alfa Romeo",12,"Dry",NA,7,4,3,2,4,3,3,3,5
208,"BOT",69,77,84.481,"HARD","Alfa Romeo",12,"Dry",NA,7,4,3,2,4,3,3,3,5
209,"GAS",1,10,124.981,"SOFT","Alpine",20,"Dry",NA,15,4,3,2,4,3,3,3,5
210,"HAM",1,44,90.539,"MEDIUM","Mercedes",4,"Dry",NA,1,4,3,2,4,3,3,3,5
211,"HAM",2,44,86.052,"MEDIUM","Mercedes",4,"Dry",NA,1,4,3,2,4,3,3,3,5
212,"HAM",3,44,85.427,"MEDIUM","Mercedes",4,"Dry",NA,1,4,3,2,4,3,3,3,5
213,"HAM",4,44,84.559,"MEDIUM","Mercedes",4,"Dry",NA,1,4,3,2,4,3,3,3,5
214,"HAM",5,44,85.312,"MEDIUM","Mercedes",4,"Dry",NA,1,4,3,2,4,3,3,3,5
215,"HAM",6,44,85.167,"MEDIUM","Mercedes",4,"Dry",NA,1,4,3,2,4,3,3,3,5
216,"HAM",7,44,85.179,"MEDIUM","Mercedes",4,"Dry",NA,1,4,3,2,4,3,3,3,5
217,"HAM",8,44,84.916,"MEDIUM","Mercedes",4,"Dry",NA,1,4,3,2,4,3,3,3,5
218,"HAM",9,44,85.416,"MEDIUM","Mercedes",4,"Dry",NA,1,4,3,2,4,3,3,3,5
219,"HAM",10,44,85.123,"MEDIUM","Mercedes",4,"Dry",NA,1,4,3,2,4,3,3,3,5
220,"HAM",11,44,85.153,"MEDIUM","Mercedes",4,"Dry",NA,1,4,3,2,4,3,3,3,5
221,"HAM",12,44,85.081,"MEDIUM","Mercedes",4,"Dry",NA,1,4,3,2,4,3,3,3,5
222,"HAM",13,44,85.053,"MEDIUM","Mercedes",4,"Dry",NA,1,4,3,2,4,3,3,3,5
223,"HAM",14,44,85.409,"MEDIUM","Mercedes",4,"Dry",NA,1,4,3,2,4,3,3,3,5
224,"HAM",15,44,85.648,"MEDIUM","Mercedes",4,"Dry",NA,1,4,3,2,4,3,3,3,5
225,"HAM",16,44,87.791,"MEDIUM","Mercedes",4,"Dry",NA,1,4,3,2,4,3,3,3,5
226,"HAM",17,44,104.676,"HARD","Mercedes",8,"Dry",21.974,1,4,3,2,4,3,3,3,5
227,"HAM",18,44,85.766,"HARD","Mercedes",7,"Dry",NA,1,4,3,2,4,3,3,3,5
228,"HAM",19,44,85.538,"HARD","Mercedes",7,"Dry",NA,1,4,3,2,4,3,3,3,5
229,"HAM",20,44,84.258,"HARD","Mercedes",7,"Dry",NA,1,4,3,2,4,3,3,3,5
230,"HAM",21,44,84.403,"HARD","Mercedes",6,"Dry",NA,1,4,3,2,4,3,3,3,5
231,"HAM",22,44,84.477,"HARD","Mercedes",6,"Dry",NA,1,4,3,2,4,3,3,3,5
232,"HAM",23,44,84.285,"HARD","Mercedes",6,"Dry",NA,1,4,3,2,4,3,3,3,5
233,"HAM",24,44,84.245,"HARD","Mercedes",6,"Dry",NA,1,4,3,2,4,3,3,3,5
234,"HAM",25,44,84.063,"HARD","Mercedes",4,"Dry",NA,1,4,3,2,4,3,3,3,5
235,"HAM",26,44,83.966,"HARD","Mercedes",4,"Dry",NA,1,4,3,2,4,3,3,3,5
236,"HAM",27,44,84.193,"HARD","Mercedes",4,"Dry",NA,1,4,3,2,4,3,3,3,5
237,"HAM",28,44,84.086,"HARD","Mercedes",4,"Dry",NA,1,4,3,2,4,3,3,3,5
238,"HAM",29,44,84.055,"HARD","Mercedes",4,"Dry",NA,1,4,3,2,4,3,3,3,5
239,"HAM",30,44,83.749,"HARD","Mercedes",4,"Dry",NA,1,4,3,2,4,3,3,3,5
240,"HAM",31,44,83.852,"HARD","Mercedes",4,"Dry",NA,1,4,3,2,4,3,3,3,5
241,"HAM",32,44,84.39,"HARD","Mercedes",4,"Dry",NA,1,4,3,2,4,3,3,3,5
242,"HAM",33,44,83.817,"HARD","Mercedes",4,"Dry",NA,1,4,3,2,4,3,3,3,5
243,"HAM",34,44,83.899,"HARD","Mercedes",4,"Dry",NA,1,4,3,2,4,3,3,3,5
244,"HAM",35,44,83.851,"HARD","Mercedes",4,"Dry",NA,1,4,3,2,4,3,3,3,5
245,"HAM",36,44,83.91,"HARD","Mercedes",4,"Dry",NA,1,4,3,2,4,3,3,3,5
246,"HAM",37,44,83.907,"HARD","Mercedes",4,"Dry",NA,1,4,3,2,4,3,3,3,5
247,"HAM",38,44,84.274,"HARD","Mercedes",4,"Dry",NA,1,4,3,2,4,3,3,3,5
248,"HAM",39,44,84.35,"HARD","Mercedes",4,"Dry",NA,1,4,3,2,4,3,3,3,5
249,"HAM",40,44,84.798,"HARD","Mercedes",4,"Dry",NA,1,4,3,2,4,3,3,3,5
250,"HAM",41,44,84.584,"HARD","Mercedes",4,"Dry",NA,1,4,3,2,4,3,3,3,5
251,"HAM",42,44,84.846,"HARD","Mercedes",4,"Dry",NA,1,4,3,2,4,3,3,3,5
252,"HAM",43,44,84.573,"HARD","Mercedes",3,"Dry",NA,1,4,3,2,4,3,3,3,5
253,"HAM",44,44,84.443,"HARD","Mercedes",3,"Dry",NA,1,4,3,2,4,3,3,3,5
254,"HAM",45,44,84.574,"HARD","Mercedes",2,"Dry",NA,1,4,3,2,4,3,3,3,5
255,"HAM",46,44,84.251,"HARD","Mercedes",2,"Dry",NA,1,4,3,2,4,3,3,3,5
256,"HAM",47,44,84.202,"HARD","Mercedes",2,"Dry",NA,1,4,3,2,4,3,3,3,5
257,"HAM",48,44,84.49,"HARD","Mercedes",2,"Dry",NA,1,4,3,2,4,3,3,3,5
258,"HAM",49,44,87.017,"HARD","Mercedes",3,"Dry",NA,1,4,3,2,4,3,3,3,5
259,"HAM",50,44,101.746,"MEDIUM","Mercedes",5,"Dry",21.728,1,4,3,2,4,3,3,3,5
260,"HAM",51,44,82.611,"MEDIUM","Mercedes",5,"Dry",NA,1,4,3,2,4,3,3,3,5
261,"HAM",52,44,82.385,"MEDIUM","Mercedes",5,"Dry",NA,1,4,3,2,4,3,3,3,5
262,"HAM",53,44,82.083,"MEDIUM","Mercedes",5,"Dry",NA,1,4,3,2,4,3,3,3,5
263,"HAM",54,44,81.601,"MEDIUM","Mercedes",5,"Dry",NA,1,4,3,2,4,3,3,3,5
264,"HAM",55,44,82.202,"MEDIUM","Mercedes",5,"Dry",NA,1,4,3,2,4,3,3,3,5
265,"HAM",56,44,83.009,"MEDIUM","Mercedes",5,"Dry",NA,1,4,3,2,4,3,3,3,5
266,"HAM",57,44,83.094,"MEDIUM","Mercedes",4,"Dry",NA,1,4,3,2,4,3,3,3,5
267,"HAM",58,44,83.073,"MEDIUM","Mercedes",4,"Dry",NA,1,4,3,2,4,3,3,3,5
268,"HAM",59,44,82.597,"MEDIUM","Mercedes",4,"Dry",NA,1,4,3,2,4,3,3,3,5
269,"HAM",60,44,81.97,"MEDIUM","Mercedes",4,"Dry",NA,1,4,3,2,4,3,3,3,5
270,"HAM",61,44,82.127,"MEDIUM","Mercedes",4,"Dry",NA,1,4,3,2,4,3,3,3,5
271,"HAM",62,44,82.056,"MEDIUM","Mercedes",4,"Dry",NA,1,4,3,2,4,3,3,3,5
272,"HAM",63,44,82.439,"MEDIUM","Mercedes",4,"Dry",NA,1,4,3,2,4,3,3,3,5
273,"HAM",64,44,82.252,"MEDIUM","Mercedes",4,"Dry",NA,1,4,3,2,4,3,3,3,5
274,"HAM",65,44,82.669,"MEDIUM","Mercedes",4,"Dry",NA,1,4,3,2,4,3,3,3,5
275,"HAM",66,44,82.342,"MEDIUM","Mercedes",4,"Dry",NA,1,4,3,2,4,3,3,3,5
276,"HAM",67,44,81.995,"MEDIUM","Mercedes",4,"Dry",NA,1,4,3,2,4,3,3,3,5
277,"HAM",68,44,82.125,"MEDIUM","Mercedes",4,"Dry",NA,1,4,3,2,4,3,3,3,5
278,"HAM",69,44,82.35,"MEDIUM","Mercedes",4,"Dry",NA,1,4,3,2,4,3,3,3,5
279,"HAM",70,44,83.429,"MEDIUM","Mercedes",4,"Dry",NA,1,4,3,2,4,3,3,3,5
280,"HUL",1,27,93.589,"MEDIUM","Haas F1 Team",9,"Dry",NA,10,4,3,2,4,3,3,3,5
281,"HUL",2,27,86.902,"MEDIUM","Haas F1 Team",9,"Dry",NA,10,4,3,2,4,3,3,3,5
282,"HUL",3,27,86.309,"MEDIUM","Haas F1 Team",9,"Dry",NA,10,4,3,2,4,3,3,3,5
283,"HUL",4,27,85.889,"MEDIUM","Haas F1 Team",9,"Dry",NA,10,4,3,2,4,3,3,3,5
284,"HUL",5,27,85.822,"MEDIUM","Haas F1 Team",9,"Dry",NA,10,4,3,2,4,3,3,3,5
285,"HUL",6,27,85.708,"MEDIUM","Haas F1 Team",9,"Dry",NA,10,4,3,2,4,3,3,3,5
286,"HUL",7,27,85.612,"MEDIUM","Haas F1 Team",9,"Dry",NA,10,4,3,2,4,3,3,3,5
287,"HUL",8,27,86.292,"MEDIUM","Haas F1 Team",9,"Dry",NA,10,4,3,2,4,3,3,3,5
288,"HUL",9,27,86.379,"MEDIUM","Haas F1 Team",9,"Dry",NA,10,4,3,2,4,3,3,3,5
289,"HUL",10,27,85.968,"MEDIUM","Haas F1 Team",9,"Dry",NA,10,4,3,2,4,3,3,3,5
290,"HUL",11,27,86.119,"MEDIUM","Haas F1 Team",9,"Dry",NA,10,4,3,2,4,3,3,3,5
291,"HUL",12,27,86.188,"MEDIUM","Haas F1 Team",9,"Dry",NA,10,4,3,2,4,3,3,3,5
292,"HUL",13,27,86.091,"MEDIUM","Haas F1 Team",9,"Dry",NA,10,4,3,2,4,3,3,3,5
293,"HUL",14,27,85.916,"MEDIUM","Haas F1 Team",9,"Dry",NA,10,4,3,2,4,3,3,3,5
294,"HUL",15,27,86.094,"MEDIUM","Haas F1 Team",9,"Dry",NA,10,4,3,2,4,3,3,3,5
295,"HUL",16,27,88.445,"MEDIUM","Haas F1 Team",9,"Dry",NA,10,4,3,2,4,3,3,3,5
296,"HUL",17,27,104.661,"HARD","Haas F1 Team",15,"Dry",22.922,10,4,3,2,4,3,3,3,5
297,"HUL",18,27,85.195,"HARD","Haas F1 Team",15,"Dry",NA,10,4,3,2,4,3,3,3,5
298,"HUL",19,27,85.604,"HARD","Haas F1 Team",14,"Dry",NA,10,4,3,2,4,3,3,3,5
299,"HUL",20,27,85.321,"HARD","Haas F1 Team",14,"Dry",NA,10,4,3,2,4,3,3,3,5
300,"HUL",21,27,85.512,"HARD","Haas F1 Team",14,"Dry",NA,10,4,3,2,4,3,3,3,5
301,"HUL",22,27,85.782,"HARD","Haas F1 Team",14,"Dry",NA,10,4,3,2,4,3,3,3,5
302,"HUL",23,27,86.099,"HARD","Haas F1 Team",14,"Dry",NA,10,4,3,2,4,3,3,3,5
303,"HUL",24,27,85.865,"HARD","Haas F1 Team",14,"Dry",NA,10,4,3,2,4,3,3,3,5
304,"HUL",25,27,85.745,"HARD","Haas F1 Team",14,"Dry",NA,10,4,3,2,4,3,3,3,5
305,"HUL",26,27,85.581,"HARD","Haas F1 Team",14,"Dry",NA,10,4,3,2,4,3,3,3,5
306,"HUL",27,27,85.844,"HARD","Haas F1 Team",14,"Dry",NA,10,4,3,2,4,3,3,3,5
307,"HUL",28,27,86.036,"HARD","Haas F1 Team",14,"Dry",NA,10,4,3,2,4,3,3,3,5
308,"HUL",29,27,85.316,"HARD","Haas F1 Team",13,"Dry",NA,10,4,3,2,4,3,3,3,5
309,"HUL",30,27,86.603,"HARD","Haas F1 Team",14,"Dry",NA,10,4,3,2,4,3,3,3,5
310,"HUL",31,27,85.509,"HARD","Haas F1 Team",14,"Dry",NA,10,4,3,2,4,3,3,3,5
311,"HUL",32,27,85.617,"HARD","Haas F1 Team",13,"Dry",NA,10,4,3,2,4,3,3,3,5
312,"HUL",33,27,85.557,"HARD","Haas F1 Team",13,"Dry",NA,10,4,3,2,4,3,3,3,5
313,"HUL",34,27,85.729,"HARD","Haas F1 Team",13,"Dry",NA,10,4,3,2,4,3,3,3,5
314,"HUL",35,27,85.795,"HARD","Haas F1 Team",12,"Dry",NA,10,4,3,2,4,3,3,3,5
315,"HUL",36,27,85.808,"HARD","Haas F1 Team",12,"Dry",NA,10,4,3,2,4,3,3,3,5
316,"HUL",37,27,85.822,"HARD","Haas F1 Team",12,"Dry",NA,10,4,3,2,4,3,3,3,5
317,"HUL",38,27,87.764,"HARD","Haas F1 Team",12,"Dry",NA,10,4,3,2,4,3,3,3,5
318,"HUL",39,27,103.179,"HARD","Haas F1 Team",16,"Dry",21.955,10,4,3,2,4,3,3,3,5
319,"HUL",40,27,84.192,"HARD","Haas F1 Team",16,"Dry",NA,10,4,3,2,4,3,3,3,5
320,"HUL",41,27,84.289,"HARD","Haas F1 Team",15,"Dry",NA,10,4,3,2,4,3,3,3,5
321,"HUL",42,27,83.573,"HARD","Haas F1 Team",15,"Dry",NA,10,4,3,2,4,3,3,3,5
322,"HUL",43,27,84.151,"HARD","Haas F1 Team",15,"Dry",NA,10,4,3,2,4,3,3,3,5
323,"HUL",44,27,84.621,"HARD","Haas F1 Team",15,"Dry",NA,10,4,3,2,4,3,3,3,5
324,"HUL",45,27,84.43,"HARD","Haas F1 Team",14,"Dry",NA,10,4,3,2,4,3,3,3,5
325,"HUL",46,27,84.233,"HARD","Haas F1 Team",14,"Dry",NA,10,4,3,2,4,3,3,3,5
326,"HUL",47,27,84.156,"HARD","Haas F1 Team",14,"Dry",NA,10,4,3,2,4,3,3,3,5
327,"HUL",48,27,84.077,"HARD","Haas F1 Team",14,"Dry",NA,10,4,3,2,4,3,3,3,5
328,"HUL",49,27,84.326,"HARD","Haas F1 Team",14,"Dry",NA,10,4,3,2,4,3,3,3,5
329,"HUL",50,27,84.472,"HARD","Haas F1 Team",14,"Dry",NA,10,4,3,2,4,3,3,3,5
330,"HUL",51,27,84.382,"HARD","Haas F1 Team",14,"Dry",NA,10,4,3,2,4,3,3,3,5
331,"HUL",52,27,84.11,"HARD","Haas F1 Team",14,"Dry",NA,10,4,3,2,4,3,3,3,5
332,"HUL",53,27,86.72,"HARD","Haas F1 Team",14,"Dry",NA,10,4,3,2,4,3,3,3,5
333,"HUL",54,27,84.579,"HARD","Haas F1 Team",14,"Dry",NA,10,4,3,2,4,3,3,3,5
334,"HUL",55,27,84.426,"HARD","Haas F1 Team",14,"Dry",NA,10,4,3,2,4,3,3,3,5
335,"HUL",56,27,84.434,"HARD","Haas F1 Team",14,"Dry",NA,10,4,3,2,4,3,3,3,5
336,"HUL",57,27,84.501,"HARD","Haas F1 Team",14,"Dry",NA,10,4,3,2,4,3,3,3,5
337,"HUL",58,27,84.804,"HARD","Haas F1 Team",14,"Dry",NA,10,4,3,2,4,3,3,3,5
338,"HUL",59,27,84.371,"HARD","Haas F1 Team",14,"Dry",NA,10,4,3,2,4,3,3,3,5
339,"HUL",60,27,84.499,"HARD","Haas F1 Team",14,"Dry",NA,10,4,3,2,4,3,3,3,5
340,"HUL",61,27,84.756,"HARD","Haas F1 Team",14,"Dry",NA,10,4,3,2,4,3,3,3,5
341,"HUL",62,27,86.349,"HARD","Haas F1 Team",14,"Dry",NA,10,4,3,2,4,3,3,3,5
342,"HUL",63,27,85.228,"HARD","Haas F1 Team",14,"Dry",NA,10,4,3,2,4,3,3,3,5
343,"HUL",64,27,86.48,"HARD","Haas F1 Team",14,"Dry",NA,10,4,3,2,4,3,3,3,5
344,"HUL",65,27,86.287,"HARD","Haas F1 Team",14,"Dry",NA,10,4,3,2,4,3,3,3,5
345,"HUL",66,27,84.973,"HARD","Haas F1 Team",14,"Dry",NA,10,4,3,2,4,3,3,3,5
346,"HUL",67,27,84.946,"HARD","Haas F1 Team",14,"Dry",NA,10,4,3,2,4,3,3,3,5
347,"HUL",68,27,84.815,"HARD","Haas F1 Team",14,"Dry",NA,10,4,3,2,4,3,3,3,5
348,"HUL",69,27,85.485,"HARD","Haas F1 Team",14,"Dry",NA,10,4,3,2,4,3,3,3,5
349,"LEC",1,16,91.328,"MEDIUM","Ferrari",5,"Dry",NA,6,4,3,2,4,3,3,3,5
350,"LEC",2,16,86.336,"MEDIUM","Ferrari",5,"Dry",NA,6,4,3,2,4,3,3,3,5
351,"LEC",3,16,85.649,"MEDIUM","Ferrari",5,"Dry",NA,6,4,3,2,4,3,3,3,5
352,"LEC",4,16,85.239,"MEDIUM","Ferrari",5,"Dry",NA,6,4,3,2,4,3,3,3,5
353,"LEC",5,16,85.212,"MEDIUM","Ferrari",5,"Dry",NA,6,4,3,2,4,3,3,3,5
354,"LEC",6,16,85.092,"MEDIUM","Ferrari",5,"Dry",NA,6,4,3,2,4,3,3,3,5
355,"LEC",7,16,85.14,"MEDIUM","Ferrari",5,"Dry",NA,6,4,3,2,4,3,3,3,5
356,"LEC",8,16,85.465,"MEDIUM","Ferrari",5,"Dry",NA,6,4,3,2,4,3,3,3,5
357,"LEC",9,16,85.269,"MEDIUM","Ferrari",5,"Dry",NA,6,4,3,2,4,3,3,3,5
358,"LEC",10,16,85.052,"MEDIUM","Ferrari",5,"Dry",NA,6,4,3,2,4,3,3,3,5
359,"LEC",11,16,85.061,"MEDIUM","Ferrari",5,"Dry",NA,6,4,3,2,4,3,3,3,5
360,"LEC",12,16,85.236,"MEDIUM","Ferrari",5,"Dry",NA,6,4,3,2,4,3,3,3,5
361,"LEC",13,16,85.324,"MEDIUM","Ferrari",5,"Dry",NA,6,4,3,2,4,3,3,3,5
362,"LEC",14,16,85.675,"MEDIUM","Ferrari",5,"Dry",NA,6,4,3,2,4,3,3,3,5
363,"LEC",15,16,85.561,"MEDIUM","Ferrari",5,"Dry",NA,6,4,3,2,4,3,3,3,5
364,"LEC",16,16,85.644,"MEDIUM","Ferrari",5,"Dry",NA,6,4,3,2,4,3,3,3,5
365,"LEC",17,16,87.426,"MEDIUM","Ferrari",4,"Dry",NA,6,4,3,2,4,3,3,3,5
366,"LEC",18,16,109.137,"HARD","Ferrari",11,"Dry",28.404,6,4,3,2,4,3,3,3,5
367,"LEC",19,16,84.487,"HARD","Ferrari",10,"Dry",NA,6,4,3,2,4,3,3,3,5
368,"LEC",20,16,84.375,"HARD","Ferrari",9,"Dry",NA,6,4,3,2,4,3,3,3,5
369,"LEC",21,16,84.554,"HARD","Ferrari",8,"Dry",NA,6,4,3,2,4,3,3,3,5
370,"LEC",22,16,84.552,"HARD","Ferrari",8,"Dry",NA,6,4,3,2,4,3,3,3,5
371,"LEC",23,16,84.415,"HARD","Ferrari",8,"Dry",NA,6,4,3,2,4,3,3,3,5
372,"LEC",24,16,84.149,"HARD","Ferrari",8,"Dry",NA,6,4,3,2,4,3,3,3,5
373,"LEC",25,16,84.842,"HARD","Ferrari",8,"Dry",NA,6,4,3,2,4,3,3,3,5
374,"LEC",26,16,84.605,"HARD","Ferrari",8,"Dry",NA,6,4,3,2,4,3,3,3,5
375,"LEC",27,16,85.279,"HARD","Ferrari",8,"Dry",NA,6,4,3,2,4,3,3,3,5
376,"LEC",28,16,85.443,"HARD","Ferrari",7,"Dry",NA,6,4,3,2,4,3,3,3,5
377,"LEC",29,16,84.572,"HARD","Ferrari",7,"Dry",NA,6,4,3,2,4,3,3,3,5
378,"LEC",30,16,84.383,"HARD","Ferrari",7,"Dry",NA,6,4,3,2,4,3,3,3,5
379,"LEC",31,16,84.516,"HARD","Ferrari",7,"Dry",NA,6,4,3,2,4,3,3,3,5
380,"LEC",32,16,84.565,"HARD","Ferrari",7,"Dry",NA,6,4,3,2,4,3,3,3,5
381,"LEC",33,16,84.58,"HARD","Ferrari",7,"Dry",NA,6,4,3,2,4,3,3,3,5
382,"LEC",34,16,84.608,"HARD","Ferrari",7,"Dry",NA,6,4,3,2,4,3,3,3,5
383,"LEC",35,16,84.587,"HARD","Ferrari",7,"Dry",NA,6,4,3,2,4,3,3,3,5
384,"LEC",36,16,84.508,"HARD","Ferrari",7,"Dry",NA,6,4,3,2,4,3,3,3,5
385,"LEC",37,16,84.694,"HARD","Ferrari",7,"Dry",NA,6,4,3,2,4,3,3,3,5
386,"LEC",38,16,84.937,"HARD","Ferrari",7,"Dry",NA,6,4,3,2,4,3,3,3,5
387,"LEC",39,16,84.955,"HARD","Ferrari",7,"Dry",NA,6,4,3,2,4,3,3,3,5
388,"LEC",40,16,85.15,"HARD","Ferrari",7,"Dry",NA,6,4,3,2,4,3,3,3,5
389,"LEC",41,16,84.654,"HARD","Ferrari",7,"Dry",NA,6,4,3,2,4,3,3,3,5
390,"LEC",42,16,84.625,"HARD","Ferrari",7,"Dry",NA,6,4,3,2,4,3,3,3,5
391,"LEC",43,16,86.75,"HARD","Ferrari",7,"Dry",NA,6,4,3,2,4,3,3,3,5
392,"LEC",44,16,99.627,"HARD","Ferrari",8,"Dry",21.452,6,4,3,2,4,3,3,3,5
393,"LEC",45,16,83.573,"HARD","Ferrari",7,"Dry",NA,6,4,3,2,4,3,3,3,5
394,"LEC",46,16,82.999,"HARD","Ferrari",7,"Dry",NA,6,4,3,2,4,3,3,3,5
395,"LEC",47,16,82.82,"HARD","Ferrari",6,"Dry",NA,6,4,3,2,4,3,3,3,5
396,"LEC",48,16,82.573,"HARD","Ferrari",6,"Dry",NA,6,4,3,2,4,3,3,3,5
397,"LEC",49,16,82.551,"HARD","Ferrari",6,"Dry",NA,6,4,3,2,4,3,3,3,5
398,"LEC",50,16,82.469,"HARD","Ferrari",6,"Dry",NA,6,4,3,2,4,3,3,3,5
399,"LEC",51,16,82.529,"HARD","Ferrari",6,"Dry",NA,6,4,3,2,4,3,3,3,5
400,"LEC",52,16,82.693,"HARD","Ferrari",6,"Dry",NA,6,4,3,2,4,3,3,3,5
401,"LEC",53,16,82.871,"HARD","Ferrari",6,"Dry",NA,6,4,3,2,4,3,3,3,5
402,"LEC",54,16,82.814,"HARD","Ferrari",6,"Dry",NA,6,4,3,2,4,3,3,3,5
403,"LEC",55,16,82.672,"HARD","Ferrari",6,"Dry",NA,6,4,3,2,4,3,3,3,5
404,"LEC",56,16,83.016,"HARD","Ferrari",6,"Dry",NA,6,4,3,2,4,3,3,3,5
405,"LEC",57,16,83.605,"HARD","Ferrari",6,"Dry",NA,6,4,3,2,4,3,3,3,5
406,"LEC",58,16,83.635,"HARD","Ferrari",6,"Dry",NA,6,4,3,2,4,3,3,3,5
407,"LEC",59,16,83.67,"HARD","Ferrari",6,"Dry",NA,6,4,3,2,4,3,3,3,5
408,"LEC",60,16,83.418,"HARD","Ferrari",6,"Dry",NA,6,4,3,2,4,3,3,3,5
409,"LEC",61,16,83.665,"HARD","Ferrari",6,"Dry",NA,6,4,3,2,4,3,3,3,5
410,"LEC",62,16,83.169,"HARD","Ferrari",6,"Dry",NA,6,4,3,2,4,3,3,3,5
411,"LEC",63,16,83.572,"HARD","Ferrari",6,"Dry",NA,6,4,3,2,4,3,3,3,5
412,"LEC",64,16,83.977,"HARD","Ferrari",6,"Dry",NA,6,4,3,2,4,3,3,3,5
413,"LEC",65,16,83.939,"HARD","Ferrari",6,"Dry",NA,6,4,3,2,4,3,3,3,5
414,"LEC",66,16,83.483,"HARD","Ferrari",6,"Dry",NA,6,4,3,2,4,3,3,3,5
415,"LEC",67,16,83.813,"HARD","Ferrari",6,"Dry",NA,6,4,3,2,4,3,3,3,5
416,"LEC",68,16,84.396,"HARD","Ferrari",6,"Dry",NA,6,4,3,2,4,3,3,3,5
417,"LEC",69,16,84.32,"HARD","Ferrari",6,"Dry",NA,6,4,3,2,4,3,3,3,5
418,"LEC",70,16,84.451,"HARD","Ferrari",6,"Dry",NA,6,4,3,2,4,3,3,3,5
419,"MAG",1,20,95.783,"MEDIUM","Haas F1 Team",13,"Dry",NA,19,4,3,2,4,3,3,3,5
420,"MAG",2,20,87.771,"MEDIUM","Haas F1 Team",14,"Dry",NA,19,4,3,2,4,3,3,3,5
421,"MAG",3,20,86.757,"MEDIUM","Haas F1 Team",14,"Dry",NA,19,4,3,2,4,3,3,3,5
422,"MAG",4,20,86.099,"MEDIUM","Haas F1 Team",14,"Dry",NA,19,4,3,2,4,3,3,3,5
423,"MAG",5,20,86.066,"MEDIUM","Haas F1 Team",14,"Dry",NA,19,4,3,2,4,3,3,3,5
424,"MAG",6,20,86.103,"MEDIUM","Haas F1 Team",14,"Dry",NA,19,4,3,2,4,3,3,3,5
425,"MAG",7,20,85.977,"MEDIUM","Haas F1 Team",14,"Dry",NA,19,4,3,2,4,3,3,3,5
426,"MAG",8,20,86.095,"MEDIUM","Haas F1 Team",14,"Dry",NA,19,4,3,2,4,3,3,3,5
427,"MAG",9,20,86.389,"MEDIUM","Haas F1 Team",13,"Dry",NA,19,4,3,2,4,3,3,3,5
428,"MAG",10,20,86.444,"MEDIUM","Haas F1 Team",11,"Dry",NA,19,4,3,2,4,3,3,3,5
429,"MAG",11,20,85.969,"MEDIUM","Haas F1 Team",11,"Dry",NA,19,4,3,2,4,3,3,3,5
430,"MAG",12,20,85.983,"MEDIUM","Haas F1 Team",11,"Dry",NA,19,4,3,2,4,3,3,3,5
431,"MAG",13,20,86.335,"MEDIUM","Haas F1 Team",11,"Dry",NA,19,4,3,2,4,3,3,3,5
432,"MAG",14,20,88.329,"MEDIUM","Haas F1 Team",12,"Dry",NA,19,4,3,2,4,3,3,3,5
433,"MAG",15,20,104.286,"HARD","Haas F1 Team",17,"Dry",22.753,19,4,3,2,4,3,3,3,5
434,"MAG",16,20,84.782,"HARD","Haas F1 Team",17,"Dry",NA,19,4,3,2,4,3,3,3,5
435,"MAG",17,20,85.258,"HARD","Haas F1 Team",17,"Dry",NA,19,4,3,2,4,3,3,3,5
436,"MAG",18,20,85.338,"HARD","Haas F1 Team",17,"Dry",NA,19,4,3,2,4,3,3,3,5
437,"MAG",19,20,85.602,"HARD","Haas F1 Team",16,"Dry",NA,19,4,3,2,4,3,3,3,5
438,"MAG",20,20,85.29,"HARD","Haas F1 Team",16,"Dry",NA,19,4,3,2,4,3,3,3,5
439,"MAG",21,20,85.809,"HARD","Haas F1 Team",16,"Dry",NA,19,4,3,2,4,3,3,3,5
440,"MAG",22,20,86.014,"HARD","Haas F1 Team",16,"Dry",NA,19,4,3,2,4,3,3,3,5
441,"MAG",23,20,85.931,"HARD","Haas F1 Team",16,"Dry",NA,19,4,3,2,4,3,3,3,5
442,"MAG",24,20,85.931,"HARD","Haas F1 Team",16,"Dry",NA,19,4,3,2,4,3,3,3,5
443,"MAG",25,20,86.016,"HARD","Haas F1 Team",16,"Dry",NA,19,4,3,2,4,3,3,3,5
444,"MAG",26,20,86.132,"HARD","Haas F1 Team",16,"Dry",NA,19,4,3,2,4,3,3,3,5
445,"MAG",27,20,86.278,"HARD","Haas F1 Team",16,"Dry",NA,19,4,3,2,4,3,3,3,5
446,"MAG",28,20,86.126,"HARD","Haas F1 Team",16,"Dry",NA,19,4,3,2,4,3,3,3,5
447,"MAG",29,20,86.204,"HARD","Haas F1 Team",16,"Dry",NA,19,4,3,2,4,3,3,3,5
448,"MAG",30,20,86.33,"HARD","Haas F1 Team",16,"Dry",NA,19,4,3,2,4,3,3,3,5
449,"MAG",31,20,86.283,"HARD","Haas F1 Team",16,"Dry",NA,19,4,3,2,4,3,3,3,5
450,"MAG",32,20,86.343,"HARD","Haas F1 Team",15,"Dry",NA,19,4,3,2,4,3,3,3,5
451,"MAG",33,20,86.256,"HARD","Haas F1 Team",15,"Dry",NA,19,4,3,2,4,3,3,3,5
452,"MAG",34,20,86.256,"HARD","Haas F1 Team",15,"Dry",NA,19,4,3,2,4,3,3,3,5
453,"MAG",35,20,87.06,"HARD","Haas F1 Team",14,"Dry",NA,19,4,3,2,4,3,3,3,5
454,"MAG",36,20,86.701,"HARD","Haas F1 Team",15,"Dry",NA,19,4,3,2,4,3,3,3,5
455,"MAG",37,20,86.296,"HARD","Haas F1 Team",15,"Dry",NA,19,4,3,2,4,3,3,3,5
456,"MAG",38,20,88.558,"HARD","Haas F1 Team",16,"Dry",NA,19,4,3,2,4,3,3,3,5
457,"MAG",39,20,86.622,"HARD","Haas F1 Team",14,"Dry",NA,19,4,3,2,4,3,3,3,5
458,"MAG",40,20,87.353,"HARD","Haas F1 Team",15,"Dry",NA,19,4,3,2,4,3,3,3,5
459,"MAG",41,20,89.197,"HARD","Haas F1 Team",17,"Dry",NA,19,4,3,2,4,3,3,3,5
460,"MAG",42,20,103.525,"HARD","Haas F1 Team",18,"Dry",22.152,19,4,3,2,4,3,3,3,5
461,"MAG",43,20,84.544,"HARD","Haas F1 Team",18,"Dry",NA,19,4,3,2,4,3,3,3,5
462,"MAG",44,20,84.097,"HARD","Haas F1 Team",18,"Dry",NA,19,4,3,2,4,3,3,3,5
463,"MAG",45,20,84.285,"HARD","Haas F1 Team",18,"Dry",NA,19,4,3,2,4,3,3,3,5
464,"MAG",46,20,84.17,"HARD","Haas F1 Team",18,"Dry",NA,19,4,3,2,4,3,3,3,5
465,"MAG",47,20,86.646,"HARD","Haas F1 Team",18,"Dry",NA,19,4,3,2,4,3,3,3,5
466,"MAG",48,20,83.942,"HARD","Haas F1 Team",18,"Dry",NA,19,4,3,2,4,3,3,3,5
467,"MAG",49,20,84.11,"HARD","Haas F1 Team",18,"Dry",NA,19,4,3,2,4,3,3,3,5
468,"MAG",50,20,84.299,"HARD","Haas F1 Team",18,"Dry",NA,19,4,3,2,4,3,3,3,5
469,"MAG",51,20,85.991,"HARD","Haas F1 Team",18,"Dry",NA,19,4,3,2,4,3,3,3,5
470,"MAG",52,20,83.994,"HARD","Haas F1 Team",18,"Dry",NA,19,4,3,2,4,3,3,3,5
471,"MAG",53,20,84.136,"HARD","Haas F1 Team",18,"Dry",NA,19,4,3,2,4,3,3,3,5
472,"MAG",54,20,83.864,"HARD","Haas F1 Team",18,"Dry",NA,19,4,3,2,4,3,3,3,5
473,"MAG",55,20,84.414,"HARD","Haas F1 Team",18,"Dry",NA,19,4,3,2,4,3,3,3,5
474,"MAG",56,20,84.491,"HARD","Haas F1 Team",18,"Dry",NA,19,4,3,2,4,3,3,3,5
475,"MAG",57,20,88.556,"HARD","Haas F1 Team",18,"Dry",NA,19,4,3,2,4,3,3,3,5
476,"MAG",58,20,85.172,"HARD","Haas F1 Team",18,"Dry",NA,19,4,3,2,4,3,3,3,5
477,"MAG",59,20,84.479,"HARD","Haas F1 Team",18,"Dry",NA,19,4,3,2,4,3,3,3,5
478,"MAG",60,20,87.626,"HARD","Haas F1 Team",18,"Dry",NA,19,4,3,2,4,3,3,3,5
479,"MAG",61,20,84.529,"HARD","Haas F1 Team",18,"Dry",NA,19,4,3,2,4,3,3,3,5
480,"MAG",62,20,84.494,"HARD","Haas F1 Team",18,"Dry",NA,19,4,3,2,4,3,3,3,5
481,"MAG",63,20,84.438,"HARD","Haas F1 Team",18,"Dry",NA,19,4,3,2,4,3,3,3,5
482,"MAG",64,20,88.678,"HARD","Haas F1 Team",18,"Dry",NA,19,4,3,2,4,3,3,3,5
483,"MAG",65,20,85.434,"HARD","Haas F1 Team",18,"Dry",NA,19,4,3,2,4,3,3,3,5
484,"MAG",66,20,87.531,"HARD","Haas F1 Team",18,"Dry",NA,19,4,3,2,4,3,3,3,5
485,"MAG",67,20,84.854,"HARD","Haas F1 Team",18,"Dry",NA,19,4,3,2,4,3,3,3,5
486,"MAG",68,20,84.965,"HARD","Haas F1 Team",17,"Dry",NA,19,4,3,2,4,3,3,3,5
487,"MAG",69,20,85.369,"HARD","Haas F1 Team",17,"Dry",NA,19,4,3,2,4,3,3,3,5
488,"NOR",1,4,89.901,"MEDIUM","McLaren",3,"Dry",NA,3,4,3,2,4,3,3,3,5
489,"NOR",2,4,85.82,"MEDIUM","McLaren",3,"Dry",NA,3,4,3,2,4,3,3,3,5
490,"NOR",3,4,85.205,"MEDIUM","McLaren",3,"Dry",NA,3,4,3,2,4,3,3,3,5
491,"NOR",4,4,84.794,"MEDIUM","McLaren",3,"Dry",NA,3,4,3,2,4,3,3,3,5
492,"NOR",5,4,84.893,"MEDIUM","McLaren",3,"Dry",NA,3,4,3,2,4,3,3,3,5
493,"NOR",6,4,84.826,"MEDIUM","McLaren",3,"Dry",NA,3,4,3,2,4,3,3,3,5
494,"NOR",7,4,85.138,"MEDIUM","McLaren",3,"Dry",NA,3,4,3,2,4,3,3,3,5
495,"NOR",8,4,85.005,"MEDIUM","McLaren",3,"Dry",NA,3,4,3,2,4,3,3,3,5
496,"NOR",9,4,85.199,"MEDIUM","McLaren",3,"Dry",NA,3,4,3,2,4,3,3,3,5
497,"NOR",10,4,84.958,"MEDIUM","McLaren",3,"Dry",NA,3,4,3,2,4,3,3,3,5
498,"NOR",11,4,84.875,"MEDIUM","McLaren",3,"Dry",NA,3,4,3,2,4,3,3,3,5
499,"NOR",12,4,85.001,"MEDIUM","McLaren",3,"Dry",NA,3,4,3,2,4,3,3,3,5
500,"NOR",13,4,85.091,"MEDIUM","McLaren",3,"Dry",NA,3,4,3,2,4,3,3,3,5
501,"NOR",14,4,85.008,"MEDIUM","McLaren",3,"Dry",NA,3,4,3,2,4,3,3,3,5
502,"NOR",15,4,84.869,"MEDIUM","McLaren",3,"Dry",NA,3,4,3,2,4,3,3,3,5
503,"NOR",16,4,85.015,"MEDIUM","McLaren",3,"Dry",NA,3,4,3,2,4,3,3,3,5
504,"NOR",17,4,87.115,"MEDIUM","McLaren",3,"Dry",NA,3,4,3,2,4,3,3,3,5
505,"NOR",18,4,100.528,"HARD","McLaren",5,"Dry",21.541,3,4,3,2,4,3,3,3,5
506,"NOR",19,4,83.543,"HARD","McLaren",4,"Dry",NA,3,4,3,2,4,3,3,3,5
507,"NOR",20,4,83.941,"HARD","McLaren",3,"Dry",NA,3,4,3,2,4,3,3,3,5
508,"NOR",21,4,83.499,"HARD","McLaren",3,"Dry",NA,3,4,3,2,4,3,3,3,5
509,"NOR",22,4,83.881,"HARD","McLaren",3,"Dry",NA,3,4,3,2,4,3,3,3,5
510,"NOR",23,4,83.707,"HARD","McLaren",3,"Dry",NA,3,4,3,2,4,3,3,3,5
511,"NOR",24,4,83.847,"HARD","McLaren",2,"Dry",NA,3,4,3,2,4,3,3,3,5
512,"NOR",25,4,83.517,"HARD","McLaren",2,"Dry",NA,3,4,3,2,4,3,3,3,5
513,"NOR",26,4,83.732,"HARD","McLaren",2,"Dry",NA,3,4,3,2,4,3,3,3,5
514,"NOR",27,4,84.064,"HARD","McLaren",2,"Dry",NA,3,4,3,2,4,3,3,3,5
515,"NOR",28,4,84.453,"HARD","McLaren",2,"Dry",NA,3,4,3,2,4,3,3,3,5
516,"NOR",29,4,84.136,"HARD","McLaren",2,"Dry",NA,3,4,3,2,4,3,3,3,5
517,"NOR",30,4,84.043,"HARD","McLaren",2,"Dry",NA,3,4,3,2,4,3,3,3,5
518,"NOR",31,4,84.289,"HARD","McLaren",2,"Dry",NA,3,4,3,2,4,3,3,3,5
519,"NOR",32,4,84.131,"HARD","McLaren",2,"Dry",NA,3,4,3,2,4,3,3,3,5
520,"NOR",33,4,84.297,"HARD","McLaren",2,"Dry",NA,3,4,3,2,4,3,3,3,5
521,"NOR",34,4,84.224,"HARD","McLaren",2,"Dry",NA,3,4,3,2,4,3,3,3,5
522,"NOR",35,4,84.134,"HARD","McLaren",2,"Dry",NA,3,4,3,2,4,3,3,3,5
523,"NOR",36,4,84.536,"HARD","McLaren",2,"Dry",NA,3,4,3,2,4,3,3,3,5
524,"NOR",37,4,84.419,"HARD","McLaren",2,"Dry",NA,3,4,3,2,4,3,3,3,5
525,"NOR",38,4,84.607,"HARD","McLaren",2,"Dry",NA,3,4,3,2,4,3,3,3,5
526,"NOR",39,4,84.773,"HARD","McLaren",2,"Dry",NA,3,4,3,2,4,3,3,3,5
527,"NOR",40,4,84.797,"HARD","McLaren",2,"Dry",NA,3,4,3,2,4,3,3,3,5
528,"NOR",41,4,84.467,"HARD","McLaren",2,"Dry",NA,3,4,3,2,4,3,3,3,5
529,"NOR",42,4,84.48,"HARD","McLaren",2,"Dry",NA,3,4,3,2,4,3,3,3,5
530,"NOR",43,4,84.475,"HARD","McLaren",2,"Dry",NA,3,4,3,2,4,3,3,3,5
531,"NOR",44,4,86.696,"HARD","McLaren",2,"Dry",NA,3,4,3,2,4,3,3,3,5
532,"NOR",45,4,101.182,"MEDIUM","McLaren",3,"Dry",21.43,3,4,3,2,4,3,3,3,5
533,"NOR",46,4,82.216,"MEDIUM","McLaren",3,"Dry",NA,3,4,3,2,4,3,3,3,5
534,"NOR",47,4,82.572,"MEDIUM","McLaren",3,"Dry",NA,3,4,3,2,4,3,3,3,5
535,"NOR",48,4,82.518,"MEDIUM","McLaren",3,"Dry",NA,3,4,3,2,4,3,3,3,5
536,"NOR",49,4,82.827,"MEDIUM","McLaren",2,"Dry",NA,3,4,3,2,4,3,3,3,5
537,"NOR",50,4,82.178,"MEDIUM","McLaren",2,"Dry",NA,3,4,3,2,4,3,3,3,5
538,"NOR",51,4,82.794,"MEDIUM","McLaren",2,"Dry",NA,3,4,3,2,4,3,3,3,5
539,"NOR",52,4,83.054,"MEDIUM","McLaren",2,"Dry",NA,3,4,3,2,4,3,3,3,5
540,"NOR",53,4,83.375,"MEDIUM","McLaren",2,"Dry",NA,3,4,3,2,4,3,3,3,5
541,"NOR",54,4,83.247,"MEDIUM","McLaren",2,"Dry",NA,3,4,3,2,4,3,3,3,5
542,"NOR",55,4,82.706,"MEDIUM","McLaren",2,"Dry",NA,3,4,3,2,4,3,3,3,5
543,"NOR",56,4,82.929,"MEDIUM","McLaren",2,"Dry",NA,3,4,3,2,4,3,3,3,5
544,"NOR",57,4,83.155,"MEDIUM","McLaren",2,"Dry",NA,3,4,3,2,4,3,3,3,5
545,"NOR",58,4,83.619,"MEDIUM","McLaren",2,"Dry",NA,3,4,3,2,4,3,3,3,5
546,"NOR",59,4,83.974,"MEDIUM","McLaren",2,"Dry",NA,3,4,3,2,4,3,3,3,5
547,"NOR",60,4,83.457,"MEDIUM","McLaren",2,"Dry",NA,3,4,3,2,4,3,3,3,5
548,"NOR",61,4,83.442,"MEDIUM","McLaren",2,"Dry",NA,3,4,3,2,4,3,3,3,5
549,"NOR",62,4,83.878,"MEDIUM","McLaren",2,"Dry",NA,3,4,3,2,4,3,3,3,5
550,"NOR",63,4,83.409,"MEDIUM","McLaren",2,"Dry",NA,3,4,3,2,4,3,3,3,5
551,"NOR",64,4,83.075,"MEDIUM","McLaren",2,"Dry",NA,3,4,3,2,4,3,3,3,5
552,"NOR",65,4,82.911,"MEDIUM","McLaren",2,"Dry",NA,3,4,3,2,4,3,3,3,5
553,"NOR",66,4,82.971,"MEDIUM","McLaren",2,"Dry",NA,3,4,3,2,4,3,3,3,5
554,"NOR",67,4,83.036,"MEDIUM","McLaren",2,"Dry",NA,3,4,3,2,4,3,3,3,5
555,"NOR",68,4,83.11,"MEDIUM","McLaren",2,"Dry",NA,3,4,3,2,4,3,3,3,5
556,"NOR",69,4,83.416,"MEDIUM","McLaren",2,"Dry",NA,3,4,3,2,4,3,3,3,5
557,"NOR",70,4,83.385,"MEDIUM","McLaren",2,"Dry",NA,3,4,3,2,4,3,3,3,5
558,"OCO",1,31,106.965,"MEDIUM","Alpine",19,"Dry",NA,12,4,3,2,4,3,3,3,5
559,"OCO",2,31,101.181,"MEDIUM","Alpine",19,"Dry",NA,12,4,3,2,4,3,3,3,5
560,"PER",1,11,93.068,"HARD","Red Bull Racing",8,"Dry",NA,9,4,3,2,4,3,3,3,5
561,"PER",2,11,86.77,"HARD","Red Bull Racing",8,"Dry",NA,9,4,3,2,4,3,3,3,5
562,"PER",3,11,86.27,"HARD","Red Bull Racing",8,"Dry",NA,9,4,3,2,4,3,3,3,5
563,"PER",4,11,85.702,"HARD","Red Bull Racing",8,"Dry",NA,9,4,3,2,4,3,3,3,5
564,"PER",5,11,85.832,"HARD","Red Bull Racing",8,"Dry",NA,9,4,3,2,4,3,3,3,5
565,"PER",6,11,85.65,"HARD","Red Bull Racing",8,"Dry",NA,9,4,3,2,4,3,3,3,5
566,"PER",7,11,85.445,"HARD","Red Bull Racing",8,"Dry",NA,9,4,3,2,4,3,3,3,5
567,"PER",8,11,84.836,"HARD","Red Bull Racing",7,"Dry",NA,9,4,3,2,4,3,3,3,5
568,"PER",9,11,85.307,"HARD","Red Bull Racing",7,"Dry",NA,9,4,3,2,4,3,3,3,5
569,"PER",10,11,85.191,"HARD","Red Bull Racing",7,"Dry",NA,9,4,3,2,4,3,3,3,5
570,"PER",11,11,85.305,"HARD","Red Bull Racing",7,"Dry",NA,9,4,3,2,4,3,3,3,5
571,"PER",12,11,85.25,"HARD","Red Bull Racing",7,"Dry",NA,9,4,3,2,4,3,3,3,5
572,"PER",13,11,85.077,"HARD","Red Bull Racing",7,"Dry",NA,9,4,3,2,4,3,3,3,5
573,"PER",14,11,85.255,"HARD","Red Bull Racing",7,"Dry",NA,9,4,3,2,4,3,3,3,5
574,"PER",15,11,86.256,"HARD","Red Bull Racing",6,"Dry",NA,9,4,3,2,4,3,3,3,5
575,"PER",16,11,84.695,"HARD","Red Bull Racing",6,"Dry",NA,9,4,3,2,4,3,3,3,5
576,"PER",17,11,84.76,"HARD","Red Bull Racing",5,"Dry",NA,9,4,3,2,4,3,3,3,5
577,"PER",18,11,84.693,"HARD","Red Bull Racing",3,"Dry",NA,9,4,3,2,4,3,3,3,5
578,"PER",19,11,84.567,"HARD","Red Bull Racing",2,"Dry",NA,9,4,3,2,4,3,3,3,5
579,"PER",20,11,84.52,"HARD","Red Bull Racing",2,"Dry",NA,9,4,3,2,4,3,3,3,5
580,"PER",21,11,84.538,"HARD","Red Bull Racing",2,"Dry",NA,9,4,3,2,4,3,3,3,5
581,"PER",22,11,84.971,"HARD","Red Bull Racing",2,"Dry",NA,9,4,3,2,4,3,3,3,5
582,"PER",23,11,84.786,"HARD","Red Bull Racing",2,"Dry",NA,9,4,3,2,4,3,3,3,5
583,"PER",24,11,87.442,"HARD","Red Bull Racing",3,"Dry",NA,9,4,3,2,4,3,3,3,5
584,"PER",25,11,102.542,"MEDIUM","Red Bull Racing",7,"Dry",21.862,9,4,3,2,4,3,3,3,5
585,"PER",26,11,83.628,"MEDIUM","Red Bull Racing",7,"Dry",NA,9,4,3,2,4,3,3,3,5
586,"PER",27,11,85.65,"MEDIUM","Red Bull Racing",6,"Dry",NA,9,4,3,2,4,3,3,3,5
587,"PER",28,11,83.973,"MEDIUM","Red Bull Racing",5,"Dry",NA,9,4,3,2,4,3,3,3,5
588,"PER",29,11,83.195,"MEDIUM","Red Bull Racing",5,"Dry",NA,9,4,3,2,4,3,3,3,5
589,"PER",30,11,83.086,"MEDIUM","Red Bull Racing",5,"Dry",NA,9,4,3,2,4,3,3,3,5
590,"PER",31,11,83.346,"MEDIUM","Red Bull Racing",5,"Dry",NA,9,4,3,2,4,3,3,3,5
591,"PER",32,11,83.679,"MEDIUM","Red Bull Racing",5,"Dry",NA,9,4,3,2,4,3,3,3,5
592,"PER",33,11,83.525,"MEDIUM","Red Bull Racing",5,"Dry",NA,9,4,3,2,4,3,3,3,5
593,"PER",34,11,83.527,"MEDIUM","Red Bull Racing",5,"Dry",NA,9,4,3,2,4,3,3,3,5
594,"PER",35,11,83.32,"MEDIUM","Red Bull Racing",5,"Dry",NA,9,4,3,2,4,3,3,3,5
595,"PER",36,11,83.39,"MEDIUM","Red Bull Racing",5,"Dry",NA,9,4,3,2,4,3,3,3,5
596,"PER",37,11,83.625,"MEDIUM","Red Bull Racing",5,"Dry",NA,9,4,3,2,4,3,3,3,5
597,"PER",38,11,83.904,"MEDIUM","Red Bull Racing",5,"Dry",NA,9,4,3,2,4,3,3,3,5
598,"PER",39,11,84.16,"MEDIUM","Red Bull Racing",5,"Dry",NA,9,4,3,2,4,3,3,3,5
599,"PER",40,11,84.604,"MEDIUM","Red Bull Racing",5,"Dry",NA,9,4,3,2,4,3,3,3,5
600,"PER",41,11,84.461,"MEDIUM","Red Bull Racing",5,"Dry",NA,9,4,3,2,4,3,3,3,5
601,"PER",42,11,87.335,"MEDIUM","Red Bull Racing",5,"Dry",NA,9,4,3,2,4,3,3,3,5
602,"PER",43,11,100.363,"MEDIUM","Red Bull Racing",6,"Dry",20.88,9,4,3,2,4,3,3,3,5
603,"PER",44,11,82.929,"MEDIUM","Red Bull Racing",5,"Dry",NA,9,4,3,2,4,3,3,3,5
604,"PER",45,11,82.637,"MEDIUM","Red Bull Racing",5,"Dry",NA,9,4,3,2,4,3,3,3,5
605,"PER",46,11,82.706,"MEDIUM","Red Bull Racing",5,"Dry",NA,9,4,3,2,4,3,3,3,5
606,"PER",47,11,82.872,"MEDIUM","Red Bull Racing",4,"Dry",NA,9,4,3,2,4,3,3,3,5
607,"PER",48,11,82.588,"MEDIUM","Red Bull Racing",4,"Dry",NA,9,4,3,2,4,3,3,3,5
608,"PER",49,11,82.38,"MEDIUM","Red Bull Racing",4,"Dry",NA,9,4,3,2,4,3,3,3,5
609,"PER",50,11,82.406,"MEDIUM","Red Bull Racing",3,"Dry",NA,9,4,3,2,4,3,3,3,5
610,"PER",51,11,82.86,"MEDIUM","Red Bull Racing",3,"Dry",NA,9,4,3,2,4,3,3,3,5
611,"PER",52,11,82.917,"MEDIUM","Red Bull Racing",3,"Dry",NA,9,4,3,2,4,3,3,3,5
612,"PER",53,11,82.295,"MEDIUM","Red Bull Racing",3,"Dry",NA,9,4,3,2,4,3,3,3,5
613,"PER",54,11,82.41,"MEDIUM","Red Bull Racing",3,"Dry",NA,9,4,3,2,4,3,3,3,5
614,"PER",55,11,82.473,"MEDIUM","Red Bull Racing",3,"Dry",NA,9,4,3,2,4,3,3,3,5
615,"PER",56,11,83.506,"MEDIUM","Red Bull Racing",3,"Dry",NA,9,4,3,2,4,3,3,3,5
616,"PER",57,11,82.484,"MEDIUM","Red Bull Racing",3,"Dry",NA,9,4,3,2,4,3,3,3,5
617,"PER",58,11,82.313,"MEDIUM","Red Bull Racing",3,"Dry",NA,9,4,3,2,4,3,3,3,5
618,"PER",59,11,82.57,"MEDIUM","Red Bull Racing",3,"Dry",NA,9,4,3,2,4,3,3,3,5
619,"PER",60,11,83.095,"MEDIUM","Red Bull Racing",3,"Dry",NA,9,4,3,2,4,3,3,3,5
620,"PER",61,11,83.862,"MEDIUM","Red Bull Racing",3,"Dry",NA,9,4,3,2,4,3,3,3,5
621,"PER",62,11,83.671,"MEDIUM","Red Bull Racing",3,"Dry",NA,9,4,3,2,4,3,3,3,5
622,"PER",63,11,83.813,"MEDIUM","Red Bull Racing",3,"Dry",NA,9,4,3,2,4,3,3,3,5
623,"PER",64,11,83.204,"MEDIUM","Red Bull Racing",3,"Dry",NA,9,4,3,2,4,3,3,3,5
624,"PER",65,11,83.932,"MEDIUM","Red Bull Racing",3,"Dry",NA,9,4,3,2,4,3,3,3,5
625,"PER",66,11,83.155,"MEDIUM","Red Bull Racing",3,"Dry",NA,9,4,3,2,4,3,3,3,5
626,"PER",67,11,82.945,"MEDIUM","Red Bull Racing",3,"Dry",NA,9,4,3,2,4,3,3,3,5
627,"PER",68,11,82.603,"MEDIUM","Red Bull Racing",3,"Dry",NA,9,4,3,2,4,3,3,3,5
628,"PER",69,11,82.579,"MEDIUM","Red Bull Racing",3,"Dry",NA,9,4,3,2,4,3,3,3,5
629,"PER",70,11,83.533,"MEDIUM","Red Bull Racing",3,"Dry",NA,9,4,3,2,4,3,3,3,5
630,"PIA",1,81,88.684,"MEDIUM","McLaren",2,"Dry",NA,4,4,3,2,4,3,3,3,5
631,"PIA",2,81,85.617,"MEDIUM","McLaren",2,"Dry",NA,4,4,3,2,4,3,3,3,5
632,"PIA",3,81,85.115,"MEDIUM","McLaren",2,"Dry",NA,4,4,3,2,4,3,3,3,5
633,"PIA",4,81,84.885,"MEDIUM","McLaren",2,"Dry",NA,4,4,3,2,4,3,3,3,5
634,"PIA",5,81,84.927,"MEDIUM","McLaren",2,"Dry",NA,4,4,3,2,4,3,3,3,5
635,"PIA",6,81,84.841,"MEDIUM","McLaren",2,"Dry",NA,4,4,3,2,4,3,3,3,5
636,"PIA",7,81,84.92,"MEDIUM","McLaren",2,"Dry",NA,4,4,3,2,4,3,3,3,5
637,"PIA",8,81,84.751,"MEDIUM","McLaren",2,"Dry",NA,4,4,3,2,4,3,3,3,5
638,"PIA",9,81,84.98,"MEDIUM","McLaren",2,"Dry",NA,4,4,3,2,4,3,3,3,5
639,"PIA",10,81,84.729,"MEDIUM","McLaren",2,"Dry",NA,4,4,3,2,4,3,3,3,5
640,"PIA",11,81,85.086,"MEDIUM","McLaren",2,"Dry",NA,4,4,3,2,4,3,3,3,5
641,"PIA",12,81,85.008,"MEDIUM","McLaren",2,"Dry",NA,4,4,3,2,4,3,3,3,5
642,"PIA",13,81,84.775,"MEDIUM","McLaren",2,"Dry",NA,4,4,3,2,4,3,3,3,5
643,"PIA",14,81,85.162,"MEDIUM","McLaren",2,"Dry",NA,4,4,3,2,4,3,3,3,5
644,"PIA",15,81,85.013,"MEDIUM","McLaren",2,"Dry",NA,4,4,3,2,4,3,3,3,5
645,"PIA",16,81,85.039,"MEDIUM","McLaren",2,"Dry",NA,4,4,3,2,4,3,3,3,5
646,"PIA",17,81,84.819,"MEDIUM","McLaren",2,"Dry",NA,4,4,3,2,4,3,3,3,5
647,"PIA",18,81,87.253,"MEDIUM","McLaren",2,"Dry",NA,4,4,3,2,4,3,3,3,5
648,"PIA",19,81,102.563,"HARD","McLaren",5,"Dry",21.171,4,4,3,2,4,3,3,3,5
649,"PIA",20,81,84.494,"HARD","McLaren",5,"Dry",NA,4,4,3,2,4,3,3,3,5
650,"PIA",21,81,83.972,"HARD","McLaren",4,"Dry",NA,4,4,3,2,4,3,3,3,5
651,"PIA",22,81,83.891,"HARD","McLaren",4,"Dry",NA,4,4,3,2,4,3,3,3,5
652,"PIA",23,81,84.123,"HARD","McLaren",4,"Dry",NA,4,4,3,2,4,3,3,3,5
653,"PIA",24,81,84,"HARD","McLaren",4,"Dry",NA,4,4,3,2,4,3,3,3,5
654,"PIA",25,81,83.93,"HARD","McLaren",3,"Dry",NA,4,4,3,2,4,3,3,3,5
655,"PIA",26,81,83.876,"HARD","McLaren",3,"Dry",NA,4,4,3,2,4,3,3,3,5
656,"PIA",27,81,84.279,"HARD","McLaren",3,"Dry",NA,4,4,3,2,4,3,3,3,5
657,"PIA",28,81,84.539,"HARD","McLaren",3,"Dry",NA,4,4,3,2,4,3,3,3,5
658,"PIA",29,81,84.778,"HARD","McLaren",3,"Dry",NA,4,4,3,2,4,3,3,3,5
659,"PIA",30,81,84.473,"HARD","McLaren",3,"Dry",NA,4,4,3,2,4,3,3,3,5
660,"PIA",31,81,84.573,"HARD","McLaren",3,"Dry",NA,4,4,3,2,4,3,3,3,5
661,"PIA",32,81,84.769,"HARD","McLaren",3,"Dry",NA,4,4,3,2,4,3,3,3,5
662,"PIA",33,81,84.768,"HARD","McLaren",3,"Dry",NA,4,4,3,2,4,3,3,3,5
663,"PIA",34,81,84.727,"HARD","McLaren",3,"Dry",NA,4,4,3,2,4,3,3,3,5
664,"PIA",35,81,84.572,"HARD","McLaren",3,"Dry",NA,4,4,3,2,4,3,3,3,5
665,"PIA",36,81,84.429,"HARD","McLaren",3,"Dry",NA,4,4,3,2,4,3,3,3,5
666,"PIA",37,81,84.531,"HARD","McLaren",3,"Dry",NA,4,4,3,2,4,3,3,3,5
667,"PIA",38,81,84.719,"HARD","McLaren",3,"Dry",NA,4,4,3,2,4,3,3,3,5
668,"PIA",39,81,84.701,"HARD","McLaren",3,"Dry",NA,4,4,3,2,4,3,3,3,5
669,"PIA",40,81,85.186,"HARD","McLaren",3,"Dry",NA,4,4,3,2,4,3,3,3,5
670,"PIA",41,81,85.165,"HARD","McLaren",3,"Dry",NA,4,4,3,2,4,3,3,3,5
671,"PIA",42,81,87.242,"HARD","McLaren",3,"Dry",NA,4,4,3,2,4,3,3,3,5
672,"PIA",43,81,102.043,"MEDIUM","McLaren",5,"Dry",22.03,4,4,3,2,4,3,3,3,5
673,"PIA",44,81,83.476,"MEDIUM","McLaren",4,"Dry",NA,4,4,3,2,4,3,3,3,5
674,"PIA",45,81,82.736,"MEDIUM","McLaren",4,"Dry",NA,4,4,3,2,4,3,3,3,5
675,"PIA",46,81,83.212,"MEDIUM","McLaren",4,"Dry",NA,4,4,3,2,4,3,3,3,5
676,"PIA",47,81,85.169,"MEDIUM","McLaren",5,"Dry",NA,4,4,3,2,4,3,3,3,5
677,"PIA",48,81,84.516,"MEDIUM","McLaren",5,"Dry",NA,4,4,3,2,4,3,3,3,5
678,"PIA",49,81,83.401,"MEDIUM","McLaren",5,"Dry",NA,4,4,3,2,4,3,3,3,5
679,"PIA",50,81,83.15,"MEDIUM","McLaren",4,"Dry",NA,4,4,3,2,4,3,3,3,5
680,"PIA",51,81,83.305,"MEDIUM","McLaren",4,"Dry",NA,4,4,3,2,4,3,3,3,5
681,"PIA",52,81,83.456,"MEDIUM","McLaren",4,"Dry",NA,4,4,3,2,4,3,3,3,5
682,"PIA",53,81,83.458,"MEDIUM","McLaren",4,"Dry",NA,4,4,3,2,4,3,3,3,5
683,"PIA",54,81,83.288,"MEDIUM","McLaren",4,"Dry",NA,4,4,3,2,4,3,3,3,5
684,"PIA",55,81,83.782,"MEDIUM","McLaren",4,"Dry",NA,4,4,3,2,4,3,3,3,5
685,"PIA",56,81,83.914,"MEDIUM","McLaren",4,"Dry",NA,4,4,3,2,4,3,3,3,5
686,"PIA",57,81,85.347,"MEDIUM","McLaren",5,"Dry",NA,4,4,3,2,4,3,3,3,5
687,"PIA",58,81,84.464,"MEDIUM","McLaren",5,"Dry",NA,4,4,3,2,4,3,3,3,5
688,"PIA",59,81,83.748,"MEDIUM","McLaren",5,"Dry",NA,4,4,3,2,4,3,3,3,5
689,"PIA",60,81,83.653,"MEDIUM","McLaren",5,"Dry",NA,4,4,3,2,4,3,3,3,5
690,"PIA",61,81,83.747,"MEDIUM","McLaren",5,"Dry",NA,4,4,3,2,4,3,3,3,5
691,"PIA",62,81,83.802,"MEDIUM","McLaren",5,"Dry",NA,4,4,3,2,4,3,3,3,5
692,"PIA",63,81,83.895,"MEDIUM","McLaren",5,"Dry",NA,4,4,3,2,4,3,3,3,5
693,"PIA",64,81,83.815,"MEDIUM","McLaren",5,"Dry",NA,4,4,3,2,4,3,3,3,5
694,"PIA",65,81,83.991,"MEDIUM","McLaren",5,"Dry",NA,4,4,3,2,4,3,3,3,5
695,"PIA",66,81,83.787,"MEDIUM","McLaren",5,"Dry",NA,4,4,3,2,4,3,3,3,5
696,"PIA",67,81,84.053,"MEDIUM","McLaren",5,"Dry",NA,4,4,3,2,4,3,3,3,5
697,"PIA",68,81,85.152,"MEDIUM","McLaren",5,"Dry",NA,4,4,3,2,4,3,3,3,5
698,"PIA",69,81,84.439,"MEDIUM","McLaren",5,"Dry",NA,4,4,3,2,4,3,3,3,5
699,"PIA",70,81,84.503,"MEDIUM","McLaren",5,"Dry",NA,4,4,3,2,4,3,3,3,5
700,"RIC",1,3,98.117,"MEDIUM","AlphaTauri",18,"Dry",NA,13,4,3,2,4,3,3,3,5
701,"RIC",2,3,87.898,"MEDIUM","AlphaTauri",18,"Dry",NA,13,4,3,2,4,3,3,3,5
702,"RIC",3,3,86.878,"MEDIUM","AlphaTauri",18,"Dry",NA,13,4,3,2,4,3,3,3,5
703,"RIC",4,3,86.633,"MEDIUM","AlphaTauri",18,"Dry",NA,13,4,3,2,4,3,3,3,5
704,"RIC",5,3,86.236,"MEDIUM","AlphaTauri",18,"Dry",NA,13,4,3,2,4,3,3,3,5
705,"RIC",6,3,86.201,"MEDIUM","AlphaTauri",18,"Dry",NA,13,4,3,2,4,3,3,3,5
706,"RIC",7,3,86.073,"MEDIUM","AlphaTauri",18,"Dry",NA,13,4,3,2,4,3,3,3,5
707,"RIC",8,3,86.399,"MEDIUM","AlphaTauri",18,"Dry",NA,13,4,3,2,4,3,3,3,5
708,"RIC",9,3,85.915,"MEDIUM","AlphaTauri",17,"Dry",NA,13,4,3,2,4,3,3,3,5
709,"RIC",10,3,86.198,"MEDIUM","AlphaTauri",14,"Dry",NA,13,4,3,2,4,3,3,3,5
710,"RIC",11,3,86.003,"MEDIUM","AlphaTauri",13,"Dry",NA,13,4,3,2,4,3,3,3,5
711,"RIC",12,3,85.791,"MEDIUM","AlphaTauri",13,"Dry",NA,13,4,3,2,4,3,3,3,5
712,"RIC",13,3,85.837,"MEDIUM","AlphaTauri",12,"Dry",NA,13,4,3,2,4,3,3,3,5
713,"RIC",14,3,85.507,"MEDIUM","AlphaTauri",11,"Dry",NA,13,4,3,2,4,3,3,3,5
714,"RIC",15,3,85.398,"MEDIUM","AlphaTauri",11,"Dry",NA,13,4,3,2,4,3,3,3,5
715,"RIC",16,3,85.233,"MEDIUM","AlphaTauri",10,"Dry",NA,13,4,3,2,4,3,3,3,5
716,"RIC",17,3,86.996,"MEDIUM","AlphaTauri",9,"Dry",NA,13,4,3,2,4,3,3,3,5
717,"RIC",18,3,88.95,"MEDIUM","AlphaTauri",9,"Dry",NA,13,4,3,2,4,3,3,3,5
718,"RIC",19,3,104.503,"HARD","AlphaTauri",18,"Dry",21.958,13,4,3,2,4,3,3,3,5
719,"RIC",20,3,84.86,"HARD","AlphaTauri",18,"Dry",NA,13,4,3,2,4,3,3,3,5
720,"RIC",21,3,85.133,"HARD","AlphaTauri",18,"Dry",NA,13,4,3,2,4,3,3,3,5
721,"RIC",22,3,85.013,"HARD","AlphaTauri",18,"Dry",NA,13,4,3,2,4,3,3,3,5
722,"RIC",23,3,85.462,"HARD","AlphaTauri",18,"Dry",NA,13,4,3,2,4,3,3,3,5
723,"RIC",24,3,85.348,"HARD","AlphaTauri",18,"Dry",NA,13,4,3,2,4,3,3,3,5
724,"RIC",25,3,85.674,"HARD","AlphaTauri",18,"Dry",NA,13,4,3,2,4,3,3,3,5
725,"RIC",26,3,86.209,"HARD","AlphaTauri",18,"Dry",NA,13,4,3,2,4,3,3,3,5
726,"RIC",27,3,86.086,"HARD","AlphaTauri",18,"Dry",NA,13,4,3,2,4,3,3,3,5
727,"RIC",28,3,85.844,"HARD","AlphaTauri",18,"Dry",NA,13,4,3,2,4,3,3,3,5
728,"RIC",29,3,88.347,"HARD","AlphaTauri",18,"Dry",NA,13,4,3,2,4,3,3,3,5
729,"RIC",30,3,102.809,"MEDIUM","AlphaTauri",18,"Dry",22.203,13,4,3,2,4,3,3,3,5
730,"RIC",31,3,84.161,"MEDIUM","AlphaTauri",18,"Dry",NA,13,4,3,2,4,3,3,3,5
731,"RIC",32,3,84.195,"MEDIUM","AlphaTauri",18,"Dry",NA,13,4,3,2,4,3,3,3,5
732,"RIC",33,3,84.346,"MEDIUM","AlphaTauri",18,"Dry",NA,13,4,3,2,4,3,3,3,5
733,"RIC",34,3,84.031,"MEDIUM","AlphaTauri",18,"Dry",NA,13,4,3,2,4,3,3,3,5
734,"RIC",35,3,86.798,"MEDIUM","AlphaTauri",17,"Dry",NA,13,4,3,2,4,3,3,3,5
735,"RIC",36,3,84.214,"MEDIUM","AlphaTauri",17,"Dry",NA,13,4,3,2,4,3,3,3,5
736,"RIC",37,3,84.219,"MEDIUM","AlphaTauri",17,"Dry",NA,13,4,3,2,4,3,3,3,5
737,"RIC",38,3,84.25,"MEDIUM","AlphaTauri",17,"Dry",NA,13,4,3,2,4,3,3,3,5
738,"RIC",39,3,84.27,"MEDIUM","AlphaTauri",15,"Dry",NA,13,4,3,2,4,3,3,3,5
739,"RIC",40,3,84.089,"MEDIUM","AlphaTauri",14,"Dry",NA,13,4,3,2,4,3,3,3,5
740,"RIC",41,3,84.752,"MEDIUM","AlphaTauri",14,"Dry",NA,13,4,3,2,4,3,3,3,5
741,"RIC",42,3,84.542,"MEDIUM","AlphaTauri",14,"Dry",NA,13,4,3,2,4,3,3,3,5
742,"RIC",43,3,84.252,"MEDIUM","AlphaTauri",14,"Dry",NA,13,4,3,2,4,3,3,3,5
743,"RIC",44,3,84.439,"MEDIUM","AlphaTauri",14,"Dry",NA,13,4,3,2,4,3,3,3,5
744,"RIC",45,3,84.219,"MEDIUM","AlphaTauri",13,"Dry",NA,13,4,3,2,4,3,3,3,5
745,"RIC",46,3,84.235,"MEDIUM","AlphaTauri",13,"Dry",NA,13,4,3,2,4,3,3,3,5
746,"RIC",47,3,84.429,"MEDIUM","AlphaTauri",13,"Dry",NA,13,4,3,2,4,3,3,3,5
747,"RIC",48,3,84.496,"MEDIUM","AlphaTauri",13,"Dry",NA,13,4,3,2,4,3,3,3,5
748,"RIC",49,3,84.097,"MEDIUM","AlphaTauri",13,"Dry",NA,13,4,3,2,4,3,3,3,5
749,"RIC",50,3,84.302,"MEDIUM","AlphaTauri",13,"Dry",NA,13,4,3,2,4,3,3,3,5
750,"RIC",51,3,84.112,"MEDIUM","AlphaTauri",13,"Dry",NA,13,4,3,2,4,3,3,3,5
751,"RIC",52,3,84.419,"MEDIUM","AlphaTauri",13,"Dry",NA,13,4,3,2,4,3,3,3,5
752,"RIC",53,3,84.201,"MEDIUM","AlphaTauri",13,"Dry",NA,13,4,3,2,4,3,3,3,5
753,"RIC",54,3,83.991,"MEDIUM","AlphaTauri",13,"Dry",NA,13,4,3,2,4,3,3,3,5
754,"RIC",55,3,84.353,"MEDIUM","AlphaTauri",13,"Dry",NA,13,4,3,2,4,3,3,3,5
755,"RIC",56,3,86.761,"MEDIUM","AlphaTauri",13,"Dry",NA,13,4,3,2,4,3,3,3,5
756,"RIC",57,3,84.113,"MEDIUM","AlphaTauri",13,"Dry",NA,13,4,3,2,4,3,3,3,5
757,"RIC",58,3,84.161,"MEDIUM","AlphaTauri",13,"Dry",NA,13,4,3,2,4,3,3,3,5
758,"RIC",59,3,84.09,"MEDIUM","AlphaTauri",13,"Dry",NA,13,4,3,2,4,3,3,3,5
759,"RIC",60,3,84.413,"MEDIUM","AlphaTauri",13,"Dry",NA,13,4,3,2,4,3,3,3,5
760,"RIC",61,3,84.532,"MEDIUM","AlphaTauri",13,"Dry",NA,13,4,3,2,4,3,3,3,5
761,"RIC",62,3,84.198,"MEDIUM","AlphaTauri",13,"Dry",NA,13,4,3,2,4,3,3,3,5
762,"RIC",63,3,84.171,"MEDIUM","AlphaTauri",13,"Dry",NA,13,4,3,2,4,3,3,3,5
763,"RIC",64,3,84.132,"MEDIUM","AlphaTauri",13,"Dry",NA,13,4,3,2,4,3,3,3,5
764,"RIC",65,3,84.123,"MEDIUM","AlphaTauri",13,"Dry",NA,13,4,3,2,4,3,3,3,5
765,"RIC",66,3,83.968,"MEDIUM","AlphaTauri",13,"Dry",NA,13,4,3,2,4,3,3,3,5
766,"RIC",67,3,83.934,"MEDIUM","AlphaTauri",13,"Dry",NA,13,4,3,2,4,3,3,3,5
767,"RIC",68,3,84.059,"MEDIUM","AlphaTauri",13,"Dry",NA,13,4,3,2,4,3,3,3,5
768,"RIC",69,3,87.273,"MEDIUM","AlphaTauri",13,"Dry",NA,13,4,3,2,4,3,3,3,5
769,"RUS",1,63,96.022,"HARD","Mercedes",14,"Dry",NA,18,4,3,2,4,3,3,3,5
770,"RUS",2,63,86.772,"HARD","Mercedes",13,"Dry",NA,18,4,3,2,4,3,3,3,5
771,"RUS",3,63,86.837,"HARD","Mercedes",13,"Dry",NA,18,4,3,2,4,3,3,3,5
772,"RUS",4,63,85.938,"HARD","Mercedes",13,"Dry",NA,18,4,3,2,4,3,3,3,5
773,"RUS",5,63,86.101,"HARD","Mercedes",13,"Dry",NA,18,4,3,2,4,3,3,3,5
774,"RUS",6,63,85.839,"HARD","Mercedes",13,"Dry",NA,18,4,3,2,4,3,3,3,5
775,"RUS",7,63,85.84,"HARD","Mercedes",13,"Dry",NA,18,4,3,2,4,3,3,3,5
776,"RUS",8,63,86.063,"HARD","Mercedes",13,"Dry",NA,18,4,3,2,4,3,3,3,5
777,"RUS",9,63,86.266,"HARD","Mercedes",10,"Dry",NA,18,4,3,2,4,3,3,3,5
778,"RUS",10,63,85.234,"HARD","Mercedes",10,"Dry",NA,18,4,3,2,4,3,3,3,5
779,"RUS",11,63,85.695,"HARD","Mercedes",10,"Dry",NA,18,4,3,2,4,3,3,3,5
780,"RUS",12,63,85.996,"HARD","Mercedes",10,"Dry",NA,18,4,3,2,4,3,3,3,5
781,"RUS",13,63,85.968,"HARD","Mercedes",10,"Dry",NA,18,4,3,2,4,3,3,3,5
782,"RUS",14,63,85.846,"HARD","Mercedes",10,"Dry",NA,18,4,3,2,4,3,3,3,5
783,"RUS",15,63,85.76,"HARD","Mercedes",10,"Dry",NA,18,4,3,2,4,3,3,3,5
784,"RUS",16,63,85.268,"HARD","Mercedes",8,"Dry",NA,18,4,3,2,4,3,3,3,5
785,"RUS",17,63,85.215,"HARD","Mercedes",7,"Dry",NA,18,4,3,2,4,3,3,3,5
786,"RUS",18,63,85.925,"HARD","Mercedes",6,"Dry",NA,18,4,3,2,4,3,3,3,5
787,"RUS",19,63,85.423,"HARD","Mercedes",6,"Dry",NA,18,4,3,2,4,3,3,3,5
788,"RUS",20,63,85.267,"HARD","Mercedes",6,"Dry",NA,18,4,3,2,4,3,3,3,5
789,"RUS",21,63,85.405,"HARD","Mercedes",5,"Dry",NA,18,4,3,2,4,3,3,3,5
790,"RUS",22,63,85.328,"HARD","Mercedes",5,"Dry",NA,18,4,3,2,4,3,3,3,5
791,"RUS",23,63,85.262,"HARD","Mercedes",5,"Dry",NA,18,4,3,2,4,3,3,3,5
792,"RUS",24,63,85.017,"HARD","Mercedes",5,"Dry",NA,18,4,3,2,4,3,3,3,5
793,"RUS",25,63,87.622,"HARD","Mercedes",5,"Dry",NA,18,4,3,2,4,3,3,3,5
794,"RUS",26,63,85.561,"HARD","Mercedes",5,"Dry",NA,18,4,3,2,4,3,3,3,5
795,"RUS",27,63,85.798,"HARD","Mercedes",5,"Dry",NA,18,4,3,2,4,3,3,3,5
796,"RUS",28,63,89.289,"HARD","Mercedes",8,"Dry",NA,18,4,3,2,4,3,3,3,5
797,"RUS",29,63,103.607,"MEDIUM","Mercedes",14,"Dry",21.886,18,4,3,2,4,3,3,3,5
798,"RUS",30,63,84.376,"MEDIUM","Mercedes",13,"Dry",NA,18,4,3,2,4,3,3,3,5
799,"RUS",31,63,83.24,"MEDIUM","Mercedes",11,"Dry",NA,18,4,3,2,4,3,3,3,5
800,"RUS",32,63,83.014,"MEDIUM","Mercedes",11,"Dry",NA,18,4,3,2,4,3,3,3,5
801,"RUS",33,63,83.74,"MEDIUM","Mercedes",11,"Dry",NA,18,4,3,2,4,3,3,3,5
802,"RUS",34,63,84.392,"MEDIUM","Mercedes",11,"Dry",NA,18,4,3,2,4,3,3,3,5
803,"RUS",35,63,83.628,"MEDIUM","Mercedes",9,"Dry",NA,18,4,3,2,4,3,3,3,5
804,"RUS",36,63,83.573,"MEDIUM","Mercedes",9,"Dry",NA,18,4,3,2,4,3,3,3,5
805,"RUS",37,63,83.605,"MEDIUM","Mercedes",9,"Dry",NA,18,4,3,2,4,3,3,3,5
806,"RUS",38,63,83.861,"MEDIUM","Mercedes",9,"Dry",NA,18,4,3,2,4,3,3,3,5
807,"RUS",39,63,83.957,"MEDIUM","Mercedes",9,"Dry",NA,18,4,3,2,4,3,3,3,5
808,"RUS",40,63,83.9,"MEDIUM","Mercedes",9,"Dry",NA,18,4,3,2,4,3,3,3,5
809,"RUS",41,63,84.15,"MEDIUM","Mercedes",9,"Dry",NA,18,4,3,2,4,3,3,3,5
810,"RUS",42,63,84.122,"MEDIUM","Mercedes",9,"Dry",NA,18,4,3,2,4,3,3,3,5
811,"RUS",43,63,83.697,"MEDIUM","Mercedes",8,"Dry",NA,18,4,3,2,4,3,3,3,5
812,"RUS",44,63,83.289,"MEDIUM","Mercedes",7,"Dry",NA,18,4,3,2,4,3,3,3,5
813,"RUS",45,63,83.485,"MEDIUM","Mercedes",6,"Dry",NA,18,4,3,2,4,3,3,3,5
814,"RUS",46,63,85.421,"MEDIUM","Mercedes",6,"Dry",NA,18,4,3,2,4,3,3,3,5
815,"RUS",47,63,99.96,"MEDIUM","Mercedes",8,"Dry",21.675,18,4,3,2,4,3,3,3,5
816,"RUS",48,63,82.158,"MEDIUM","Mercedes",8,"Dry",NA,18,4,3,2,4,3,3,3,5
817,"RUS",49,63,82.579,"MEDIUM","Mercedes",8,"Dry",NA,18,4,3,2,4,3,3,3,5
818,"RUS",50,63,82.338,"MEDIUM","Mercedes",8,"Dry",NA,18,4,3,2,4,3,3,3,5
819,"RUS",51,63,82.351,"MEDIUM","Mercedes",8,"Dry",NA,18,4,3,2,4,3,3,3,5
820,"RUS",52,63,82.606,"MEDIUM","Mercedes",8,"Dry",NA,18,4,3,2,4,3,3,3,5
821,"RUS",53,63,82.628,"MEDIUM","Mercedes",8,"Dry",NA,18,4,3,2,4,3,3,3,5
822,"RUS",54,63,82.657,"MEDIUM","Mercedes",8,"Dry",NA,18,4,3,2,4,3,3,3,5
823,"RUS",55,63,82.918,"MEDIUM","Mercedes",8,"Dry",NA,18,4,3,2,4,3,3,3,5
824,"RUS",56,63,82.83,"MEDIUM","Mercedes",8,"Dry",NA,18,4,3,2,4,3,3,3,5
825,"RUS",57,63,83.211,"MEDIUM","Mercedes",8,"Dry",NA,18,4,3,2,4,3,3,3,5
826,"RUS",58,63,83.58,"MEDIUM","Mercedes",8,"Dry",NA,18,4,3,2,4,3,3,3,5
827,"RUS",59,63,83.295,"MEDIUM","Mercedes",8,"Dry",NA,18,4,3,2,4,3,3,3,5
828,"RUS",60,63,83.49,"MEDIUM","Mercedes",8,"Dry",NA,18,4,3,2,4,3,3,3,5
829,"RUS",61,63,83.631,"MEDIUM","Mercedes",8,"Dry",NA,18,4,3,2,4,3,3,3,5
830,"RUS",62,63,83.328,"MEDIUM","Mercedes",8,"Dry",NA,18,4,3,2,4,3,3,3,5
831,"RUS",63,63,82.957,"MEDIUM","Mercedes",8,"Dry",NA,18,4,3,2,4,3,3,3,5
832,"RUS",64,63,83.723,"MEDIUM","Mercedes",8,"Dry",NA,18,4,3,2,4,3,3,3,5
833,"RUS",65,63,82.954,"MEDIUM","Mercedes",7,"Dry",NA,18,4,3,2,4,3,3,3,5
834,"RUS",66,63,82.709,"MEDIUM","Mercedes",7,"Dry",NA,18,4,3,2,4,3,3,3,5
835,"RUS",67,63,82.579,"MEDIUM","Mercedes",7,"Dry",NA,18,4,3,2,4,3,3,3,5
836,"RUS",68,63,83.117,"MEDIUM","Mercedes",7,"Dry",NA,18,4,3,2,4,3,3,3,5
837,"RUS",69,63,82.992,"MEDIUM","Mercedes",7,"Dry",NA,18,4,3,2,4,3,3,3,5
838,"RUS",70,63,84.254,"MEDIUM","Mercedes",7,"Dry",NA,18,4,3,2,4,3,3,3,5
839,"SAI",1,55,91.784,"SOFT","Ferrari",6,"Dry",NA,11,4,3,2,4,3,3,3,5
840,"SAI",2,55,86.23,"SOFT","Ferrari",6,"Dry",NA,11,4,3,2,4,3,3,3,5
841,"SAI",3,55,86.062,"SOFT","Ferrari",6,"Dry",NA,11,4,3,2,4,3,3,3,5
842,"SAI",4,55,85.316,"SOFT","Ferrari",6,"Dry",NA,11,4,3,2,4,3,3,3,5
843,"SAI",5,55,85.339,"SOFT","Ferrari",6,"Dry",NA,11,4,3,2,4,3,3,3,5
844,"SAI",6,55,85.416,"SOFT","Ferrari",6,"Dry",NA,11,4,3,2,4,3,3,3,5
845,"SAI",7,55,85.662,"SOFT","Ferrari",6,"Dry",NA,11,4,3,2,4,3,3,3,5
846,"SAI",8,55,85.662,"SOFT","Ferrari",6,"Dry",NA,11,4,3,2,4,3,3,3,5
847,"SAI",9,55,85.607,"SOFT","Ferrari",6,"Dry",NA,11,4,3,2,4,3,3,3,5
848,"SAI",10,55,85.254,"SOFT","Ferrari",6,"Dry",NA,11,4,3,2,4,3,3,3,5
849,"SAI",11,55,85.543,"SOFT","Ferrari",6,"Dry",NA,11,4,3,2,4,3,3,3,5
850,"SAI",12,55,85.366,"SOFT","Ferrari",6,"Dry",NA,11,4,3,2,4,3,3,3,5
851,"SAI",13,55,85.552,"SOFT","Ferrari",6,"Dry",NA,11,4,3,2,4,3,3,3,5
852,"SAI",14,55,85.634,"SOFT","Ferrari",6,"Dry",NA,11,4,3,2,4,3,3,3,5
853,"SAI",15,55,88.509,"SOFT","Ferrari",7,"Dry",NA,11,4,3,2,4,3,3,3,5
854,"SAI",16,55,102.604,"HARD","Ferrari",11,"Dry",21.402,11,4,3,2,4,3,3,3,5
855,"SAI",17,55,84.429,"HARD","Ferrari",10,"Dry",NA,11,4,3,2,4,3,3,3,5
856,"SAI",18,55,84.966,"HARD","Ferrari",8,"Dry",NA,11,4,3,2,4,3,3,3,5
857,"SAI",19,55,84.793,"HARD","Ferrari",8,"Dry",NA,11,4,3,2,4,3,3,3,5
858,"SAI",20,55,84.508,"HARD","Ferrari",8,"Dry",NA,11,4,3,2,4,3,3,3,5
859,"SAI",21,55,84.506,"HARD","Ferrari",7,"Dry",NA,11,4,3,2,4,3,3,3,5
860,"SAI",22,55,84.667,"HARD","Ferrari",7,"Dry",NA,11,4,3,2,4,3,3,3,5
861,"SAI",23,55,84.425,"HARD","Ferrari",7,"Dry",NA,11,4,3,2,4,3,3,3,5
862,"SAI",24,55,84.363,"HARD","Ferrari",7,"Dry",NA,11,4,3,2,4,3,3,3,5
863,"SAI",25,55,84.843,"HARD","Ferrari",6,"Dry",NA,11,4,3,2,4,3,3,3,5
864,"SAI",26,55,85.196,"HARD","Ferrari",6,"Dry",NA,11,4,3,2,4,3,3,3,5
865,"SAI",27,55,87.079,"HARD","Ferrari",7,"Dry",NA,11,4,3,2,4,3,3,3,5
866,"SAI",28,55,85.568,"HARD","Ferrari",6,"Dry",NA,11,4,3,2,4,3,3,3,5
867,"SAI",29,55,84.265,"HARD","Ferrari",6,"Dry",NA,11,4,3,2,4,3,3,3,5
868,"SAI",30,55,84.273,"HARD","Ferrari",6,"Dry",NA,11,4,3,2,4,3,3,3,5
869,"SAI",31,55,84.273,"HARD","Ferrari",6,"Dry",NA,11,4,3,2,4,3,3,3,5
870,"SAI",32,55,84.7,"HARD","Ferrari",6,"Dry",NA,11,4,3,2,4,3,3,3,5
871,"SAI",33,55,84.475,"HARD","Ferrari",6,"Dry",NA,11,4,3,2,4,3,3,3,5
872,"SAI",34,55,84.525,"HARD","Ferrari",6,"Dry",NA,11,4,3,2,4,3,3,3,5
873,"SAI",35,55,84.399,"HARD","Ferrari",6,"Dry",NA,11,4,3,2,4,3,3,3,5
874,"SAI",36,55,84.496,"HARD","Ferrari",6,"Dry",NA,11,4,3,2,4,3,3,3,5
875,"SAI",37,55,84.583,"HARD","Ferrari",6,"Dry",NA,11,4,3,2,4,3,3,3,5
876,"SAI",38,55,84.86,"HARD","Ferrari",6,"Dry",NA,11,4,3,2,4,3,3,3,5
877,"SAI",39,55,84.933,"HARD","Ferrari",6,"Dry",NA,11,4,3,2,4,3,3,3,5
878,"SAI",40,55,84.85,"HARD","Ferrari",6,"Dry",NA,11,4,3,2,4,3,3,3,5
879,"SAI",41,55,84.665,"HARD","Ferrari",6,"Dry",NA,11,4,3,2,4,3,3,3,5
880,"SAI",42,55,84.851,"HARD","Ferrari",6,"Dry",NA,11,4,3,2,4,3,3,3,5
881,"SAI",43,55,85.197,"HARD","Ferrari",4,"Dry",NA,11,4,3,2,4,3,3,3,5
882,"SAI",44,55,87.67,"HARD","Ferrari",6,"Dry",NA,11,4,3,2,4,3,3,3,5
883,"SAI",45,55,102.939,"HARD","Ferrari",8,"Dry",22.051,11,4,3,2,4,3,3,3,5
884,"SAI",46,55,83.297,"HARD","Ferrari",8,"Dry",NA,11,4,3,2,4,3,3,3,5
885,"SAI",47,55,83.183,"HARD","Ferrari",7,"Dry",NA,11,4,3,2,4,3,3,3,5
886,"SAI",48,55,83.096,"HARD","Ferrari",7,"Dry",NA,11,4,3,2,4,3,3,3,5
887,"SAI",49,55,82.888,"HARD","Ferrari",7,"Dry",NA,11,4,3,2,4,3,3,3,5
888,"SAI",50,55,82.777,"HARD","Ferrari",7,"Dry",NA,11,4,3,2,4,3,3,3,5
889,"SAI",51,55,82.718,"HARD","Ferrari",7,"Dry",NA,11,4,3,2,4,3,3,3,5
890,"SAI",52,55,82.661,"HARD","Ferrari",7,"Dry",NA,11,4,3,2,4,3,3,3,5
891,"SAI",53,55,82.807,"HARD","Ferrari",7,"Dry",NA,11,4,3,2,4,3,3,3,5
892,"SAI",54,55,82.584,"HARD","Ferrari",7,"Dry",NA,11,4,3,2,4,3,3,3,5
893,"SAI",55,55,82.835,"HARD","Ferrari",7,"Dry",NA,11,4,3,2,4,3,3,3,5
894,"SAI",56,55,82.845,"HARD","Ferrari",7,"Dry",NA,11,4,3,2,4,3,3,3,5
895,"SAI",57,55,83.36,"HARD","Ferrari",7,"Dry",NA,11,4,3,2,4,3,3,3,5
896,"SAI",58,55,83.604,"HARD","Ferrari",7,"Dry",NA,11,4,3,2,4,3,3,3,5
897,"SAI",59,55,83.203,"HARD","Ferrari",7,"Dry",NA,11,4,3,2,4,3,3,3,5
898,"SAI",60,55,83.706,"HARD","Ferrari",7,"Dry",NA,11,4,3,2,4,3,3,3,5
899,"SAI",61,55,83.505,"HARD","Ferrari",7,"Dry",NA,11,4,3,2,4,3,3,3,5
900,"SAI",62,55,83.712,"HARD","Ferrari",7,"Dry",NA,11,4,3,2,4,3,3,3,5
901,"SAI",63,55,83.842,"HARD","Ferrari",7,"Dry",NA,11,4,3,2,4,3,3,3,5
902,"SAI",64,55,84.291,"HARD","Ferrari",7,"Dry",NA,11,4,3,2,4,3,3,3,5
903,"SAI",65,55,85.399,"HARD","Ferrari",8,"Dry",NA,11,4,3,2,4,3,3,3,5
904,"SAI",66,55,83.917,"HARD","Ferrari",8,"Dry",NA,11,4,3,2,4,3,3,3,5
905,"SAI",67,55,83.51,"HARD","Ferrari",8,"Dry",NA,11,4,3,2,4,3,3,3,5
906,"SAI",68,55,83.51,"HARD","Ferrari",8,"Dry",NA,11,4,3,2,4,3,3,3,5
907,"SAI",69,55,83.443,"HARD","Ferrari",8,"Dry",NA,11,4,3,2,4,3,3,3,5
908,"SAI",70,55,84.177,"HARD","Ferrari",8,"Dry",NA,11,4,3,2,4,3,3,3,5
909,"SAR",1,2,97.428,"MEDIUM","Williams",17,"Dry",NA,20,4,3,2,4,3,3,3,5
910,"SAR",2,2,87.874,"MEDIUM","Williams",17,"Dry",NA,20,4,3,2,4,3,3,3,5
911,"SAR",3,2,86.826,"MEDIUM","Williams",17,"Dry",NA,20,4,3,2,4,3,3,3,5
912,"SAR",4,2,86.514,"MEDIUM","Williams",17,"Dry",NA,20,4,3,2,4,3,3,3,5
913,"SAR",5,2,86.413,"MEDIUM","Williams",17,"Dry",NA,20,4,3,2,4,3,3,3,5
914,"SAR",6,2,86.184,"MEDIUM","Williams",17,"Dry",NA,20,4,3,2,4,3,3,3,5
915,"SAR",7,2,86.102,"MEDIUM","Williams",17,"Dry",NA,20,4,3,2,4,3,3,3,5
916,"SAR",8,2,86.042,"MEDIUM","Williams",16,"Dry",NA,20,4,3,2,4,3,3,3,5
917,"SAR",9,2,86.047,"MEDIUM","Williams",16,"Dry",NA,20,4,3,2,4,3,3,3,5
918,"SAR",10,2,86.02,"MEDIUM","Williams",12,"Dry",NA,20,4,3,2,4,3,3,3,5
919,"SAR",11,2,85.62,"MEDIUM","Williams",12,"Dry",NA,20,4,3,2,4,3,3,3,5
920,"SAR",12,2,85.699,"MEDIUM","Williams",12,"Dry",NA,20,4,3,2,4,3,3,3,5
921,"SAR",13,2,88.197,"MEDIUM","Williams",13,"Dry",NA,20,4,3,2,4,3,3,3,5
922,"SAR",14,2,105.893,"HARD","Williams",18,"Dry",24.001,20,4,3,2,4,3,3,3,5
923,"SAR",15,2,85.2,"HARD","Williams",18,"Dry",NA,20,4,3,2,4,3,3,3,5
924,"SAR",16,2,85.241,"HARD","Williams",18,"Dry",NA,20,4,3,2,4,3,3,3,5
925,"SAR",17,2,85.235,"HARD","Williams",18,"Dry",NA,20,4,3,2,4,3,3,3,5
926,"SAR",18,2,85.31,"HARD","Williams",18,"Dry",NA,20,4,3,2,4,3,3,3,5
927,"SAR",19,2,85.199,"HARD","Williams",17,"Dry",NA,20,4,3,2,4,3,3,3,5
928,"SAR",20,2,84.883,"HARD","Williams",17,"Dry",NA,20,4,3,2,4,3,3,3,5
929,"SAR",21,2,85.668,"HARD","Williams",17,"Dry",NA,20,4,3,2,4,3,3,3,5
930,"SAR",22,2,85.999,"HARD","Williams",17,"Dry",NA,20,4,3,2,4,3,3,3,5
931,"SAR",23,2,85.749,"HARD","Williams",17,"Dry",NA,20,4,3,2,4,3,3,3,5
932,"SAR",24,2,86.1,"HARD","Williams",17,"Dry",NA,20,4,3,2,4,3,3,3,5
933,"SAR",25,2,85.92,"HARD","Williams",17,"Dry",NA,20,4,3,2,4,3,3,3,5
934,"SAR",26,2,86.1,"HARD","Williams",17,"Dry",NA,20,4,3,2,4,3,3,3,5
935,"SAR",27,2,86.187,"HARD","Williams",17,"Dry",NA,20,4,3,2,4,3,3,3,5
936,"SAR",28,2,86.131,"HARD","Williams",17,"Dry",NA,20,4,3,2,4,3,3,3,5
937,"SAR",29,2,85.998,"HARD","Williams",17,"Dry",NA,20,4,3,2,4,3,3,3,5
938,"SAR",30,2,86.346,"HARD","Williams",17,"Dry",NA,20,4,3,2,4,3,3,3,5
939,"SAR",31,2,86.21,"HARD","Williams",17,"Dry",NA,20,4,3,2,4,3,3,3,5
940,"SAR",32,2,86.343,"HARD","Williams",16,"Dry",NA,20,4,3,2,4,3,3,3,5
941,"SAR",33,2,86.21,"HARD","Williams",16,"Dry",NA,20,4,3,2,4,3,3,3,5
942,"SAR",34,2,88.983,"HARD","Williams",16,"Dry",NA,20,4,3,2,4,3,3,3,5
943,"SAR",35,2,102.497,"HARD","Williams",18,"Dry",22.197,20,4,3,2,4,3,3,3,5
944,"SAR",36,2,83.496,"HARD","Williams",18,"Dry",NA,20,4,3,2,4,3,3,3,5
945,"SAR",37,2,84.024,"HARD","Williams",18,"Dry",NA,20,4,3,2,4,3,3,3,5
946,"SAR",38,2,84.102,"HARD","Williams",18,"Dry",NA,20,4,3,2,4,3,3,3,5
947,"SAR",39,2,84.466,"HARD","Williams",17,"Dry",NA,20,4,3,2,4,3,3,3,5
948,"SAR",40,2,84.618,"HARD","Williams",17,"Dry",NA,20,4,3,2,4,3,3,3,5
949,"SAR",41,2,84.565,"HARD","Williams",16,"Dry",NA,20,4,3,2,4,3,3,3,5
950,"SAR",42,2,84.478,"HARD","Williams",16,"Dry",NA,20,4,3,2,4,3,3,3,5
951,"SAR",43,2,84.826,"HARD","Williams",16,"Dry",NA,20,4,3,2,4,3,3,3,5
952,"SAR",44,2,84.73,"HARD","Williams",16,"Dry",NA,20,4,3,2,4,3,3,3,5
953,"SAR",45,2,84.307,"HARD","Williams",15,"Dry",NA,20,4,3,2,4,3,3,3,5
954,"SAR",46,2,84.41,"HARD","Williams",15,"Dry",NA,20,4,3,2,4,3,3,3,5
955,"SAR",47,2,84.297,"HARD","Williams",15,"Dry",NA,20,4,3,2,4,3,3,3,5
956,"SAR",48,2,84.023,"HARD","Williams",15,"Dry",NA,20,4,3,2,4,3,3,3,5
957,"SAR",49,2,84.141,"HARD","Williams",15,"Dry",NA,20,4,3,2,4,3,3,3,5
958,"SAR",50,2,83.896,"HARD","Williams",15,"Dry",NA,20,4,3,2,4,3,3,3,5
959,"SAR",51,2,86.518,"HARD","Williams",15,"Dry",NA,20,4,3,2,4,3,3,3,5
960,"SAR",52,2,84.01,"HARD","Williams",15,"Dry",NA,20,4,3,2,4,3,3,3,5
961,"SAR",53,2,84.221,"HARD","Williams",15,"Dry",NA,20,4,3,2,4,3,3,3,5
962,"SAR",54,2,84.226,"HARD","Williams",15,"Dry",NA,20,4,3,2,4,3,3,3,5
963,"SAR",55,2,84.052,"HARD","Williams",15,"Dry",NA,20,4,3,2,4,3,3,3,5
964,"SAR",56,2,84.311,"HARD","Williams",15,"Dry",NA,20,4,3,2,4,3,3,3,5
965,"SAR",57,2,84.396,"HARD","Williams",15,"Dry",NA,20,4,3,2,4,3,3,3,5
966,"SAR",58,2,84.761,"HARD","Williams",15,"Dry",NA,20,4,3,2,4,3,3,3,5
967,"SAR",59,2,84.128,"HARD","Williams",15,"Dry",NA,20,4,3,2,4,3,3,3,5
968,"SAR",60,2,84.963,"HARD","Williams",15,"Dry",NA,20,4,3,2,4,3,3,3,5
969,"SAR",61,2,86.287,"HARD","Williams",15,"Dry",NA,20,4,3,2,4,3,3,3,5
970,"SAR",62,2,86.629,"HARD","Williams",15,"Dry",NA,20,4,3,2,4,3,3,3,5
971,"SAR",63,2,84.506,"HARD","Williams",15,"Dry",NA,20,4,3,2,4,3,3,3,5
972,"SAR",64,2,84.798,"HARD","Williams",15,"Dry",NA,20,4,3,2,4,3,3,3,5
973,"SAR",65,2,85.981,"HARD","Williams",15,"Dry",NA,20,4,3,2,4,3,3,3,5
974,"SAR",66,2,84.913,"HARD","Williams",15,"Dry",NA,20,4,3,2,4,3,3,3,5
975,"SAR",67,2,103.777,"HARD","Williams",17,"Dry",NA,20,4,3,2,4,3,3,3,5
976,"STR",1,18,94.105,"SOFT","Aston Martin",10,"Dry",NA,14,4,3,2,4,3,3,3,5
977,"STR",2,18,87.002,"SOFT","Aston Martin",10,"Dry",NA,14,4,3,2,4,3,3,3,5
978,"STR",3,18,86.258,"SOFT","Aston Martin",10,"Dry",NA,14,4,3,2,4,3,3,3,5
979,"STR",4,18,85.921,"SOFT","Aston Martin",10,"Dry",NA,14,4,3,2,4,3,3,3,5
980,"STR",5,18,85.922,"SOFT","Aston Martin",10,"Dry",NA,14,4,3,2,4,3,3,3,5
981,"STR",6,18,85.688,"SOFT","Aston Martin",10,"Dry",NA,14,4,3,2,4,3,3,3,5
982,"STR",7,18,85.746,"SOFT","Aston Martin",10,"Dry",NA,14,4,3,2,4,3,3,3,5
983,"STR",8,18,86.238,"SOFT","Aston Martin",10,"Dry",NA,14,4,3,2,4,3,3,3,5
984,"STR",9,18,88.932,"SOFT","Aston Martin",11,"Dry",NA,14,4,3,2,4,3,3,3,5
985,"STR",10,18,102.58,"HARD","Aston Martin",15,"Dry",21.91,14,4,3,2,4,3,3,3,5
986,"STR",11,18,84.831,"HARD","Aston Martin",14,"Dry",NA,14,4,3,2,4,3,3,3,5
987,"STR",12,18,84.859,"HARD","Aston Martin",14,"Dry",NA,14,4,3,2,4,3,3,3,5
988,"STR",13,18,84.619,"HARD","Aston Martin",14,"Dry",NA,14,4,3,2,4,3,3,3,5
989,"STR",14,18,84.61,"HARD","Aston Martin",13,"Dry",NA,14,4,3,2,4,3,3,3,5
990,"STR",15,18,84.815,"HARD","Aston Martin",12,"Dry",NA,14,4,3,2,4,3,3,3,5
991,"STR",16,18,85.512,"HARD","Aston Martin",12,"Dry",NA,14,4,3,2,4,3,3,3,5
992,"STR",17,18,84.862,"HARD","Aston Martin",11,"Dry",NA,14,4,3,2,4,3,3,3,5
993,"STR",18,18,85.158,"HARD","Aston Martin",10,"Dry",NA,14,4,3,2,4,3,3,3,5
994,"STR",19,18,85.054,"HARD","Aston Martin",9,"Dry",NA,14,4,3,2,4,3,3,3,5
995,"STR",20,18,86.372,"HARD","Aston Martin",10,"Dry",NA,14,4,3,2,4,3,3,3,5
996,"STR",21,18,85.433,"HARD","Aston Martin",9,"Dry",NA,14,4,3,2,4,3,3,3,5
997,"STR",22,18,85.042,"HARD","Aston Martin",9,"Dry",NA,14,4,3,2,4,3,3,3,5
998,"STR",23,18,85.408,"HARD","Aston Martin",9,"Dry",NA,14,4,3,2,4,3,3,3,5
999,"STR",24,18,85.133,"HARD","Aston Martin",9,"Dry",NA,14,4,3,2,4,3,3,3,5
1000,"STR",25,18,85.182,"HARD","Aston Martin",9,"Dry",NA,14,4,3,2,4,3,3,3,5
1001,"STR",26,18,85.128,"HARD","Aston Martin",9,"Dry",NA,14,4,3,2,4,3,3,3,5
1002,"STR",27,18,85.54,"HARD","Aston Martin",9,"Dry",NA,14,4,3,2,4,3,3,3,5
1003,"STR",28,18,85.51,"HARD","Aston Martin",9,"Dry",NA,14,4,3,2,4,3,3,3,5
1004,"STR",29,18,87.056,"HARD","Aston Martin",9,"Dry",NA,14,4,3,2,4,3,3,3,5
1005,"STR",30,18,85.675,"HARD","Aston Martin",9,"Dry",NA,14,4,3,2,4,3,3,3,5
1006,"STR",31,18,85.412,"HARD","Aston Martin",9,"Dry",NA,14,4,3,2,4,3,3,3,5
1007,"STR",32,18,85.371,"HARD","Aston Martin",9,"Dry",NA,14,4,3,2,4,3,3,3,5
1008,"STR",33,18,85.351,"HARD","Aston Martin",9,"Dry",NA,14,4,3,2,4,3,3,3,5
1009,"STR",34,18,87.872,"HARD","Aston Martin",9,"Dry",NA,14,4,3,2,4,3,3,3,5
1010,"STR",35,18,105.7,"HARD","Aston Martin",15,"Dry",22.403,14,4,3,2,4,3,3,3,5
1011,"STR",36,18,83.967,"HARD","Aston Martin",14,"Dry",NA,14,4,3,2,4,3,3,3,5
1012,"STR",37,18,84.265,"HARD","Aston Martin",14,"Dry",NA,14,4,3,2,4,3,3,3,5
1013,"STR",38,18,84.757,"HARD","Aston Martin",13,"Dry",NA,14,4,3,2,4,3,3,3,5
1014,"STR",39,18,83.898,"HARD","Aston Martin",12,"Dry",NA,14,4,3,2,4,3,3,3,5
1015,"STR",40,18,84.051,"HARD","Aston Martin",12,"Dry",NA,14,4,3,2,4,3,3,3,5
1016,"STR",41,18,84.046,"HARD","Aston Martin",11,"Dry",NA,14,4,3,2,4,3,3,3,5
1017,"STR",42,18,84.689,"HARD","Aston Martin",11,"Dry",NA,14,4,3,2,4,3,3,3,5
1018,"STR",43,18,83.65,"HARD","Aston Martin",10,"Dry",NA,14,4,3,2,4,3,3,3,5
1019,"STR",44,18,84.104,"HARD","Aston Martin",10,"Dry",NA,14,4,3,2,4,3,3,3,5
1020,"STR",45,18,83.877,"HARD","Aston Martin",10,"Dry",NA,14,4,3,2,4,3,3,3,5
1021,"STR",46,18,83.842,"HARD","Aston Martin",10,"Dry",NA,14,4,3,2,4,3,3,3,5
1022,"STR",47,18,84.233,"HARD","Aston Martin",10,"Dry",NA,14,4,3,2,4,3,3,3,5
1023,"STR",48,18,83.786,"HARD","Aston Martin",10,"Dry",NA,14,4,3,2,4,3,3,3,5
1024,"STR",49,18,83.763,"HARD","Aston Martin",10,"Dry",NA,14,4,3,2,4,3,3,3,5
1025,"STR",50,18,83.703,"HARD","Aston Martin",10,"Dry",NA,14,4,3,2,4,3,3,3,5
1026,"STR",51,18,83.479,"HARD","Aston Martin",10,"Dry",NA,14,4,3,2,4,3,3,3,5
1027,"STR",52,18,83.891,"HARD","Aston Martin",10,"Dry",NA,14,4,3,2,4,3,3,3,5
1028,"STR",53,18,83.8,"HARD","Aston Martin",10,"Dry",NA,14,4,3,2,4,3,3,3,5
1029,"STR",54,18,83.425,"HARD","Aston Martin",10,"Dry",NA,14,4,3,2,4,3,3,3,5
1030,"STR",55,18,84.07,"HARD","Aston Martin",10,"Dry",NA,14,4,3,2,4,3,3,3,5
1031,"STR",56,18,84.17,"HARD","Aston Martin",10,"Dry",NA,14,4,3,2,4,3,3,3,5
1032,"STR",57,18,83.855,"HARD","Aston Martin",10,"Dry",NA,14,4,3,2,4,3,3,3,5
1033,"STR",58,18,83.895,"HARD","Aston Martin",10,"Dry",NA,14,4,3,2,4,3,3,3,5
1034,"STR",59,18,83.783,"HARD","Aston Martin",10,"Dry",NA,14,4,3,2,4,3,3,3,5
1035,"STR",60,18,83.636,"HARD","Aston Martin",10,"Dry",NA,14,4,3,2,4,3,3,3,5
1036,"STR",61,18,84.035,"HARD","Aston Martin",10,"Dry",NA,14,4,3,2,4,3,3,3,5
1037,"STR",62,18,84.06,"HARD","Aston Martin",10,"Dry",NA,14,4,3,2,4,3,3,3,5
1038,"STR",63,18,84.125,"HARD","Aston Martin",10,"Dry",NA,14,4,3,2,4,3,3,3,5
1039,"STR",64,18,83.987,"HARD","Aston Martin",10,"Dry",NA,14,4,3,2,4,3,3,3,5
1040,"STR",65,18,86.512,"HARD","Aston Martin",10,"Dry",NA,14,4,3,2,4,3,3,3,5
1041,"STR",66,18,84.217,"HARD","Aston Martin",10,"Dry",NA,14,4,3,2,4,3,3,3,5
1042,"STR",67,18,84.207,"HARD","Aston Martin",10,"Dry",NA,14,4,3,2,4,3,3,3,5
1043,"STR",68,18,84.346,"HARD","Aston Martin",10,"Dry",NA,14,4,3,2,4,3,3,3,5
1044,"STR",69,18,85.228,"HARD","Aston Martin",10,"Dry",NA,14,4,3,2,4,3,3,3,5
1045,"TSU",1,22,94.83,"SOFT","AlphaTauri",11,"Dry",NA,17,4,3,2,4,3,3,3,5
1046,"TSU",2,22,87.017,"SOFT","AlphaTauri",11,"Dry",NA,17,4,3,2,4,3,3,3,5
1047,"TSU",3,22,86.373,"SOFT","AlphaTauri",11,"Dry",NA,17,4,3,2,4,3,3,3,5
1048,"TSU",4,22,85.806,"SOFT","AlphaTauri",11,"Dry",NA,17,4,3,2,4,3,3,3,5
1049,"TSU",5,22,85.986,"SOFT","AlphaTauri",11,"Dry",NA,17,4,3,2,4,3,3,3,5
1050,"TSU",6,22,85.674,"SOFT","AlphaTauri",11,"Dry",NA,17,4,3,2,4,3,3,3,5
1051,"TSU",7,22,85.798,"SOFT","AlphaTauri",11,"Dry",NA,17,4,3,2,4,3,3,3,5
1052,"TSU",8,22,86.156,"SOFT","AlphaTauri",11,"Dry",NA,17,4,3,2,4,3,3,3,5
1053,"TSU",9,22,88.862,"SOFT","AlphaTauri",12,"Dry",NA,17,4,3,2,4,3,3,3,5
1054,"TSU",10,22,108.197,"HARD","AlphaTauri",18,"Dry",26.17,17,4,3,2,4,3,3,3,5
1055,"TSU",11,22,84.738,"HARD","AlphaTauri",17,"Dry",NA,17,4,3,2,4,3,3,3,5
1056,"TSU",12,22,84.801,"HARD","AlphaTauri",17,"Dry",NA,17,4,3,2,4,3,3,3,5
1057,"TSU",13,22,85.061,"HARD","AlphaTauri",17,"Dry",NA,17,4,3,2,4,3,3,3,5
1058,"TSU",14,22,85.131,"HARD","AlphaTauri",16,"Dry",NA,17,4,3,2,4,3,3,3,5
1059,"TSU",15,22,85.046,"HARD","AlphaTauri",15,"Dry",NA,17,4,3,2,4,3,3,3,5
1060,"TSU",16,22,85.15,"HARD","AlphaTauri",15,"Dry",NA,17,4,3,2,4,3,3,3,5
1061,"TSU",17,22,85.438,"HARD","AlphaTauri",14,"Dry",NA,17,4,3,2,4,3,3,3,5
1062,"TSU",18,22,85.606,"HARD","AlphaTauri",14,"Dry",NA,17,4,3,2,4,3,3,3,5
1063,"TSU",19,22,85.519,"HARD","AlphaTauri",13,"Dry",NA,17,4,3,2,4,3,3,3,5
1064,"TSU",20,22,85.21,"HARD","AlphaTauri",13,"Dry",NA,17,4,3,2,4,3,3,3,5
1065,"TSU",21,22,85.639,"HARD","AlphaTauri",13,"Dry",NA,17,4,3,2,4,3,3,3,5
1066,"TSU",22,22,85.911,"HARD","AlphaTauri",13,"Dry",NA,17,4,3,2,4,3,3,3,5
1067,"TSU",23,22,85.908,"HARD","AlphaTauri",13,"Dry",NA,17,4,3,2,4,3,3,3,5
1068,"TSU",24,22,85.925,"HARD","AlphaTauri",13,"Dry",NA,17,4,3,2,4,3,3,3,5
1069,"TSU",25,22,85.593,"HARD","AlphaTauri",13,"Dry",NA,17,4,3,2,4,3,3,3,5
1070,"TSU",26,22,85.644,"HARD","AlphaTauri",13,"Dry",NA,17,4,3,2,4,3,3,3,5
1071,"TSU",27,22,85.901,"HARD","AlphaTauri",13,"Dry",NA,17,4,3,2,4,3,3,3,5
1072,"TSU",28,22,85.681,"HARD","AlphaTauri",13,"Dry",NA,17,4,3,2,4,3,3,3,5
1073,"TSU",29,22,85.736,"HARD","AlphaTauri",12,"Dry",NA,17,4,3,2,4,3,3,3,5
1074,"TSU",30,22,85.752,"HARD","AlphaTauri",12,"Dry",NA,17,4,3,2,4,3,3,3,5
1075,"TSU",31,22,86.376,"HARD","AlphaTauri",13,"Dry",NA,17,4,3,2,4,3,3,3,5
1076,"TSU",32,22,85.527,"HARD","AlphaTauri",12,"Dry",NA,17,4,3,2,4,3,3,3,5
1077,"TSU",33,22,85.458,"HARD","AlphaTauri",12,"Dry",NA,17,4,3,2,4,3,3,3,5
1078,"TSU",34,22,85.434,"HARD","AlphaTauri",12,"Dry",NA,17,4,3,2,4,3,3,3,5
1079,"TSU",35,22,85.442,"HARD","AlphaTauri",11,"Dry",NA,17,4,3,2,4,3,3,3,5
1080,"TSU",36,22,85.426,"HARD","AlphaTauri",11,"Dry",NA,17,4,3,2,4,3,3,3,5
1081,"TSU",37,22,85.642,"HARD","AlphaTauri",11,"Dry",NA,17,4,3,2,4,3,3,3,5
1082,"TSU",38,22,86.105,"HARD","AlphaTauri",11,"Dry",NA,17,4,3,2,4,3,3,3,5
1083,"TSU",39,22,85.905,"HARD","AlphaTauri",11,"Dry",NA,17,4,3,2,4,3,3,3,5
1084,"TSU",40,22,85.938,"HARD","AlphaTauri",11,"Dry",NA,17,4,3,2,4,3,3,3,5
1085,"TSU",41,22,85.878,"HARD","AlphaTauri",10,"Dry",NA,17,4,3,2,4,3,3,3,5
1086,"TSU",42,22,85.949,"HARD","AlphaTauri",10,"Dry",NA,17,4,3,2,4,3,3,3,5
1087,"TSU",43,22,86.606,"HARD","AlphaTauri",11,"Dry",NA,17,4,3,2,4,3,3,3,5
1088,"TSU",44,22,89.888,"HARD","AlphaTauri",11,"Dry",NA,17,4,3,2,4,3,3,3,5
1089,"TSU",45,22,102.64,"MEDIUM","AlphaTauri",16,"Dry",21.181,17,4,3,2,4,3,3,3,5
1090,"TSU",46,22,84.06,"MEDIUM","AlphaTauri",16,"Dry",NA,17,4,3,2,4,3,3,3,5
1091,"TSU",47,22,84.067,"MEDIUM","AlphaTauri",16,"Dry",NA,17,4,3,2,4,3,3,3,5
1092,"TSU",48,22,83.9,"MEDIUM","AlphaTauri",16,"Dry",NA,17,4,3,2,4,3,3,3,5
1093,"TSU",49,22,84.038,"MEDIUM","AlphaTauri",16,"Dry",NA,17,4,3,2,4,3,3,3,5
1094,"TSU",50,22,83.953,"MEDIUM","AlphaTauri",16,"Dry",NA,17,4,3,2,4,3,3,3,5
1095,"TSU",51,22,84.345,"MEDIUM","AlphaTauri",16,"Dry",NA,17,4,3,2,4,3,3,3,5
1096,"TSU",52,22,83.923,"MEDIUM","AlphaTauri",16,"Dry",NA,17,4,3,2,4,3,3,3,5
1097,"TSU",53,22,84.238,"MEDIUM","AlphaTauri",16,"Dry",NA,17,4,3,2,4,3,3,3,5
1098,"TSU",54,22,83.886,"MEDIUM","AlphaTauri",16,"Dry",NA,17,4,3,2,4,3,3,3,5
1099,"TSU",55,22,83.903,"MEDIUM","AlphaTauri",16,"Dry",NA,17,4,3,2,4,3,3,3,5
1100,"TSU",56,22,83.999,"MEDIUM","AlphaTauri",16,"Dry",NA,17,4,3,2,4,3,3,3,5
1101,"TSU",57,22,84.396,"MEDIUM","AlphaTauri",16,"Dry",NA,17,4,3,2,4,3,3,3,5
1102,"TSU",58,22,84.289,"MEDIUM","AlphaTauri",16,"Dry",NA,17,4,3,2,4,3,3,3,5
1103,"TSU",59,22,86.23,"MEDIUM","AlphaTauri",16,"Dry",NA,17,4,3,2,4,3,3,3,5
1104,"TSU",60,22,86.018,"MEDIUM","AlphaTauri",16,"Dry",NA,17,4,3,2,4,3,3,3,5
1105,"TSU",61,22,84.434,"MEDIUM","AlphaTauri",16,"Dry",NA,17,4,3,2,4,3,3,3,5
1106,"TSU",62,22,84.313,"MEDIUM","AlphaTauri",16,"Dry",NA,17,4,3,2,4,3,3,3,5
1107,"TSU",63,22,84.583,"MEDIUM","AlphaTauri",16,"Dry",NA,17,4,3,2,4,3,3,3,5
1108,"TSU",64,22,85.662,"MEDIUM","AlphaTauri",16,"Dry",NA,17,4,3,2,4,3,3,3,5
1109,"TSU",65,22,84.616,"MEDIUM","AlphaTauri",16,"Dry",NA,17,4,3,2,4,3,3,3,5
1110,"TSU",66,22,84.803,"MEDIUM","AlphaTauri",16,"Dry",NA,17,4,3,2,4,3,3,3,5
1111,"TSU",67,22,85.749,"MEDIUM","AlphaTauri",15,"Dry",NA,17,4,3,2,4,3,3,3,5
1112,"TSU",68,22,83.269,"MEDIUM","AlphaTauri",15,"Dry",NA,17,4,3,2,4,3,3,3,5
1113,"TSU",69,22,85.2,"MEDIUM","AlphaTauri",15,"Dry",NA,17,4,3,2,4,3,3,3,5
1114,"VER",1,1,87.912,"MEDIUM","Red Bull Racing",1,"Dry",NA,2,4,3,2,4,3,3,3,5
1115,"VER",2,1,85.157,"MEDIUM","Red Bull Racing",1,"Dry",NA,2,4,3,2,4,3,3,3,5
1116,"VER",3,1,85.07,"MEDIUM","Red Bull Racing",1,"Dry",NA,2,4,3,2,4,3,3,3,5
1117,"VER",4,1,84.542,"MEDIUM","Red Bull Racing",1,"Dry",NA,2,4,3,2,4,3,3,3,5
1118,"VER",5,1,84.843,"MEDIUM","Red Bull Racing",1,"Dry",NA,2,4,3,2,4,3,3,3,5
1119,"VER",6,1,84.596,"MEDIUM","Red Bull Racing",1,"Dry",NA,2,4,3,2,4,3,3,3,5
1120,"VER",7,1,84.487,"MEDIUM","Red Bull Racing",1,"Dry",NA,2,4,3,2,4,3,3,3,5
1121,"VER",8,1,84.509,"MEDIUM","Red Bull Racing",1,"Dry",NA,2,4,3,2,4,3,3,3,5
1122,"VER",9,1,84.437,"MEDIUM","Red Bull Racing",1,"Dry",NA,2,4,3,2,4,3,3,3,5
1123,"VER",10,1,84.405,"MEDIUM","Red Bull Racing",1,"Dry",NA,2,4,3,2,4,3,3,3,5
1124,"VER",11,1,84.462,"MEDIUM","Red Bull Racing",1,"Dry",NA,2,4,3,2,4,3,3,3,5
1125,"VER",12,1,84.306,"MEDIUM","Red Bull Racing",1,"Dry",NA,2,4,3,2,4,3,3,3,5
1126,"VER",13,1,84.355,"MEDIUM","Red Bull Racing",1,"Dry",NA,2,4,3,2,4,3,3,3,5
1127,"VER",14,1,84.201,"MEDIUM","Red Bull Racing",1,"Dry",NA,2,4,3,2,4,3,3,3,5
1128,"VER",15,1,84.121,"MEDIUM","Red Bull Racing",1,"Dry",NA,2,4,3,2,4,3,3,3,5
1129,"VER",16,1,84.373,"MEDIUM","Red Bull Racing",1,"Dry",NA,2,4,3,2,4,3,3,3,5
1130,"VER",17,1,84.214,"MEDIUM","Red Bull Racing",1,"Dry",NA,2,4,3,2,4,3,3,3,5
1131,"VER",18,1,84.195,"MEDIUM","Red Bull Racing",1,"Dry",NA,2,4,3,2,4,3,3,3,5
1132,"VER",19,1,84.396,"MEDIUM","Red Bull Racing",1,"Dry",NA,2,4,3,2,4,3,3,3,5
1133,"VER",20,1,84.065,"MEDIUM","Red Bull Racing",1,"Dry",NA,2,4,3,2,4,3,3,3,5
1134,"VER",21,1,84.012,"MEDIUM","Red Bull Racing",1,"Dry",NA,2,4,3,2,4,3,3,3,5
1135,"VER",22,1,84.36,"MEDIUM","Red Bull Racing",1,"Dry",NA,2,4,3,2,4,3,3,3,5
1136,"VER",23,1,87.151,"MEDIUM","Red Bull Racing",1,"Dry",NA,2,4,3,2,4,3,3,3,5
1137,"VER",24,1,102.007,"HARD","Red Bull Racing",1,"Dry",21.407,2,4,3,2,4,3,3,3,5
1138,"VER",25,1,83.777,"HARD","Red Bull Racing",1,"Dry",NA,2,4,3,2,4,3,3,3,5
1139,"VER",26,1,83.717,"HARD","Red Bull Racing",1,"Dry",NA,2,4,3,2,4,3,3,3,5
1140,"VER",27,1,83.636,"HARD","Red Bull Racing",1,"Dry",NA,2,4,3,2,4,3,3,3,5
1141,"VER",28,1,83.687,"HARD","Red Bull Racing",1,"Dry",NA,2,4,3,2,4,3,3,3,5
1142,"VER",29,1,83.762,"HARD","Red Bull Racing",1,"Dry",NA,2,4,3,2,4,3,3,3,5
1143,"VER",30,1,83.624,"HARD","Red Bull Racing",1,"Dry",NA,2,4,3,2,4,3,3,3,5
1144,"VER",31,1,83.59,"HARD","Red Bull Racing",1,"Dry",NA,2,4,3,2,4,3,3,3,5
1145,"VER",32,1,83.292,"HARD","Red Bull Racing",1,"Dry",NA,2,4,3,2,4,3,3,3,5
1146,"VER",33,1,83.523,"HARD","Red Bull Racing",1,"Dry",NA,2,4,3,2,4,3,3,3,5
1147,"VER",34,1,83.507,"HARD","Red Bull Racing",1,"Dry",NA,2,4,3,2,4,3,3,3,5
1148,"VER",35,1,83.489,"HARD","Red Bull Racing",1,"Dry",NA,2,4,3,2,4,3,3,3,5
1149,"VER",36,1,83.285,"HARD","Red Bull Racing",1,"Dry",NA,2,4,3,2,4,3,3,3,5
1150,"VER",37,1,83.25,"HARD","Red Bull Racing",1,"Dry",NA,2,4,3,2,4,3,3,3,5
1151,"VER",38,1,83.47,"HARD","Red Bull Racing",1,"Dry",NA,2,4,3,2,4,3,3,3,5
1152,"VER",39,1,84.143,"HARD","Red Bull Racing",1,"Dry",NA,2,4,3,2,4,3,3,3,5
1153,"VER",40,1,83.705,"HARD","Red Bull Racing",1,"Dry",NA,2,4,3,2,4,3,3,3,5
1154,"VER",41,1,83.023,"HARD","Red Bull Racing",1,"Dry",NA,2,4,3,2,4,3,3,3,5
1155,"VER",42,1,83.309,"HARD","Red Bull Racing",1,"Dry",NA,2,4,3,2,4,3,3,3,5
1156,"VER",43,1,83.338,"HARD","Red Bull Racing",1,"Dry",NA,2,4,3,2,4,3,3,3,5
1157,"VER",44,1,83.772,"HARD","Red Bull Racing",1,"Dry",NA,2,4,3,2,4,3,3,3,5
1158,"VER",45,1,83.93,"HARD","Red Bull Racing",1,"Dry",NA,2,4,3,2,4,3,3,3,5
1159,"VER",46,1,83.639,"HARD","Red Bull Racing",1,"Dry",NA,2,4,3,2,4,3,3,3,5
1160,"VER",47,1,83.608,"HARD","Red Bull Racing",1,"Dry",NA,2,4,3,2,4,3,3,3,5
1161,"VER",48,1,83.487,"HARD","Red Bull Racing",1,"Dry",NA,2,4,3,2,4,3,3,3,5
1162,"VER",49,1,83.822,"HARD","Red Bull Racing",1,"Dry",NA,2,4,3,2,4,3,3,3,5
1163,"VER",50,1,83.782,"HARD","Red Bull Racing",1,"Dry",NA,2,4,3,2,4,3,3,3,5
1164,"VER",51,1,86.21,"HARD","Red Bull Racing",1,"Dry",NA,2,4,3,2,4,3,3,3,5
1165,"VER",52,1,102.723,"MEDIUM","Red Bull Racing",1,"Dry",21.68,2,4,3,2,4,3,3,3,5
1166,"VER",53,1,80.504,"MEDIUM","Red Bull Racing",1,"Dry",NA,2,4,3,2,4,3,3,3,5
1167,"VER",54,1,83.935,"MEDIUM","Red Bull Racing",1,"Dry",NA,2,4,3,2,4,3,3,3,5
1168,"VER",55,1,82.847,"MEDIUM","Red Bull Racing",1,"Dry",NA,2,4,3,2,4,3,3,3,5
1169,"VER",56,1,82.6,"MEDIUM","Red Bull Racing",1,"Dry",NA,2,4,3,2,4,3,3,3,5
1170,"VER",57,1,82.425,"MEDIUM","Red Bull Racing",1,"Dry",NA,2,4,3,2,4,3,3,3,5
1171,"VER",58,1,82.65,"MEDIUM","Red Bull Racing",1,"Dry",NA,2,4,3,2,4,3,3,3,5
1172,"VER",59,1,81.88,"MEDIUM","Red Bull Racing",1,"Dry",NA,2,4,3,2,4,3,3,3,5
1173,"VER",60,1,81.554,"MEDIUM","Red Bull Racing",1,"Dry",NA,2,4,3,2,4,3,3,3,5
1174,"VER",61,1,81.52,"MEDIUM","Red Bull Racing",1,"Dry",NA,2,4,3,2,4,3,3,3,5
1175,"VER",62,1,81.693,"MEDIUM","Red Bull Racing",1,"Dry",NA,2,4,3,2,4,3,3,3,5
1176,"VER",63,1,81.772,"MEDIUM","Red Bull Racing",1,"Dry",NA,2,4,3,2,4,3,3,3,5
1177,"VER",64,1,82.122,"MEDIUM","Red Bull Racing",1,"Dry",NA,2,4,3,2,4,3,3,3,5
1178,"VER",65,1,82.223,"MEDIUM","Red Bull Racing",1,"Dry",NA,2,4,3,2,4,3,3,3,5
1179,"VER",66,1,81.941,"MEDIUM","Red Bull Racing",1,"Dry",NA,2,4,3,2,4,3,3,3,5
1180,"VER",67,1,81.754,"MEDIUM","Red Bull Racing",1,"Dry",NA,2,4,3,2,4,3,3,3,5
1181,"VER",68,1,81.524,"MEDIUM","Red Bull Racing",1,"Dry",NA,2,4,3,2,4,3,3,3,5
1182,"VER",69,1,81.18,"MEDIUM","Red Bull Racing",1,"Dry",NA,2,4,3,2,4,3,3,3,5
1183,"VER",70,1,82.234,"MEDIUM","Red Bull Racing",1,"Dry",NA,2,4,3,2,4,3,3,3,5
1184,"ZHO",1,24,96.733,"MEDIUM","Alfa Romeo",16,"Dry",NA,5,4,3,2,4,3,3,3,5
1185,"ZHO",2,24,87.932,"MEDIUM","Alfa Romeo",16,"Dry",NA,5,4,3,2,4,3,3,3,5
1186,"ZHO",3,24,86.774,"MEDIUM","Alfa Romeo",16,"Dry",NA,5,4,3,2,4,3,3,3,5
1187,"ZHO",4,24,86.413,"MEDIUM","Alfa Romeo",16,"Dry",NA,5,4,3,2,4,3,3,3,5
1188,"ZHO",5,24,86.337,"MEDIUM","Alfa Romeo",16,"Dry",NA,5,4,3,2,4,3,3,3,5
1189,"ZHO",6,24,86.313,"MEDIUM","Alfa Romeo",16,"Dry",NA,5,4,3,2,4,3,3,3,5
1190,"ZHO",7,24,85.933,"MEDIUM","Alfa Romeo",16,"Dry",NA,5,4,3,2,4,3,3,3,5
1191,"ZHO",8,24,86.036,"MEDIUM","Alfa Romeo",15,"Dry",NA,5,4,3,2,4,3,3,3,5
1192,"ZHO",9,24,85.844,"MEDIUM","Alfa Romeo",15,"Dry",NA,5,4,3,2,4,3,3,3,5
1193,"ZHO",10,24,88.185,"MEDIUM","Alfa Romeo",13,"Dry",NA,5,4,3,2,4,3,3,3,5
1194,"ZHO",11,24,109.938,"HARD","Alfa Romeo",18,"Dry",29.211,5,4,3,2,4,3,3,3,5
1195,"ZHO",12,24,83.743,"HARD","Alfa Romeo",18,"Dry",NA,5,4,3,2,4,3,3,3,5
1196,"ZHO",13,24,83.875,"HARD","Alfa Romeo",18,"Dry",NA,5,4,3,2,4,3,3,3,5
1197,"ZHO",14,24,83.87,"HARD","Alfa Romeo",17,"Dry",NA,5,4,3,2,4,3,3,3,5
1198,"ZHO",15,24,84.995,"HARD","Alfa Romeo",16,"Dry",NA,5,4,3,2,4,3,3,3,5
1199,"ZHO",16,24,84.889,"HARD","Alfa Romeo",16,"Dry",NA,5,4,3,2,4,3,3,3,5
1200,"ZHO",17,24,85.707,"HARD","Alfa Romeo",16,"Dry",NA,5,4,3,2,4,3,3,3,5
1201,"ZHO",18,24,85.307,"HARD","Alfa Romeo",16,"Dry",NA,5,4,3,2,4,3,3,3,5
1202,"ZHO",19,24,85.543,"HARD","Alfa Romeo",15,"Dry",NA,5,4,3,2,4,3,3,3,5
1203,"ZHO",20,24,85.263,"HARD","Alfa Romeo",15,"Dry",NA,5,4,3,2,4,3,3,3,5
1204,"ZHO",21,24,85.667,"HARD","Alfa Romeo",15,"Dry",NA,5,4,3,2,4,3,3,3,5
1205,"ZHO",22,24,85.691,"HARD","Alfa Romeo",15,"Dry",NA,5,4,3,2,4,3,3,3,5
1206,"ZHO",23,24,85.948,"HARD","Alfa Romeo",15,"Dry",NA,5,4,3,2,4,3,3,3,5
1207,"ZHO",24,24,85.913,"HARD","Alfa Romeo",15,"Dry",NA,5,4,3,2,4,3,3,3,5
1208,"ZHO",25,24,85.776,"HARD","Alfa Romeo",15,"Dry",NA,5,4,3,2,4,3,3,3,5
1209,"ZHO",26,24,85.944,"HARD","Alfa Romeo",15,"Dry",NA,5,4,3,2,4,3,3,3,5
1210,"ZHO",27,24,85.829,"HARD","Alfa Romeo",15,"Dry",NA,5,4,3,2,4,3,3,3,5
1211,"ZHO",28,24,85.624,"HARD","Alfa Romeo",15,"Dry",NA,5,4,3,2,4,3,3,3,5
1212,"ZHO",29,24,86.407,"HARD","Alfa Romeo",15,"Dry",NA,5,4,3,2,4,3,3,3,5
1213,"ZHO",30,24,86.038,"HARD","Alfa Romeo",15,"Dry",NA,5,4,3,2,4,3,3,3,5
1214,"ZHO",31,24,86.056,"HARD","Alfa Romeo",15,"Dry",NA,5,4,3,2,4,3,3,3,5
1215,"ZHO",32,24,85.707,"HARD","Alfa Romeo",14,"Dry",NA,5,4,3,2,4,3,3,3,5
1216,"ZHO",33,24,85.907,"HARD","Alfa Romeo",14,"Dry",NA,5,4,3,2,4,3,3,3,5
1217,"ZHO",34,24,86.049,"HARD","Alfa Romeo",14,"Dry",NA,5,4,3,2,4,3,3,3,5
1218,"ZHO",35,24,86.058,"HARD","Alfa Romeo",13,"Dry",NA,5,4,3,2,4,3,3,3,5
1219,"ZHO",36,24,85.917,"HARD","Alfa Romeo",13,"Dry",NA,5,4,3,2,4,3,3,3,5
1220,"ZHO",37,24,86.023,"HARD","Alfa Romeo",13,"Dry",NA,5,4,3,2,4,3,3,3,5
1221,"ZHO",38,24,88.435,"HARD","Alfa Romeo",14,"Dry",NA,5,4,3,2,4,3,3,3,5
1222,"ZHO",39,24,106.894,"HARD","Alfa Romeo",18,"Dry",22.853,5,4,3,2,4,3,3,3,5
1223,"ZHO",40,24,84.531,"HARD","Alfa Romeo",18,"Dry",NA,5,4,3,2,4,3,3,3,5
1224,"ZHO",41,24,84.357,"HARD","Alfa Romeo",18,"Dry",NA,5,4,3,2,4,3,3,3,5
1225,"ZHO",42,24,85.037,"HARD","Alfa Romeo",17,"Dry",NA,5,4,3,2,4,3,3,3,5
1226,"ZHO",43,24,84.51,"HARD","Alfa Romeo",17,"Dry",NA,5,4,3,2,4,3,3,3,5
1227,"ZHO",44,24,84.428,"HARD","Alfa Romeo",17,"Dry",NA,5,4,3,2,4,3,3,3,5
1228,"ZHO",45,24,85.209,"HARD","Alfa Romeo",17,"Dry",NA,5,4,3,2,4,3,3,3,5
1229,"ZHO",46,24,84.866,"HARD","Alfa Romeo",17,"Dry",NA,5,4,3,2,4,3,3,3,5
1230,"ZHO",47,24,84.696,"HARD","Alfa Romeo",17,"Dry",NA,5,4,3,2,4,3,3,3,5
1231,"ZHO",48,24,84.094,"HARD","Alfa Romeo",17,"Dry",NA,5,4,3,2,4,3,3,3,5
1232,"ZHO",49,24,84.253,"HARD","Alfa Romeo",17,"Dry",NA,5,4,3,2,4,3,3,3,5
1233,"ZHO",50,24,84.383,"HARD","Alfa Romeo",17,"Dry",NA,5,4,3,2,4,3,3,3,5
1234,"ZHO",51,24,84.734,"HARD","Alfa Romeo",17,"Dry",NA,5,4,3,2,4,3,3,3,5
1235,"ZHO",52,24,84.467,"HARD","Alfa Romeo",17,"Dry",NA,5,4,3,2,4,3,3,3,5
1236,"ZHO",53,24,86.879,"HARD","Alfa Romeo",17,"Dry",NA,5,4,3,2,4,3,3,3,5
1237,"ZHO",54,24,84.734,"HARD","Alfa Romeo",17,"Dry",NA,5,4,3,2,4,3,3,3,5
1238,"ZHO",55,24,86.689,"HARD","Alfa Romeo",17,"Dry",NA,5,4,3,2,4,3,3,3,5
1239,"ZHO",56,24,84.678,"HARD","Alfa Romeo",17,"Dry",NA,5,4,3,2,4,3,3,3,5
1240,"ZHO",57,24,84.7,"HARD","Alfa Romeo",17,"Dry",NA,5,4,3,2,4,3,3,3,5
1241,"ZHO",58,24,84.6,"HARD","Alfa Romeo",17,"Dry",NA,5,4,3,2,4,3,3,3,5
1242,"ZHO",59,24,84.218,"HARD","Alfa Romeo",17,"Dry",NA,5,4,3,2,4,3,3,3,5
1243,"ZHO",60,24,85.835,"HARD","Alfa Romeo",17,"Dry",NA,5,4,3,2,4,3,3,3,5
1244,"ZHO",61,24,84.06,"HARD","Alfa Romeo",17,"Dry",NA,5,4,3,2,4,3,3,3,5
1245,"ZHO",62,24,84.292,"HARD","Alfa Romeo",17,"Dry",NA,5,4,3,2,4,3,3,3,5
1246,"ZHO",63,24,84.487,"HARD","Alfa Romeo",17,"Dry",NA,5,4,3,2,4,3,3,3,5
1247,"ZHO",64,24,84.795,"HARD","Alfa Romeo",17,"Dry",NA,5,4,3,2,4,3,3,3,5
1248,"ZHO",65,24,84.41,"HARD","Alfa Romeo",17,"Dry",NA,5,4,3,2,4,3,3,3,5
1249,"ZHO",66,24,84.152,"HARD","Alfa Romeo",17,"Dry",NA,5,4,3,2,4,3,3,3,5
1250,"ZHO",67,24,85.467,"HARD","Alfa Romeo",16,"Dry",NA,5,4,3,2,4,3,3,3,5
1251,"ZHO",68,24,84.765,"HARD","Alfa Romeo",16,"Dry",NA,5,4,3,2,4,3,3,3,5
1252,"ZHO",69,24,85.286,"HARD","Alfa Romeo",16,"Dry",NA,5,4,3,2,4,3,3,3,5
