X,driver,lap_number,driver_number,lap_time,tyre,team,position,rainfall,pitstop_duration,start_position,traction,asphalt_grip,asphalt_abrasion,track_evol,tyre_stress,braking,lateral,downforce
1,ALB,1,23,110.368,MEDIUM,Williams,14,Dry,NA,15,4,3,4,4,4,3,4,4
2,ALB,2,23,105.576,MEDIUM,Williams,14,Dry,NA,15,4,3,4,4,4,3,4,4
3,ALB,3,23,104.644,MEDIUM,Williams,14,Dry,NA,15,4,3,4,4,4,3,4,4
4,ALB,4,23,104.873,MEDIUM,Williams,13,Dry,NA,15,4,3,4,4,4,3,4,4
5,ALB,5,23,103.803,MEDIUM,Williams,13,Dry,NA,15,4,3,4,4,4,3,4,4
6,ALB,6,23,103.62,MEDIUM,Williams,13,Dry,NA,15,4,3,4,4,4,3,4,4
7,ALB,7,23,103.814,MEDIUM,Williams,13,Dry,NA,15,4,3,4,4,4,3,4,4
8,ALB,8,23,104.006,MEDIUM,Williams,13,Dry,NA,15,4,3,4,4,4,3,4,4
9,ALB,9,23,103.728,MEDIUM,Williams,13,Dry,NA,15,4,3,4,4,4,3,4,4
10,ALB,10,23,103.152,MEDIUM,Williams,11,Dry,NA,15,4,3,4,4,4,3,4,4
11,ALB,11,23,123.675,HARD,Williams,16,Dry,24.563,15,4,3,4,4,4,3,4,4
12,ALB,12,23,103.292,HARD,Williams,15,Dry,NA,15,4,3,4,4,4,3,4,4
13,ALB,13,23,103.267,HARD,Williams,15,Dry,NA,15,4,3,4,4,4,3,4,4
14,ALB,14,23,103.164,HARD,Williams,15,Dry,NA,15,4,3,4,4,4,3,4,4
15,ALB,15,23,103.092,HARD,Williams,15,Dry,NA,15,4,3,4,4,4,3,4,4
16,ALB,16,23,103.131,HARD,Williams,15,Dry,NA,15,4,3,4,4,4,3,4,4
17,ALB,17,23,103.08,HARD,Williams,15,Dry,NA,15,4,3,4,4,4,3,4,4
18,ALB,18,23,103.007,HARD,Williams,15,Dry,NA,15,4,3,4,4,4,3,4,4
19,ALB,19,23,103.069,HARD,Williams,15,Dry,NA,15,4,3,4,4,4,3,4,4
20,ALB,20,23,103.029,HARD,Williams,13,Dry,NA,15,4,3,4,4,4,3,4,4
21,ALB,21,23,102.679,HARD,Williams,12,Dry,NA,15,4,3,4,4,4,3,4,4
22,ALB,22,23,103.298,HARD,Williams,12,Dry,NA,15,4,3,4,4,4,3,4,4
23,ALB,23,23,103.861,HARD,Williams,12,Dry,NA,15,4,3,4,4,4,3,4,4
24,ALB,24,23,103.614,HARD,Williams,12,Dry,NA,15,4,3,4,4,4,3,4,4
25,ALB,25,23,103.618,HARD,Williams,11,Dry,NA,15,4,3,4,4,4,3,4,4
26,ALB,26,23,103.218,HARD,Williams,11,Dry,NA,15,4,3,4,4,4,3,4,4
27,ALB,27,23,102.855,HARD,Williams,11,Dry,NA,15,4,3,4,4,4,3,4,4
28,ALB,28,23,103.006,HARD,Williams,11,Dry,NA,15,4,3,4,4,4,3,4,4
29,ALB,29,23,102.913,HARD,Williams,11,Dry,NA,15,4,3,4,4,4,3,4,4
30,ALB,30,23,122.861,MEDIUM,Williams,15,Dry,24.354,15,4,3,4,4,4,3,4,4
31,ALB,31,23,101.927,MEDIUM,Williams,15,Dry,NA,15,4,3,4,4,4,3,4,4
32,ALB,32,23,102.27,MEDIUM,Williams,15,Dry,NA,15,4,3,4,4,4,3,4,4
33,ALB,33,23,102.105,MEDIUM,Williams,14,Dry,NA,15,4,3,4,4,4,3,4,4
34,ALB,34,23,102.021,MEDIUM,Williams,14,Dry,NA,15,4,3,4,4,4,3,4,4
35,ALB,35,23,101.861,MEDIUM,Williams,13,Dry,NA,15,4,3,4,4,4,3,4,4
36,ALB,36,23,102.009,MEDIUM,Williams,13,Dry,NA,15,4,3,4,4,4,3,4,4
37,ALB,37,23,101.765,MEDIUM,Williams,13,Dry,NA,15,4,3,4,4,4,3,4,4
38,ALB,38,23,101.441,MEDIUM,Williams,13,Dry,NA,15,4,3,4,4,4,3,4,4
39,ALB,39,23,101.732,MEDIUM,Williams,13,Dry,NA,15,4,3,4,4,4,3,4,4
40,ALB,40,23,101.371,MEDIUM,Williams,13,Dry,NA,15,4,3,4,4,4,3,4,4
41,ALB,41,23,102.367,MEDIUM,Williams,13,Dry,NA,15,4,3,4,4,4,3,4,4
42,ALB,42,23,101.573,MEDIUM,Williams,12,Dry,NA,15,4,3,4,4,4,3,4,4
43,ALB,43,23,102.202,MEDIUM,Williams,12,Dry,NA,15,4,3,4,4,4,3,4,4
44,ALB,44,23,101.857,MEDIUM,Williams,12,Dry,NA,15,4,3,4,4,4,3,4,4
45,ALB,45,23,101.517,MEDIUM,Williams,12,Dry,NA,15,4,3,4,4,4,3,4,4
46,ALB,46,23,101.764,MEDIUM,Williams,12,Dry,NA,15,4,3,4,4,4,3,4,4
47,ALB,47,23,101.675,MEDIUM,Williams,12,Dry,NA,15,4,3,4,4,4,3,4,4
48,ALB,48,23,101.318,MEDIUM,Williams,12,Dry,NA,15,4,3,4,4,4,3,4,4
49,ALB,49,23,101.596,MEDIUM,Williams,12,Dry,NA,15,4,3,4,4,4,3,4,4
50,ALB,50,23,101.386,MEDIUM,Williams,11,Dry,NA,15,4,3,4,4,4,3,4,4
51,ALB,51,23,102.06,MEDIUM,Williams,11,Dry,NA,15,4,3,4,4,4,3,4,4
52,ALB,52,23,102.909,MEDIUM,Williams,11,Dry,NA,15,4,3,4,4,4,3,4,4
53,ALB,53,23,102.483,MEDIUM,Williams,11,Dry,NA,15,4,3,4,4,4,3,4,4
54,ALB,54,23,102.762,MEDIUM,Williams,11,Dry,NA,15,4,3,4,4,4,3,4,4
55,ALB,55,23,103.001,MEDIUM,Williams,11,Dry,NA,15,4,3,4,4,4,3,4,4
56,ALB,56,23,102.791,MEDIUM,Williams,11,Dry,NA,15,4,3,4,4,4,3,4,4
57,ALO,1,14,112.441,MEDIUM,Aston Martin,18,Dry,NA,0,4,3,4,4,4,3,4,4
58,ALO,2,14,105.424,MEDIUM,Aston Martin,18,Dry,NA,0,4,3,4,4,4,3,4,4
59,ALO,3,14,104.736,MEDIUM,Aston Martin,18,Dry,NA,0,4,3,4,4,4,3,4,4
60,ALO,4,14,105.467,MEDIUM,Aston Martin,17,Dry,NA,0,4,3,4,4,4,3,4,4
61,ALO,5,14,103.792,MEDIUM,Aston Martin,17,Dry,NA,0,4,3,4,4,4,3,4,4
62,ALO,6,14,103.668,MEDIUM,Aston Martin,17,Dry,NA,0,4,3,4,4,4,3,4,4
63,ALO,7,14,103.581,MEDIUM,Aston Martin,16,Dry,NA,0,4,3,4,4,4,3,4,4
64,ALO,8,14,103.679,MEDIUM,Aston Martin,16,Dry,NA,0,4,3,4,4,4,3,4,4
65,ALO,9,14,103.775,MEDIUM,Aston Martin,16,Dry,NA,0,4,3,4,4,4,3,4,4
66,ALO,10,14,104.591,MEDIUM,Aston Martin,14,Dry,NA,0,4,3,4,4,4,3,4,4
67,ALO,11,14,103.152,MEDIUM,Aston Martin,11,Dry,NA,0,4,3,4,4,4,3,4,4
68,ALO,12,14,102.559,MEDIUM,Aston Martin,11,Dry,NA,0,4,3,4,4,4,3,4,4
69,ALO,13,14,103.108,MEDIUM,Aston Martin,11,Dry,NA,0,4,3,4,4,4,3,4,4
70,ALO,14,14,103.334,MEDIUM,Aston Martin,11,Dry,NA,0,4,3,4,4,4,3,4,4
71,ALO,15,14,103.152,MEDIUM,Aston Martin,11,Dry,NA,0,4,3,4,4,4,3,4,4
72,ALO,16,14,102.79,MEDIUM,Aston Martin,11,Dry,NA,0,4,3,4,4,4,3,4,4
73,ALO,17,14,103.818,MEDIUM,Aston Martin,11,Dry,NA,0,4,3,4,4,4,3,4,4
74,ALO,18,14,104.156,MEDIUM,Aston Martin,9,Dry,NA,0,4,3,4,4,4,3,4,4
75,ALO,19,14,103.648,MEDIUM,Aston Martin,9,Dry,NA,0,4,3,4,4,4,3,4,4
76,ALO,20,14,122.272,MEDIUM,Aston Martin,16,Dry,25.055,0,4,3,4,4,4,3,4,4
77,ALO,21,14,100.987,MEDIUM,Aston Martin,14,Dry,NA,0,4,3,4,4,4,3,4,4
78,ALO,22,14,101.588,MEDIUM,Aston Martin,13,Dry,NA,0,4,3,4,4,4,3,4,4
79,ALO,23,14,101.49,MEDIUM,Aston Martin,10,Dry,NA,0,4,3,4,4,4,3,4,4
80,ALO,24,14,102.185,MEDIUM,Aston Martin,10,Dry,NA,0,4,3,4,4,4,3,4,4
81,ALO,25,14,101.83,MEDIUM,Aston Martin,10,Dry,NA,0,4,3,4,4,4,3,4,4
82,ALO,26,14,101.817,MEDIUM,Aston Martin,10,Dry,NA,0,4,3,4,4,4,3,4,4
83,ALO,27,14,101.931,MEDIUM,Aston Martin,10,Dry,NA,0,4,3,4,4,4,3,4,4
84,ALO,28,14,101.657,MEDIUM,Aston Martin,10,Dry,NA,0,4,3,4,4,4,3,4,4
85,ALO,29,14,101.658,MEDIUM,Aston Martin,10,Dry,NA,0,4,3,4,4,4,3,4,4
86,ALO,30,14,101.669,MEDIUM,Aston Martin,10,Dry,NA,0,4,3,4,4,4,3,4,4
87,ALO,31,14,102.061,MEDIUM,Aston Martin,10,Dry,NA,0,4,3,4,4,4,3,4,4
88,ALO,32,14,101.893,MEDIUM,Aston Martin,10,Dry,NA,0,4,3,4,4,4,3,4,4
89,ALO,33,14,101.561,MEDIUM,Aston Martin,10,Dry,NA,0,4,3,4,4,4,3,4,4
90,ALO,34,14,101.89,MEDIUM,Aston Martin,10,Dry,NA,0,4,3,4,4,4,3,4,4
91,ALO,35,14,101.329,MEDIUM,Aston Martin,9,Dry,NA,0,4,3,4,4,4,3,4,4
92,ALO,36,14,101.875,MEDIUM,Aston Martin,9,Dry,NA,0,4,3,4,4,4,3,4,4
93,ALO,37,14,101.905,MEDIUM,Aston Martin,9,Dry,NA,0,4,3,4,4,4,3,4,4
94,ALO,38,14,101.359,MEDIUM,Aston Martin,8,Dry,NA,0,4,3,4,4,4,3,4,4
95,ALO,39,14,101.419,MEDIUM,Aston Martin,8,Dry,NA,0,4,3,4,4,4,3,4,4
96,ALO,40,14,101.376,MEDIUM,Aston Martin,7,Dry,NA,0,4,3,4,4,4,3,4,4
97,ALO,41,14,101.637,MEDIUM,Aston Martin,7,Dry,NA,0,4,3,4,4,4,3,4,4
98,ALO,42,14,102.303,MEDIUM,Aston Martin,7,Dry,NA,0,4,3,4,4,4,3,4,4
99,ALO,43,14,121.406,HARD,Aston Martin,10,Dry,24.823,0,4,3,4,4,4,3,4,4
100,ALO,44,14,100.839,HARD,Aston Martin,9,Dry,NA,0,4,3,4,4,4,3,4,4
101,ALO,45,14,100.376,HARD,Aston Martin,9,Dry,NA,0,4,3,4,4,4,3,4,4
102,ALO,46,14,100.443,HARD,Aston Martin,9,Dry,NA,0,4,3,4,4,4,3,4,4
103,ALO,47,14,99.954,HARD,Aston Martin,9,Dry,NA,0,4,3,4,4,4,3,4,4
104,ALO,48,14,108.118,HARD,Aston Martin,11,Dry,NA,0,4,3,4,4,4,3,4,4
105,ALO,49,14,106.528,HARD,Aston Martin,11,Dry,NA,0,4,3,4,4,4,3,4,4
106,BOT,1,77,110.847,MEDIUM,Alfa Romeo,15,Dry,NA,13,4,3,4,4,4,3,4,4
107,BOT,2,77,105.494,MEDIUM,Alfa Romeo,15,Dry,NA,13,4,3,4,4,4,3,4,4
108,BOT,3,77,104.704,MEDIUM,Alfa Romeo,15,Dry,NA,13,4,3,4,4,4,3,4,4
109,BOT,4,77,105.328,MEDIUM,Alfa Romeo,14,Dry,NA,13,4,3,4,4,4,3,4,4
110,BOT,5,77,103.389,MEDIUM,Alfa Romeo,14,Dry,NA,13,4,3,4,4,4,3,4,4
111,BOT,6,77,103.722,MEDIUM,Alfa Romeo,14,Dry,NA,13,4,3,4,4,4,3,4,4
112,BOT,7,77,103.915,MEDIUM,Alfa Romeo,14,Dry,NA,13,4,3,4,4,4,3,4,4
113,BOT,8,77,103.987,MEDIUM,Alfa Romeo,14,Dry,NA,13,4,3,4,4,4,3,4,4
114,BOT,9,77,103.664,MEDIUM,Alfa Romeo,14,Dry,NA,13,4,3,4,4,4,3,4,4
115,BOT,10,77,104.078,MEDIUM,Alfa Romeo,12,Dry,NA,13,4,3,4,4,4,3,4,4
116,BOT,11,77,123.57,HARD,Alfa Romeo,17,Dry,24.783,13,4,3,4,4,4,3,4,4
117,BOT,12,77,103.069,HARD,Alfa Romeo,16,Dry,NA,13,4,3,4,4,4,3,4,4
118,BOT,13,77,103.173,HARD,Alfa Romeo,16,Dry,NA,13,4,3,4,4,4,3,4,4
119,BOT,14,77,103.094,HARD,Alfa Romeo,16,Dry,NA,13,4,3,4,4,4,3,4,4
120,BOT,15,77,103.224,HARD,Alfa Romeo,16,Dry,NA,13,4,3,4,4,4,3,4,4
121,BOT,16,77,103.016,HARD,Alfa Romeo,16,Dry,NA,13,4,3,4,4,4,3,4,4
122,BOT,17,77,102.603,HARD,Alfa Romeo,16,Dry,NA,13,4,3,4,4,4,3,4,4
123,BOT,18,77,103.009,HARD,Alfa Romeo,16,Dry,NA,13,4,3,4,4,4,3,4,4
124,BOT,19,77,103.406,HARD,Alfa Romeo,16,Dry,NA,13,4,3,4,4,4,3,4,4
125,BOT,20,77,102.849,HARD,Alfa Romeo,14,Dry,NA,13,4,3,4,4,4,3,4,4
126,BOT,21,77,102.902,HARD,Alfa Romeo,13,Dry,NA,13,4,3,4,4,4,3,4,4
127,BOT,22,77,103.844,HARD,Alfa Romeo,14,Dry,NA,13,4,3,4,4,4,3,4,4
128,BOT,23,77,103.611,HARD,Alfa Romeo,13,Dry,NA,13,4,3,4,4,4,3,4,4
129,BOT,24,77,103.731,HARD,Alfa Romeo,13,Dry,NA,13,4,3,4,4,4,3,4,4
130,BOT,25,77,103.735,HARD,Alfa Romeo,13,Dry,NA,13,4,3,4,4,4,3,4,4
131,BOT,26,77,103.455,HARD,Alfa Romeo,13,Dry,NA,13,4,3,4,4,4,3,4,4
132,BOT,27,77,103.4,HARD,Alfa Romeo,12,Dry,NA,13,4,3,4,4,4,3,4,4
133,BOT,28,77,104.289,HARD,Alfa Romeo,13,Dry,NA,13,4,3,4,4,4,3,4,4
134,BOT,29,77,123.1,HARD,Alfa Romeo,17,Dry,25.02,13,4,3,4,4,4,3,4,4
135,BOT,30,77,102.281,HARD,Alfa Romeo,16,Dry,NA,13,4,3,4,4,4,3,4,4
136,BOT,31,77,102.332,HARD,Alfa Romeo,16,Dry,NA,13,4,3,4,4,4,3,4,4
137,BOT,32,77,102.355,HARD,Alfa Romeo,16,Dry,NA,13,4,3,4,4,4,3,4,4
138,BOT,33,77,102.655,HARD,Alfa Romeo,15,Dry,NA,13,4,3,4,4,4,3,4,4
139,BOT,34,77,102.736,HARD,Alfa Romeo,15,Dry,NA,13,4,3,4,4,4,3,4,4
140,BOT,35,77,102.58,HARD,Alfa Romeo,14,Dry,NA,13,4,3,4,4,4,3,4,4
141,BOT,36,77,102.454,HARD,Alfa Romeo,14,Dry,NA,13,4,3,4,4,4,3,4,4
142,BOT,37,77,103.227,HARD,Alfa Romeo,15,Dry,NA,13,4,3,4,4,4,3,4,4
143,BOT,38,77,103.604,HARD,Alfa Romeo,16,Dry,NA,13,4,3,4,4,4,3,4,4
144,BOT,39,77,102.52,HARD,Alfa Romeo,16,Dry,NA,13,4,3,4,4,4,3,4,4
145,BOT,40,77,102.426,HARD,Alfa Romeo,16,Dry,NA,13,4,3,4,4,4,3,4,4
146,BOT,41,77,102.342,HARD,Alfa Romeo,16,Dry,NA,13,4,3,4,4,4,3,4,4
147,BOT,42,77,102.685,HARD,Alfa Romeo,16,Dry,NA,13,4,3,4,4,4,3,4,4
148,BOT,43,77,102.282,HARD,Alfa Romeo,16,Dry,NA,13,4,3,4,4,4,3,4,4
149,BOT,44,77,102.311,HARD,Alfa Romeo,16,Dry,NA,13,4,3,4,4,4,3,4,4
150,BOT,45,77,102.539,HARD,Alfa Romeo,16,Dry,NA,13,4,3,4,4,4,3,4,4
151,BOT,46,77,102.395,HARD,Alfa Romeo,16,Dry,NA,13,4,3,4,4,4,3,4,4
152,BOT,47,77,102.446,HARD,Alfa Romeo,16,Dry,NA,13,4,3,4,4,4,3,4,4
153,BOT,48,77,102.228,HARD,Alfa Romeo,15,Dry,NA,13,4,3,4,4,4,3,4,4
154,BOT,49,77,102.169,HARD,Alfa Romeo,15,Dry,NA,13,4,3,4,4,4,3,4,4
155,BOT,50,77,102.08,HARD,Alfa Romeo,14,Dry,NA,13,4,3,4,4,4,3,4,4
156,BOT,51,77,102.308,HARD,Alfa Romeo,14,Dry,NA,13,4,3,4,4,4,3,4,4
157,BOT,52,77,102.058,HARD,Alfa Romeo,14,Dry,NA,13,4,3,4,4,4,3,4,4
158,BOT,53,77,102.156,HARD,Alfa Romeo,14,Dry,NA,13,4,3,4,4,4,3,4,4
159,BOT,54,77,101.972,HARD,Alfa Romeo,14,Dry,NA,13,4,3,4,4,4,3,4,4
160,BOT,55,77,102.918,HARD,Alfa Romeo,14,Dry,NA,13,4,3,4,4,4,3,4,4
161,BOT,56,77,103.696,HARD,Alfa Romeo,14,Dry,NA,13,4,3,4,4,4,3,4,4
162,GAS,1,10,108.429,MEDIUM,Alpine,10,Dry,NA,7,4,3,4,4,4,3,4,4
163,GAS,2,10,104.96,MEDIUM,Alpine,10,Dry,NA,7,4,3,4,4,4,3,4,4
164,GAS,3,10,105.491,MEDIUM,Alpine,10,Dry,NA,7,4,3,4,4,4,3,4,4
165,GAS,4,10,102.408,MEDIUM,Alpine,9,Dry,NA,7,4,3,4,4,4,3,4,4
166,GAS,5,10,102.636,MEDIUM,Alpine,9,Dry,NA,7,4,3,4,4,4,3,4,4
167,GAS,6,10,102.777,MEDIUM,Alpine,9,Dry,NA,7,4,3,4,4,4,3,4,4
168,GAS,7,10,102.687,MEDIUM,Alpine,9,Dry,NA,7,4,3,4,4,4,3,4,4
169,GAS,8,10,103.377,MEDIUM,Alpine,9,Dry,NA,7,4,3,4,4,4,3,4,4
170,GAS,9,10,103.14,MEDIUM,Alpine,9,Dry,NA,7,4,3,4,4,4,3,4,4
171,GAS,10,10,103.407,MEDIUM,Alpine,8,Dry,NA,7,4,3,4,4,4,3,4,4
172,GAS,11,10,103.175,MEDIUM,Alpine,8,Dry,NA,7,4,3,4,4,4,3,4,4
173,GAS,12,10,102.699,MEDIUM,Alpine,8,Dry,NA,7,4,3,4,4,4,3,4,4
174,GAS,13,10,103.459,MEDIUM,Alpine,8,Dry,NA,7,4,3,4,4,4,3,4,4
175,GAS,14,10,103.424,MEDIUM,Alpine,8,Dry,NA,7,4,3,4,4,4,3,4,4
176,GAS,15,10,103.12,MEDIUM,Alpine,8,Dry,NA,7,4,3,4,4,4,3,4,4
177,GAS,16,10,103.212,MEDIUM,Alpine,8,Dry,NA,7,4,3,4,4,4,3,4,4
178,GAS,17,10,103.443,MEDIUM,Alpine,7,Dry,NA,7,4,3,4,4,4,3,4,4
179,GAS,18,10,103.92,MEDIUM,Alpine,5,Dry,NA,7,4,3,4,4,4,3,4,4
180,GAS,19,10,120.632,MEDIUM,Alpine,11,Dry,23.9,7,4,3,4,4,4,3,4,4
181,GAS,20,10,101.882,MEDIUM,Alpine,9,Dry,NA,7,4,3,4,4,4,3,4,4
182,GAS,21,10,101.963,MEDIUM,Alpine,9,Dry,NA,7,4,3,4,4,4,3,4,4
183,GAS,22,10,102.598,MEDIUM,Alpine,9,Dry,NA,7,4,3,4,4,4,3,4,4
184,GAS,23,10,101.948,MEDIUM,Alpine,8,Dry,NA,7,4,3,4,4,4,3,4,4
185,GAS,24,10,102.035,MEDIUM,Alpine,8,Dry,NA,7,4,3,4,4,4,3,4,4
186,GAS,25,10,102.335,MEDIUM,Alpine,8,Dry,NA,7,4,3,4,4,4,3,4,4
187,GAS,26,10,102.323,MEDIUM,Alpine,8,Dry,NA,7,4,3,4,4,4,3,4,4
188,GAS,27,10,102.201,MEDIUM,Alpine,8,Dry,NA,7,4,3,4,4,4,3,4,4
189,GAS,28,10,102.465,MEDIUM,Alpine,8,Dry,NA,7,4,3,4,4,4,3,4,4
190,GAS,29,10,102.102,MEDIUM,Alpine,8,Dry,NA,7,4,3,4,4,4,3,4,4
191,GAS,30,10,102.368,MEDIUM,Alpine,8,Dry,NA,7,4,3,4,4,4,3,4,4
192,GAS,31,10,102.516,MEDIUM,Alpine,8,Dry,NA,7,4,3,4,4,4,3,4,4
193,GAS,32,10,102.237,MEDIUM,Alpine,8,Dry,NA,7,4,3,4,4,4,3,4,4
194,GAS,33,10,102.178,MEDIUM,Alpine,8,Dry,NA,7,4,3,4,4,4,3,4,4
195,GAS,34,10,101.983,MEDIUM,Alpine,8,Dry,NA,7,4,3,4,4,4,3,4,4
196,GAS,35,10,102.052,MEDIUM,Alpine,8,Dry,NA,7,4,3,4,4,4,3,4,4
197,GAS,36,10,103.869,MEDIUM,Alpine,8,Dry,NA,7,4,3,4,4,4,3,4,4
198,GAS,37,10,102.377,MEDIUM,Alpine,8,Dry,NA,7,4,3,4,4,4,3,4,4
199,GAS,38,10,122.732,HARD,Alpine,10,Dry,24.88,7,4,3,4,4,4,3,4,4
200,GAS,39,10,101.934,HARD,Alpine,10,Dry,NA,7,4,3,4,4,4,3,4,4
201,GAS,40,10,101.134,HARD,Alpine,10,Dry,NA,7,4,3,4,4,4,3,4,4
202,GAS,41,10,100.979,HARD,Alpine,9,Dry,NA,7,4,3,4,4,4,3,4,4
203,GAS,42,10,101.109,HARD,Alpine,9,Dry,NA,7,4,3,4,4,4,3,4,4
204,GAS,43,10,101.271,HARD,Alpine,8,Dry,NA,7,4,3,4,4,4,3,4,4
205,GAS,44,10,101.363,HARD,Alpine,8,Dry,NA,7,4,3,4,4,4,3,4,4
206,GAS,45,10,100.695,HARD,Alpine,8,Dry,NA,7,4,3,4,4,4,3,4,4
207,GAS,46,10,101.024,HARD,Alpine,8,Dry,NA,7,4,3,4,4,4,3,4,4
208,GAS,47,10,100.412,HARD,Alpine,8,Dry,NA,7,4,3,4,4,4,3,4,4
209,GAS,48,10,100.668,HARD,Alpine,8,Dry,NA,7,4,3,4,4,4,3,4,4
210,GAS,49,10,100.641,HARD,Alpine,8,Dry,NA,7,4,3,4,4,4,3,4,4
211,GAS,50,10,100.713,HARD,Alpine,8,Dry,NA,7,4,3,4,4,4,3,4,4
212,GAS,51,10,101.168,HARD,Alpine,8,Dry,NA,7,4,3,4,4,4,3,4,4
213,GAS,52,10,101.123,HARD,Alpine,8,Dry,NA,7,4,3,4,4,4,3,4,4
214,GAS,53,10,101.115,HARD,Alpine,8,Dry,NA,7,4,3,4,4,4,3,4,4
215,GAS,54,10,100.963,HARD,Alpine,8,Dry,NA,7,4,3,4,4,4,3,4,4
216,GAS,55,10,101.087,HARD,Alpine,8,Dry,NA,7,4,3,4,4,4,3,4,4
217,GAS,56,10,101.399,HARD,Alpine,8,Dry,NA,7,4,3,4,4,4,3,4,4
218,HAM,1,44,104.701,MEDIUM,Mercedes,4,Dry,NA,3,4,3,4,4,4,3,4,4
219,HAM,2,44,102.916,MEDIUM,Mercedes,4,Dry,NA,3,4,3,4,4,4,3,4,4
220,HAM,3,44,102.475,MEDIUM,Mercedes,4,Dry,NA,3,4,3,4,4,4,3,4,4
221,HAM,4,44,102.11,MEDIUM,Mercedes,3,Dry,NA,3,4,3,4,4,4,3,4,4
222,HAM,5,44,102.21,MEDIUM,Mercedes,3,Dry,NA,3,4,3,4,4,4,3,4,4
223,HAM,6,44,102.189,MEDIUM,Mercedes,2,Dry,NA,3,4,3,4,4,4,3,4,4
224,HAM,7,44,102.686,MEDIUM,Mercedes,2,Dry,NA,3,4,3,4,4,4,3,4,4
225,HAM,8,44,102.423,MEDIUM,Mercedes,2,Dry,NA,3,4,3,4,4,4,3,4,4
226,HAM,9,44,102.62,MEDIUM,Mercedes,2,Dry,NA,3,4,3,4,4,4,3,4,4
227,HAM,10,44,102.323,MEDIUM,Mercedes,2,Dry,NA,3,4,3,4,4,4,3,4,4
228,HAM,11,44,102.307,MEDIUM,Mercedes,2,Dry,NA,3,4,3,4,4,4,3,4,4
229,HAM,12,44,101.879,MEDIUM,Mercedes,2,Dry,NA,3,4,3,4,4,4,3,4,4
230,HAM,13,44,102.58,MEDIUM,Mercedes,2,Dry,NA,3,4,3,4,4,4,3,4,4
231,HAM,14,44,102.541,MEDIUM,Mercedes,2,Dry,NA,3,4,3,4,4,4,3,4,4
232,HAM,15,44,102.616,MEDIUM,Mercedes,2,Dry,NA,3,4,3,4,4,4,3,4,4
233,HAM,16,44,102.54,MEDIUM,Mercedes,2,Dry,NA,3,4,3,4,4,4,3,4,4
234,HAM,17,44,102.462,MEDIUM,Mercedes,2,Dry,NA,3,4,3,4,4,4,3,4,4
235,HAM,18,44,102.787,MEDIUM,Mercedes,1,Dry,NA,3,4,3,4,4,4,3,4,4
236,HAM,19,44,103.523,MEDIUM,Mercedes,1,Dry,NA,3,4,3,4,4,4,3,4,4
237,HAM,20,44,103.773,MEDIUM,Mercedes,1,Dry,NA,3,4,3,4,4,4,3,4,4
238,HAM,21,44,123.034,HARD,Mercedes,5,Dry,24.916,3,4,3,4,4,4,3,4,4
239,HAM,22,44,101.729,HARD,Mercedes,4,Dry,NA,3,4,3,4,4,4,3,4,4
240,HAM,23,44,101.227,HARD,Mercedes,4,Dry,NA,3,4,3,4,4,4,3,4,4
241,HAM,24,44,101.074,HARD,Mercedes,3,Dry,NA,3,4,3,4,4,4,3,4,4
242,HAM,25,44,101.173,HARD,Mercedes,3,Dry,NA,3,4,3,4,4,4,3,4,4
243,HAM,26,44,101.486,HARD,Mercedes,3,Dry,NA,3,4,3,4,4,4,3,4,4
244,HAM,27,44,101.154,HARD,Mercedes,3,Dry,NA,3,4,3,4,4,4,3,4,4
245,HAM,28,44,101.506,HARD,Mercedes,3,Dry,NA,3,4,3,4,4,4,3,4,4
246,HAM,29,44,101.152,HARD,Mercedes,3,Dry,NA,3,4,3,4,4,4,3,4,4
247,HAM,30,44,101.533,HARD,Mercedes,3,Dry,NA,3,4,3,4,4,4,3,4,4
248,HAM,31,44,101.31,HARD,Mercedes,3,Dry,NA,3,4,3,4,4,4,3,4,4
249,HAM,32,44,101.844,HARD,Mercedes,3,Dry,NA,3,4,3,4,4,4,3,4,4
250,HAM,33,44,101.62,HARD,Mercedes,3,Dry,NA,3,4,3,4,4,4,3,4,4
251,HAM,34,44,101.98,HARD,Mercedes,3,Dry,NA,3,4,3,4,4,4,3,4,4
252,HAM,35,44,101.225,HARD,Mercedes,2,Dry,NA,3,4,3,4,4,4,3,4,4
253,HAM,36,44,101.199,HARD,Mercedes,1,Dry,NA,3,4,3,4,4,4,3,4,4
254,HAM,37,44,101.307,HARD,Mercedes,1,Dry,NA,3,4,3,4,4,4,3,4,4
255,HAM,38,44,102.192,HARD,Mercedes,1,Dry,NA,3,4,3,4,4,4,3,4,4
256,HAM,39,44,120.679,MEDIUM,Mercedes,4,Dry,24.648,3,4,3,4,4,4,3,4,4
257,HAM,40,44,99.898,MEDIUM,Mercedes,4,Dry,NA,3,4,3,4,4,4,3,4,4
258,HAM,41,44,99.856,MEDIUM,Mercedes,4,Dry,NA,3,4,3,4,4,4,3,4,4
259,HAM,42,44,99.582,MEDIUM,Mercedes,4,Dry,NA,3,4,3,4,4,4,3,4,4
260,HAM,43,44,100.258,MEDIUM,Mercedes,3,Dry,NA,3,4,3,4,4,4,3,4,4
261,HAM,44,44,100.445,MEDIUM,Mercedes,3,Dry,NA,3,4,3,4,4,4,3,4,4
262,HAM,45,44,100.277,MEDIUM,Mercedes,3,Dry,NA,3,4,3,4,4,4,3,4,4
263,HAM,46,44,100.264,MEDIUM,Mercedes,3,Dry,NA,3,4,3,4,4,4,3,4,4
264,HAM,47,44,99.972,MEDIUM,Mercedes,3,Dry,NA,3,4,3,4,4,4,3,4,4
265,HAM,48,44,100.573,MEDIUM,Mercedes,3,Dry,NA,3,4,3,4,4,4,3,4,4
266,HAM,49,44,100.127,MEDIUM,Mercedes,2,Dry,NA,3,4,3,4,4,4,3,4,4
267,HAM,50,44,99.901,MEDIUM,Mercedes,2,Dry,NA,3,4,3,4,4,4,3,4,4
268,HAM,51,44,99.819,MEDIUM,Mercedes,2,Dry,NA,3,4,3,4,4,4,3,4,4
269,HAM,52,44,100.243,MEDIUM,Mercedes,2,Dry,NA,3,4,3,4,4,4,3,4,4
270,HAM,53,44,99.737,MEDIUM,Mercedes,2,Dry,NA,3,4,3,4,4,4,3,4,4
271,HAM,54,44,99.869,MEDIUM,Mercedes,2,Dry,NA,3,4,3,4,4,4,3,4,4
272,HAM,55,44,99.938,MEDIUM,Mercedes,2,Dry,NA,3,4,3,4,4,4,3,4,4
273,HAM,56,44,100.743,MEDIUM,Mercedes,2,Dry,NA,3,4,3,4,4,4,3,4,4
274,HUL,1,27,113.245,HARD,Haas F1 Team,19,Dry,NA,0,4,3,4,4,4,3,4,4
275,HUL,2,27,105.269,HARD,Haas F1 Team,19,Dry,NA,0,4,3,4,4,4,3,4,4
276,HUL,3,27,104.8,HARD,Haas F1 Team,19,Dry,NA,0,4,3,4,4,4,3,4,4
277,HUL,4,27,105.723,HARD,Haas F1 Team,19,Dry,NA,0,4,3,4,4,4,3,4,4
278,HUL,5,27,104.648,HARD,Haas F1 Team,18,Dry,NA,0,4,3,4,4,4,3,4,4
279,HUL,6,27,104.916,HARD,Haas F1 Team,19,Dry,NA,0,4,3,4,4,4,3,4,4
280,HUL,7,27,103.802,HARD,Haas F1 Team,19,Dry,NA,0,4,3,4,4,4,3,4,4
281,HUL,8,27,104.13,HARD,Haas F1 Team,19,Dry,NA,0,4,3,4,4,4,3,4,4
282,HUL,9,27,104.266,HARD,Haas F1 Team,19,Dry,NA,0,4,3,4,4,4,3,4,4
283,HUL,10,27,104.643,HARD,Haas F1 Team,17,Dry,NA,0,4,3,4,4,4,3,4,4
284,HUL,11,27,103.415,HARD,Haas F1 Team,14,Dry,NA,0,4,3,4,4,4,3,4,4
285,HUL,12,27,103.408,HARD,Haas F1 Team,13,Dry,NA,0,4,3,4,4,4,3,4,4
286,HUL,13,27,103.771,HARD,Haas F1 Team,13,Dry,NA,0,4,3,4,4,4,3,4,4
287,HUL,14,27,103.671,HARD,Haas F1 Team,13,Dry,NA,0,4,3,4,4,4,3,4,4
288,HUL,15,27,103.483,HARD,Haas F1 Team,13,Dry,NA,0,4,3,4,4,4,3,4,4
289,HUL,16,27,103.572,HARD,Haas F1 Team,13,Dry,NA,0,4,3,4,4,4,3,4,4
290,HUL,17,27,103.469,HARD,Haas F1 Team,13,Dry,NA,0,4,3,4,4,4,3,4,4
291,HUL,18,27,103.335,HARD,Haas F1 Team,12,Dry,NA,0,4,3,4,4,4,3,4,4
292,HUL,19,27,104.796,HARD,Haas F1 Team,12,Dry,NA,0,4,3,4,4,4,3,4,4
293,HUL,20,27,125.273,MEDIUM,Haas F1 Team,18,Dry,26.573,0,4,3,4,4,4,3,4,4
294,HUL,21,27,102.602,MEDIUM,Haas F1 Team,18,Dry,NA,0,4,3,4,4,4,3,4,4
295,HUL,22,27,101.964,MEDIUM,Haas F1 Team,18,Dry,NA,0,4,3,4,4,4,3,4,4
296,HUL,23,27,102.19,MEDIUM,Haas F1 Team,18,Dry,NA,0,4,3,4,4,4,3,4,4
297,HUL,24,27,102.003,MEDIUM,Haas F1 Team,17,Dry,NA,0,4,3,4,4,4,3,4,4
298,HUL,25,27,102.265,MEDIUM,Haas F1 Team,17,Dry,NA,0,4,3,4,4,4,3,4,4
299,HUL,26,27,102.329,MEDIUM,Haas F1 Team,17,Dry,NA,0,4,3,4,4,4,3,4,4
300,HUL,27,27,102.84,MEDIUM,Haas F1 Team,17,Dry,NA,0,4,3,4,4,4,3,4,4
301,HUL,28,27,102.74,MEDIUM,Haas F1 Team,16,Dry,NA,0,4,3,4,4,4,3,4,4
302,HUL,29,27,102.896,MEDIUM,Haas F1 Team,15,Dry,NA,0,4,3,4,4,4,3,4,4
303,HUL,30,27,101.874,MEDIUM,Haas F1 Team,13,Dry,NA,0,4,3,4,4,4,3,4,4
304,HUL,31,27,101.682,MEDIUM,Haas F1 Team,12,Dry,NA,0,4,3,4,4,4,3,4,4
305,HUL,32,27,102.446,MEDIUM,Haas F1 Team,12,Dry,NA,0,4,3,4,4,4,3,4,4
306,HUL,33,27,103.145,MEDIUM,Haas F1 Team,12,Dry,NA,0,4,3,4,4,4,3,4,4
307,HUL,34,27,102.889,MEDIUM,Haas F1 Team,12,Dry,NA,0,4,3,4,4,4,3,4,4
308,HUL,35,27,121.785,MEDIUM,Haas F1 Team,15,Dry,24.308,0,4,3,4,4,4,3,4,4
309,HUL,36,27,101.458,MEDIUM,Haas F1 Team,15,Dry,NA,0,4,3,4,4,4,3,4,4
310,HUL,37,27,101.014,MEDIUM,Haas F1 Team,14,Dry,NA,0,4,3,4,4,4,3,4,4
311,HUL,38,27,101.175,MEDIUM,Haas F1 Team,14,Dry,NA,0,4,3,4,4,4,3,4,4
312,HUL,39,27,101.154,MEDIUM,Haas F1 Team,14,Dry,NA,0,4,3,4,4,4,3,4,4
313,HUL,40,27,101.108,MEDIUM,Haas F1 Team,14,Dry,NA,0,4,3,4,4,4,3,4,4
314,HUL,41,27,102.036,MEDIUM,Haas F1 Team,14,Dry,NA,0,4,3,4,4,4,3,4,4
315,HUL,42,27,101.736,MEDIUM,Haas F1 Team,14,Dry,NA,0,4,3,4,4,4,3,4,4
316,HUL,43,27,101.845,MEDIUM,Haas F1 Team,14,Dry,NA,0,4,3,4,4,4,3,4,4
317,HUL,44,27,102.412,MEDIUM,Haas F1 Team,14,Dry,NA,0,4,3,4,4,4,3,4,4
318,HUL,45,27,100.925,MEDIUM,Haas F1 Team,13,Dry,NA,0,4,3,4,4,4,3,4,4
319,HUL,46,27,101.864,MEDIUM,Haas F1 Team,13,Dry,NA,0,4,3,4,4,4,3,4,4
320,HUL,47,27,101.919,MEDIUM,Haas F1 Team,13,Dry,NA,0,4,3,4,4,4,3,4,4
321,HUL,48,27,101.654,MEDIUM,Haas F1 Team,13,Dry,NA,0,4,3,4,4,4,3,4,4
322,HUL,49,27,101.614,MEDIUM,Haas F1 Team,13,Dry,NA,0,4,3,4,4,4,3,4,4
323,HUL,50,27,102.462,MEDIUM,Haas F1 Team,12,Dry,NA,0,4,3,4,4,4,3,4,4
324,HUL,51,27,102.869,MEDIUM,Haas F1 Team,12,Dry,NA,0,4,3,4,4,4,3,4,4
325,HUL,52,27,103.84,MEDIUM,Haas F1 Team,13,Dry,NA,0,4,3,4,4,4,3,4,4
326,HUL,53,27,102.869,MEDIUM,Haas F1 Team,13,Dry,NA,0,4,3,4,4,4,3,4,4
327,HUL,54,27,102.65,MEDIUM,Haas F1 Team,13,Dry,NA,0,4,3,4,4,4,3,4,4
328,HUL,55,27,102.45,MEDIUM,Haas F1 Team,13,Dry,NA,0,4,3,4,4,4,3,4,4
329,HUL,56,27,102.927,MEDIUM,Haas F1 Team,13,Dry,NA,0,4,3,4,4,4,3,4,4
330,LEC,1,16,103.482,MEDIUM,Ferrari,2,Dry,NA,1,4,3,4,4,4,3,4,4
331,LEC,2,16,102.619,MEDIUM,Ferrari,2,Dry,NA,1,4,3,4,4,4,3,4,4
332,LEC,3,16,102.319,MEDIUM,Ferrari,2,Dry,NA,1,4,3,4,4,4,3,4,4
333,LEC,4,16,102.538,MEDIUM,Ferrari,2,Dry,NA,1,4,3,4,4,4,3,4,4
334,LEC,5,16,102.805,MEDIUM,Ferrari,2,Dry,NA,1,4,3,4,4,4,3,4,4
335,LEC,6,16,103.612,MEDIUM,Ferrari,3,Dry,NA,1,4,3,4,4,4,3,4,4
336,LEC,7,16,103.149,MEDIUM,Ferrari,3,Dry,NA,1,4,3,4,4,4,3,4,4
337,LEC,8,16,103.163,MEDIUM,Ferrari,3,Dry,NA,1,4,3,4,4,4,3,4,4
338,LEC,9,16,102.757,MEDIUM,Ferrari,3,Dry,NA,1,4,3,4,4,4,3,4,4
339,LEC,10,16,103.03,MEDIUM,Ferrari,3,Dry,NA,1,4,3,4,4,4,3,4,4
340,LEC,11,16,104.45,MEDIUM,Ferrari,4,Dry,NA,1,4,3,4,4,4,3,4,4
341,LEC,12,16,102.762,MEDIUM,Ferrari,4,Dry,NA,1,4,3,4,4,4,3,4,4
342,LEC,13,16,102.762,MEDIUM,Ferrari,4,Dry,NA,1,4,3,4,4,4,3,4,4
343,LEC,14,16,102.771,MEDIUM,Ferrari,4,Dry,NA,1,4,3,4,4,4,3,4,4
344,LEC,15,16,102.831,MEDIUM,Ferrari,4,Dry,NA,1,4,3,4,4,4,3,4,4
345,LEC,16,16,102.801,MEDIUM,Ferrari,4,Dry,NA,1,4,3,4,4,4,3,4,4
346,LEC,17,16,102.53,MEDIUM,Ferrari,3,Dry,NA,1,4,3,4,4,4,3,4,4
347,LEC,18,16,102.717,MEDIUM,Ferrari,2,Dry,NA,1,4,3,4,4,4,3,4,4
348,LEC,19,16,103.074,MEDIUM,Ferrari,2,Dry,NA,1,4,3,4,4,4,3,4,4
349,LEC,20,16,103.2,MEDIUM,Ferrari,2,Dry,NA,1,4,3,4,4,4,3,4,4
350,LEC,21,16,103.366,MEDIUM,Ferrari,1,Dry,NA,1,4,3,4,4,4,3,4,4
351,LEC,22,16,103.617,MEDIUM,Ferrari,1,Dry,NA,1,4,3,4,4,4,3,4,4
352,LEC,23,16,103.57,MEDIUM,Ferrari,1,Dry,NA,1,4,3,4,4,4,3,4,4
353,LEC,24,16,122.894,HARD,Ferrari,6,Dry,23.963,1,4,3,4,4,4,3,4,4
354,LEC,25,16,102.103,HARD,Ferrari,6,Dry,NA,1,4,3,4,4,4,3,4,4
355,LEC,26,16,102.055,HARD,Ferrari,6,Dry,NA,1,4,3,4,4,4,3,4,4
356,LEC,27,16,101.398,HARD,Ferrari,6,Dry,NA,1,4,3,4,4,4,3,4,4
357,LEC,28,16,101.397,HARD,Ferrari,6,Dry,NA,1,4,3,4,4,4,3,4,4
358,LEC,29,16,101.386,HARD,Ferrari,6,Dry,NA,1,4,3,4,4,4,3,4,4
359,LEC,30,16,101.75,HARD,Ferrari,6,Dry,NA,1,4,3,4,4,4,3,4,4
360,LEC,31,16,101.715,HARD,Ferrari,6,Dry,NA,1,4,3,4,4,4,3,4,4
361,LEC,32,16,101.721,HARD,Ferrari,6,Dry,NA,1,4,3,4,4,4,3,4,4
362,LEC,33,16,101.329,HARD,Ferrari,6,Dry,NA,1,4,3,4,4,4,3,4,4
363,LEC,34,16,101.328,HARD,Ferrari,6,Dry,NA,1,4,3,4,4,4,3,4,4
364,LEC,35,16,101.273,HARD,Ferrari,5,Dry,NA,1,4,3,4,4,4,3,4,4
365,LEC,36,16,101.501,HARD,Ferrari,3,Dry,NA,1,4,3,4,4,4,3,4,4
366,LEC,37,16,101.101,HARD,Ferrari,3,Dry,NA,1,4,3,4,4,4,3,4,4
367,LEC,38,16,101.025,HARD,Ferrari,2,Dry,NA,1,4,3,4,4,4,3,4,4
368,LEC,39,16,102.8,HARD,Ferrari,3,Dry,NA,1,4,3,4,4,4,3,4,4
369,LEC,40,16,101.19,HARD,Ferrari,3,Dry,NA,1,4,3,4,4,4,3,4,4
370,LEC,41,16,101.652,HARD,Ferrari,3,Dry,NA,1,4,3,4,4,4,3,4,4
371,LEC,42,16,101.41,HARD,Ferrari,3,Dry,NA,1,4,3,4,4,4,3,4,4
372,LEC,43,16,102.15,HARD,Ferrari,4,Dry,NA,1,4,3,4,4,4,3,4,4
373,LEC,44,16,101.422,HARD,Ferrari,4,Dry,NA,1,4,3,4,4,4,3,4,4
374,LEC,45,16,101.305,HARD,Ferrari,4,Dry,NA,1,4,3,4,4,4,3,4,4
375,LEC,46,16,101.248,HARD,Ferrari,4,Dry,NA,1,4,3,4,4,4,3,4,4
376,LEC,47,16,101.175,HARD,Ferrari,4,Dry,NA,1,4,3,4,4,4,3,4,4
377,LEC,48,16,101.25,HARD,Ferrari,4,Dry,NA,1,4,3,4,4,4,3,4,4
378,LEC,49,16,101.4,HARD,Ferrari,4,Dry,NA,1,4,3,4,4,4,3,4,4
379,LEC,50,16,102.085,HARD,Ferrari,5,Dry,NA,1,4,3,4,4,4,3,4,4
380,LEC,51,16,101.064,HARD,Ferrari,5,Dry,NA,1,4,3,4,4,4,3,4,4
381,LEC,52,16,102.19,HARD,Ferrari,5,Dry,NA,1,4,3,4,4,4,3,4,4
382,LEC,53,16,102.656,HARD,Ferrari,6,Dry,NA,1,4,3,4,4,4,3,4,4
383,LEC,54,16,101.882,HARD,Ferrari,6,Dry,NA,1,4,3,4,4,4,3,4,4
384,LEC,55,16,102.519,HARD,Ferrari,6,Dry,NA,1,4,3,4,4,4,3,4,4
385,LEC,56,16,102.725,HARD,Ferrari,6,Dry,NA,1,4,3,4,4,4,3,4,4
386,MAG,1,20,111.572,MEDIUM,Haas F1 Team,16,Dry,NA,0,4,3,4,4,4,3,4,4
387,MAG,2,20,105.395,MEDIUM,Haas F1 Team,16,Dry,NA,0,4,3,4,4,4,3,4,4
388,MAG,3,20,104.642,MEDIUM,Haas F1 Team,16,Dry,NA,0,4,3,4,4,4,3,4,4
389,MAG,4,20,105.433,MEDIUM,Haas F1 Team,15,Dry,NA,0,4,3,4,4,4,3,4,4
390,MAG,5,20,103.618,MEDIUM,Haas F1 Team,15,Dry,NA,0,4,3,4,4,4,3,4,4
391,MAG,6,20,103.521,MEDIUM,Haas F1 Team,15,Dry,NA,0,4,3,4,4,4,3,4,4
392,MAG,7,20,103.874,MEDIUM,Haas F1 Team,15,Dry,NA,0,4,3,4,4,4,3,4,4
393,MAG,8,20,104.096,MEDIUM,Haas F1 Team,15,Dry,NA,0,4,3,4,4,4,3,4,4
394,MAG,9,20,103.824,MEDIUM,Haas F1 Team,15,Dry,NA,0,4,3,4,4,4,3,4,4
395,MAG,10,20,104.749,MEDIUM,Haas F1 Team,13,Dry,NA,0,4,3,4,4,4,3,4,4
396,MAG,11,20,124.946,HARD,Haas F1 Team,18,Dry,25.067,0,4,3,4,4,4,3,4,4
397,MAG,12,20,103.658,HARD,Haas F1 Team,17,Dry,NA,0,4,3,4,4,4,3,4,4
398,MAG,13,20,104.629,HARD,Haas F1 Team,18,Dry,NA,0,4,3,4,4,4,3,4,4
399,MAG,14,20,103.941,HARD,Haas F1 Team,18,Dry,NA,0,4,3,4,4,4,3,4,4
400,MAG,15,20,103.867,HARD,Haas F1 Team,18,Dry,NA,0,4,3,4,4,4,3,4,4
401,MAG,16,20,103.726,HARD,Haas F1 Team,18,Dry,NA,0,4,3,4,4,4,3,4,4
402,MAG,17,20,103.225,HARD,Haas F1 Team,18,Dry,NA,0,4,3,4,4,4,3,4,4
403,MAG,18,20,102.918,HARD,Haas F1 Team,18,Dry,NA,0,4,3,4,4,4,3,4,4
404,MAG,19,20,103.133,HARD,Haas F1 Team,18,Dry,NA,0,4,3,4,4,4,3,4,4
405,MAG,20,20,103.105,HARD,Haas F1 Team,17,Dry,NA,0,4,3,4,4,4,3,4,4
406,MAG,21,20,104.551,HARD,Haas F1 Team,17,Dry,NA,0,4,3,4,4,4,3,4,4
407,MAG,22,20,103.838,HARD,Haas F1 Team,17,Dry,NA,0,4,3,4,4,4,3,4,4
408,MAG,23,20,103.784,HARD,Haas F1 Team,17,Dry,NA,0,4,3,4,4,4,3,4,4
409,MAG,24,20,104.564,HARD,Haas F1 Team,18,Dry,NA,0,4,3,4,4,4,3,4,4
410,MAG,25,20,103.893,HARD,Haas F1 Team,18,Dry,NA,0,4,3,4,4,4,3,4,4
411,MAG,26,20,103.862,HARD,Haas F1 Team,18,Dry,NA,0,4,3,4,4,4,3,4,4
412,MAG,27,20,103.822,HARD,Haas F1 Team,18,Dry,NA,0,4,3,4,4,4,3,4,4
413,MAG,28,20,103.913,HARD,Haas F1 Team,17,Dry,NA,0,4,3,4,4,4,3,4,4
414,MAG,29,20,104.007,HARD,Haas F1 Team,16,Dry,NA,0,4,3,4,4,4,3,4,4
415,MAG,30,20,123.839,MEDIUM,Haas F1 Team,18,Dry,24.745,0,4,3,4,4,4,3,4,4
416,MAG,31,20,102.909,MEDIUM,Haas F1 Team,18,Dry,NA,0,4,3,4,4,4,3,4,4
417,MAG,32,20,102.031,MEDIUM,Haas F1 Team,18,Dry,NA,0,4,3,4,4,4,3,4,4
418,MAG,33,20,102.07,MEDIUM,Haas F1 Team,18,Dry,NA,0,4,3,4,4,4,3,4,4
419,MAG,34,20,102.159,MEDIUM,Haas F1 Team,18,Dry,NA,0,4,3,4,4,4,3,4,4
420,MAG,35,20,102.115,MEDIUM,Haas F1 Team,18,Dry,NA,0,4,3,4,4,4,3,4,4
421,MAG,36,20,102.669,MEDIUM,Haas F1 Team,18,Dry,NA,0,4,3,4,4,4,3,4,4
422,MAG,37,20,102.553,MEDIUM,Haas F1 Team,18,Dry,NA,0,4,3,4,4,4,3,4,4
423,MAG,38,20,102.428,MEDIUM,Haas F1 Team,18,Dry,NA,0,4,3,4,4,4,3,4,4
424,MAG,39,20,102.296,MEDIUM,Haas F1 Team,18,Dry,NA,0,4,3,4,4,4,3,4,4
425,MAG,40,20,102.313,MEDIUM,Haas F1 Team,18,Dry,NA,0,4,3,4,4,4,3,4,4
426,MAG,41,20,101.506,MEDIUM,Haas F1 Team,18,Dry,NA,0,4,3,4,4,4,3,4,4
427,MAG,42,20,101.547,MEDIUM,Haas F1 Team,18,Dry,NA,0,4,3,4,4,4,3,4,4
428,MAG,43,20,102.509,MEDIUM,Haas F1 Team,18,Dry,NA,0,4,3,4,4,4,3,4,4
429,MAG,44,20,102.293,MEDIUM,Haas F1 Team,18,Dry,NA,0,4,3,4,4,4,3,4,4
430,MAG,45,20,102.377,MEDIUM,Haas F1 Team,18,Dry,NA,0,4,3,4,4,4,3,4,4
431,MAG,46,20,102.161,MEDIUM,Haas F1 Team,18,Dry,NA,0,4,3,4,4,4,3,4,4
432,MAG,47,20,102.281,MEDIUM,Haas F1 Team,18,Dry,NA,0,4,3,4,4,4,3,4,4
433,MAG,48,20,101.931,MEDIUM,Haas F1 Team,17,Dry,NA,0,4,3,4,4,4,3,4,4
434,MAG,49,20,101.732,MEDIUM,Haas F1 Team,17,Dry,NA,0,4,3,4,4,4,3,4,4
435,MAG,50,20,101.616,MEDIUM,Haas F1 Team,16,Dry,NA,0,4,3,4,4,4,3,4,4
436,MAG,51,20,102.208,MEDIUM,Haas F1 Team,16,Dry,NA,0,4,3,4,4,4,3,4,4
437,MAG,52,20,102.139,MEDIUM,Haas F1 Team,16,Dry,NA,0,4,3,4,4,4,3,4,4
438,MAG,53,20,102.395,MEDIUM,Haas F1 Team,16,Dry,NA,0,4,3,4,4,4,3,4,4
439,MAG,54,20,107.413,MEDIUM,Haas F1 Team,16,Dry,NA,0,4,3,4,4,4,3,4,4
440,MAG,55,20,103.838,MEDIUM,Haas F1 Team,16,Dry,NA,0,4,3,4,4,4,3,4,4
441,NOR,1,4,101.712,MEDIUM,McLaren,1,Dry,NA,2,4,3,4,4,4,3,4,4
442,NOR,2,4,101.982,MEDIUM,McLaren,1,Dry,NA,2,4,3,4,4,4,3,4,4
443,NOR,3,4,102.28,MEDIUM,McLaren,1,Dry,NA,2,4,3,4,4,4,3,4,4
444,NOR,4,4,102.331,MEDIUM,McLaren,1,Dry,NA,2,4,3,4,4,4,3,4,4
445,NOR,5,4,102.244,MEDIUM,McLaren,1,Dry,NA,2,4,3,4,4,4,3,4,4
446,NOR,6,4,102.802,MEDIUM,McLaren,1,Dry,NA,2,4,3,4,4,4,3,4,4
447,NOR,7,4,102.742,MEDIUM,McLaren,1,Dry,NA,2,4,3,4,4,4,3,4,4
448,NOR,8,4,102.5,MEDIUM,McLaren,1,Dry,NA,2,4,3,4,4,4,3,4,4
449,NOR,9,4,102.667,MEDIUM,McLaren,1,Dry,NA,2,4,3,4,4,4,3,4,4
450,NOR,10,4,102.391,MEDIUM,McLaren,1,Dry,NA,2,4,3,4,4,4,3,4,4
451,NOR,11,4,102.426,MEDIUM,McLaren,1,Dry,NA,2,4,3,4,4,4,3,4,4
452,NOR,12,4,102.113,MEDIUM,McLaren,1,Dry,NA,2,4,3,4,4,4,3,4,4
453,NOR,13,4,103.071,MEDIUM,McLaren,1,Dry,NA,2,4,3,4,4,4,3,4,4
454,NOR,14,4,102.792,MEDIUM,McLaren,1,Dry,NA,2,4,3,4,4,4,3,4,4
455,NOR,15,4,102.557,MEDIUM,McLaren,1,Dry,NA,2,4,3,4,4,4,3,4,4
456,NOR,16,4,102.725,MEDIUM,McLaren,1,Dry,NA,2,4,3,4,4,4,3,4,4
457,NOR,17,4,102.594,MEDIUM,McLaren,1,Dry,NA,2,4,3,4,4,4,3,4,4
458,NOR,18,4,121.475,HARD,McLaren,4,Dry,24.155,2,4,3,4,4,4,3,4,4
459,NOR,19,4,101.366,HARD,McLaren,4,Dry,NA,2,4,3,4,4,4,3,4,4
460,NOR,20,4,101.471,HARD,McLaren,4,Dry,NA,2,4,3,4,4,4,3,4,4
461,NOR,21,4,101.192,HARD,McLaren,2,Dry,NA,2,4,3,4,4,4,3,4,4
462,NOR,22,4,101.262,HARD,McLaren,2,Dry,NA,2,4,3,4,4,4,3,4,4
463,NOR,23,4,101.388,HARD,McLaren,2,Dry,NA,2,4,3,4,4,4,3,4,4
464,NOR,24,4,100.97,HARD,McLaren,1,Dry,NA,2,4,3,4,4,4,3,4,4
465,NOR,25,4,102.405,HARD,McLaren,1,Dry,NA,2,4,3,4,4,4,3,4,4
466,NOR,26,4,102.115,HARD,McLaren,1,Dry,NA,2,4,3,4,4,4,3,4,4
467,NOR,27,4,101.83,HARD,McLaren,1,Dry,NA,2,4,3,4,4,4,3,4,4
468,NOR,28,4,103.15,HARD,McLaren,2,Dry,NA,2,4,3,4,4,4,3,4,4
469,NOR,29,4,102.008,HARD,McLaren,2,Dry,NA,2,4,3,4,4,4,3,4,4
470,NOR,30,4,101.493,HARD,McLaren,2,Dry,NA,2,4,3,4,4,4,3,4,4
471,NOR,31,4,101.56,HARD,McLaren,2,Dry,NA,2,4,3,4,4,4,3,4,4
472,NOR,32,4,102.211,HARD,McLaren,2,Dry,NA,2,4,3,4,4,4,3,4,4
473,NOR,33,4,102.812,HARD,McLaren,2,Dry,NA,2,4,3,4,4,4,3,4,4
474,NOR,34,4,102.13,HARD,McLaren,2,Dry,NA,2,4,3,4,4,4,3,4,4
475,NOR,35,4,120.773,HARD,McLaren,6,Dry,23.361,2,4,3,4,4,4,3,4,4
476,NOR,36,4,101.438,HARD,McLaren,5,Dry,NA,2,4,3,4,4,4,3,4,4
477,NOR,37,4,100.684,HARD,McLaren,5,Dry,NA,2,4,3,4,4,4,3,4,4
478,NOR,38,4,100.025,HARD,McLaren,4,Dry,NA,2,4,3,4,4,4,3,4,4
479,NOR,39,4,99.985,HARD,McLaren,2,Dry,NA,2,4,3,4,4,4,3,4,4
480,NOR,40,4,100.437,HARD,McLaren,2,Dry,NA,2,4,3,4,4,4,3,4,4
481,NOR,41,4,100.733,HARD,McLaren,2,Dry,NA,2,4,3,4,4,4,3,4,4
482,NOR,42,4,100.635,HARD,McLaren,2,Dry,NA,2,4,3,4,4,4,3,4,4
483,NOR,43,4,100.471,HARD,McLaren,2,Dry,NA,2,4,3,4,4,4,3,4,4
484,NOR,44,4,100.714,HARD,McLaren,2,Dry,NA,2,4,3,4,4,4,3,4,4
485,NOR,45,4,100.616,HARD,McLaren,2,Dry,NA,2,4,3,4,4,4,3,4,4
486,NOR,46,4,101.107,HARD,McLaren,2,Dry,NA,2,4,3,4,4,4,3,4,4
487,NOR,47,4,101.166,HARD,McLaren,2,Dry,NA,2,4,3,4,4,4,3,4,4
488,NOR,48,4,101.222,HARD,McLaren,2,Dry,NA,2,4,3,4,4,4,3,4,4
489,NOR,49,4,102.748,HARD,McLaren,3,Dry,NA,2,4,3,4,4,4,3,4,4
490,NOR,50,4,101.175,HARD,McLaren,3,Dry,NA,2,4,3,4,4,4,3,4,4
491,NOR,51,4,100.838,HARD,McLaren,3,Dry,NA,2,4,3,4,4,4,3,4,4
492,NOR,52,4,101.004,HARD,McLaren,3,Dry,NA,2,4,3,4,4,4,3,4,4
493,NOR,53,4,100.682,HARD,McLaren,3,Dry,NA,2,4,3,4,4,4,3,4,4
494,NOR,54,4,100.904,HARD,McLaren,3,Dry,NA,2,4,3,4,4,4,3,4,4
495,NOR,55,4,100.884,HARD,McLaren,3,Dry,NA,2,4,3,4,4,4,3,4,4
496,NOR,56,4,101.084,HARD,McLaren,3,Dry,NA,2,4,3,4,4,4,3,4,4
497,OCO,1,31,107.31,MEDIUM,Alpine,7,Dry,NA,8,4,3,4,4,4,3,4,4
498,OCO,2,31,104.789,MEDIUM,Alpine,7,Dry,NA,8,4,3,4,4,4,3,4,4
499,OCO,3,31,106.421,MEDIUM,Alpine,9,Dry,NA,8,4,3,4,4,4,3,4,4
500,OCO,4,31,110.009,MEDIUM,Alpine,18,Dry,NA,8,4,3,4,4,4,3,4,4
501,OCO,5,31,108.938,MEDIUM,Alpine,20,Dry,NA,8,4,3,4,4,4,3,4,4
502,OCO,6,31,110.982,MEDIUM,Alpine,20,Dry,NA,8,4,3,4,4,4,3,4,4
503,PER,1,11,108.071,MEDIUM,Red Bull Racing,9,Dry,NA,9,4,3,4,4,4,3,4,4
504,PER,2,11,104.884,MEDIUM,Red Bull Racing,9,Dry,NA,9,4,3,4,4,4,3,4,4
505,PER,3,11,103.862,MEDIUM,Red Bull Racing,8,Dry,NA,9,4,3,4,4,4,3,4,4
506,PER,4,11,102.175,MEDIUM,Red Bull Racing,8,Dry,NA,9,4,3,4,4,4,3,4,4
507,PER,5,11,102.527,MEDIUM,Red Bull Racing,8,Dry,NA,9,4,3,4,4,4,3,4,4
508,PER,6,11,102.849,MEDIUM,Red Bull Racing,8,Dry,NA,9,4,3,4,4,4,3,4,4
509,PER,7,11,102.894,MEDIUM,Red Bull Racing,8,Dry,NA,9,4,3,4,4,4,3,4,4
510,PER,8,11,103.505,MEDIUM,Red Bull Racing,8,Dry,NA,9,4,3,4,4,4,3,4,4
511,PER,9,11,103.419,MEDIUM,Red Bull Racing,8,Dry,NA,9,4,3,4,4,4,3,4,4
512,PER,10,11,103.07,MEDIUM,Red Bull Racing,7,Dry,NA,9,4,3,4,4,4,3,4,4
513,PER,11,11,102.676,MEDIUM,Red Bull Racing,7,Dry,NA,9,4,3,4,4,4,3,4,4
514,PER,12,11,102.473,MEDIUM,Red Bull Racing,7,Dry,NA,9,4,3,4,4,4,3,4,4
515,PER,13,11,103.051,MEDIUM,Red Bull Racing,7,Dry,NA,9,4,3,4,4,4,3,4,4
516,PER,14,11,102.695,MEDIUM,Red Bull Racing,7,Dry,NA,9,4,3,4,4,4,3,4,4
517,PER,15,11,103.188,MEDIUM,Red Bull Racing,7,Dry,NA,9,4,3,4,4,4,3,4,4
518,PER,16,11,102.992,MEDIUM,Red Bull Racing,7,Dry,NA,9,4,3,4,4,4,3,4,4
519,PER,17,11,103.567,MEDIUM,Red Bull Racing,6,Dry,NA,9,4,3,4,4,4,3,4,4
520,PER,18,11,121.339,MEDIUM,Red Bull Racing,10,Dry,24.245,9,4,3,4,4,4,3,4,4
521,PER,19,11,101.399,MEDIUM,Red Bull Racing,8,Dry,NA,9,4,3,4,4,4,3,4,4
522,PER,20,11,101.335,MEDIUM,Red Bull Racing,8,Dry,NA,9,4,3,4,4,4,3,4,4
523,PER,21,11,101.501,MEDIUM,Red Bull Racing,7,Dry,NA,9,4,3,4,4,4,3,4,4
524,PER,22,11,101.292,MEDIUM,Red Bull Racing,6,Dry,NA,9,4,3,4,4,4,3,4,4
525,PER,23,11,101.403,MEDIUM,Red Bull Racing,6,Dry,NA,9,4,3,4,4,4,3,4,4
526,PER,24,11,101.445,MEDIUM,Red Bull Racing,5,Dry,NA,9,4,3,4,4,4,3,4,4
527,PER,25,11,101.166,MEDIUM,Red Bull Racing,5,Dry,NA,9,4,3,4,4,4,3,4,4
528,PER,26,11,101.79,MEDIUM,Red Bull Racing,5,Dry,NA,9,4,3,4,4,4,3,4,4
529,PER,27,11,101.164,MEDIUM,Red Bull Racing,5,Dry,NA,9,4,3,4,4,4,3,4,4
530,PER,28,11,101.377,MEDIUM,Red Bull Racing,5,Dry,NA,9,4,3,4,4,4,3,4,4
531,PER,29,11,101.214,MEDIUM,Red Bull Racing,5,Dry,NA,9,4,3,4,4,4,3,4,4
532,PER,30,11,101.28,MEDIUM,Red Bull Racing,5,Dry,NA,9,4,3,4,4,4,3,4,4
533,PER,31,11,101.378,MEDIUM,Red Bull Racing,5,Dry,NA,9,4,3,4,4,4,3,4,4
534,PER,32,11,101.804,MEDIUM,Red Bull Racing,5,Dry,NA,9,4,3,4,4,4,3,4,4
535,PER,33,11,102,MEDIUM,Red Bull Racing,5,Dry,NA,9,4,3,4,4,4,3,4,4
536,PER,34,11,101.238,MEDIUM,Red Bull Racing,5,Dry,NA,9,4,3,4,4,4,3,4,4
537,PER,35,11,101.706,MEDIUM,Red Bull Racing,4,Dry,NA,9,4,3,4,4,4,3,4,4
538,PER,36,11,101.79,MEDIUM,Red Bull Racing,2,Dry,NA,9,4,3,4,4,4,3,4,4
539,PER,37,11,101.956,MEDIUM,Red Bull Racing,2,Dry,NA,9,4,3,4,4,4,3,4,4
540,PER,38,11,121.015,HARD,Red Bull Racing,7,Dry,23.747,9,4,3,4,4,4,3,4,4
541,PER,39,11,99.881,HARD,Red Bull Racing,7,Dry,NA,9,4,3,4,4,4,3,4,4
542,PER,40,11,99.737,HARD,Red Bull Racing,6,Dry,NA,9,4,3,4,4,4,3,4,4
543,PER,41,11,100.837,HARD,Red Bull Racing,6,Dry,NA,9,4,3,4,4,4,3,4,4
544,PER,42,11,100.763,HARD,Red Bull Racing,6,Dry,NA,9,4,3,4,4,4,3,4,4
545,PER,43,11,101.046,HARD,Red Bull Racing,6,Dry,NA,9,4,3,4,4,4,3,4,4
546,PER,44,11,101.277,HARD,Red Bull Racing,6,Dry,NA,9,4,3,4,4,4,3,4,4
547,PER,45,11,100.684,HARD,Red Bull Racing,6,Dry,NA,9,4,3,4,4,4,3,4,4
548,PER,46,11,100.727,HARD,Red Bull Racing,6,Dry,NA,9,4,3,4,4,4,3,4,4
549,PER,47,11,100.759,HARD,Red Bull Racing,6,Dry,NA,9,4,3,4,4,4,3,4,4
550,PER,48,11,100.528,HARD,Red Bull Racing,6,Dry,NA,9,4,3,4,4,4,3,4,4
551,PER,49,11,100.319,HARD,Red Bull Racing,6,Dry,NA,9,4,3,4,4,4,3,4,4
552,PER,50,11,100.129,HARD,Red Bull Racing,6,Dry,NA,9,4,3,4,4,4,3,4,4
553,PER,51,11,100.268,HARD,Red Bull Racing,6,Dry,NA,9,4,3,4,4,4,3,4,4
554,PER,52,11,101.107,HARD,Red Bull Racing,6,Dry,NA,9,4,3,4,4,4,3,4,4
555,PER,53,11,100.38,HARD,Red Bull Racing,5,Dry,NA,9,4,3,4,4,4,3,4,4
556,PER,54,11,100.956,HARD,Red Bull Racing,5,Dry,NA,9,4,3,4,4,4,3,4,4
557,PER,55,11,100.875,HARD,Red Bull Racing,5,Dry,NA,9,4,3,4,4,4,3,4,4
558,PER,56,11,101.059,HARD,Red Bull Racing,5,Dry,NA,9,4,3,4,4,4,3,4,4
559,PIA,1,81,106.169,MEDIUM,McLaren,6,Dry,NA,10,4,3,4,4,4,3,4,4
560,PIA,2,81,103.799,MEDIUM,McLaren,6,Dry,NA,10,4,3,4,4,4,3,4,4
561,PIA,3,81,102.929,MEDIUM,McLaren,6,Dry,NA,10,4,3,4,4,4,3,4,4
562,PIA,4,81,102.82,MEDIUM,McLaren,6,Dry,NA,10,4,3,4,4,4,3,4,4
563,PIA,5,81,102.705,MEDIUM,McLaren,6,Dry,NA,10,4,3,4,4,4,3,4,4
564,PIA,6,81,102.837,MEDIUM,McLaren,6,Dry,NA,10,4,3,4,4,4,3,4,4
565,PIA,7,81,103.325,MEDIUM,McLaren,6,Dry,NA,10,4,3,4,4,4,3,4,4
566,PIA,8,81,103.427,MEDIUM,McLaren,6,Dry,NA,10,4,3,4,4,4,3,4,4
567,PIA,9,81,103.263,MEDIUM,McLaren,6,Dry,NA,10,4,3,4,4,4,3,4,4
568,PIA,10,81,128.29,MEDIUM,McLaren,18,Dry,NA,10,4,3,4,4,4,3,4,4
569,RIC,1,3,109.807,MEDIUM,AlphaTauri,13,Dry,NA,14,4,3,4,4,4,3,4,4
570,RIC,2,3,105.228,MEDIUM,AlphaTauri,13,Dry,NA,14,4,3,4,4,4,3,4,4
571,RIC,3,3,105.061,MEDIUM,AlphaTauri,13,Dry,NA,14,4,3,4,4,4,3,4,4
572,RIC,4,3,104.687,MEDIUM,AlphaTauri,12,Dry,NA,14,4,3,4,4,4,3,4,4
573,RIC,5,3,103.556,MEDIUM,AlphaTauri,12,Dry,NA,14,4,3,4,4,4,3,4,4
574,RIC,6,3,103.464,MEDIUM,AlphaTauri,12,Dry,NA,14,4,3,4,4,4,3,4,4
575,RIC,7,3,103.709,MEDIUM,AlphaTauri,12,Dry,NA,14,4,3,4,4,4,3,4,4
576,RIC,8,3,103.82,MEDIUM,AlphaTauri,12,Dry,NA,14,4,3,4,4,4,3,4,4
577,RIC,9,3,103.635,MEDIUM,AlphaTauri,12,Dry,NA,14,4,3,4,4,4,3,4,4
578,RIC,10,3,103.451,MEDIUM,AlphaTauri,10,Dry,NA,14,4,3,4,4,4,3,4,4
579,RIC,11,3,103.117,MEDIUM,AlphaTauri,10,Dry,NA,14,4,3,4,4,4,3,4,4
580,RIC,12,3,103.126,MEDIUM,AlphaTauri,10,Dry,NA,14,4,3,4,4,4,3,4,4
581,RIC,13,3,103.335,MEDIUM,AlphaTauri,10,Dry,NA,14,4,3,4,4,4,3,4,4
582,RIC,14,3,103.399,MEDIUM,AlphaTauri,10,Dry,NA,14,4,3,4,4,4,3,4,4
583,RIC,15,3,103.363,MEDIUM,AlphaTauri,10,Dry,NA,14,4,3,4,4,4,3,4,4
584,RIC,16,3,103.154,MEDIUM,AlphaTauri,10,Dry,NA,14,4,3,4,4,4,3,4,4
585,RIC,17,3,104.12,MEDIUM,AlphaTauri,10,Dry,NA,14,4,3,4,4,4,3,4,4
586,RIC,18,3,103.489,MEDIUM,AlphaTauri,7,Dry,NA,14,4,3,4,4,4,3,4,4
587,RIC,19,3,103.305,MEDIUM,AlphaTauri,6,Dry,NA,14,4,3,4,4,4,3,4,4
588,RIC,20,3,104.525,MEDIUM,AlphaTauri,7,Dry,NA,14,4,3,4,4,4,3,4,4
589,RIC,21,3,105.321,MEDIUM,AlphaTauri,8,Dry,NA,14,4,3,4,4,4,3,4,4
590,RIC,22,3,104.235,MEDIUM,AlphaTauri,7,Dry,NA,14,4,3,4,4,4,3,4,4
591,RIC,23,3,123.516,HARD,AlphaTauri,15,Dry,NA,14,4,3,4,4,4,3,4,4
592,RIC,24,3,102.542,HARD,AlphaTauri,15,Dry,23.963,14,4,3,4,4,4,3,4,4
593,RIC,25,3,103.56,HARD,AlphaTauri,16,Dry,NA,14,4,3,4,4,4,3,4,4
594,RIC,26,3,103.547,HARD,AlphaTauri,16,Dry,NA,14,4,3,4,4,4,3,4,4
595,RIC,27,3,104.336,HARD,AlphaTauri,15,Dry,NA,14,4,3,4,4,4,3,4,4
596,RIC,28,3,102.796,HARD,AlphaTauri,15,Dry,NA,14,4,3,4,4,4,3,4,4
597,RIC,29,3,103.403,HARD,AlphaTauri,14,Dry,NA,14,4,3,4,4,4,3,4,4
598,RIC,30,3,103.87,HARD,AlphaTauri,14,Dry,NA,14,4,3,4,4,4,3,4,4
599,RIC,31,3,103.435,HARD,AlphaTauri,14,Dry,NA,14,4,3,4,4,4,3,4,4
600,RIC,32,3,103.198,HARD,AlphaTauri,14,Dry,NA,14,4,3,4,4,4,3,4,4
601,RIC,33,3,103.386,HARD,AlphaTauri,13,Dry,NA,14,4,3,4,4,4,3,4,4
602,RIC,34,3,102.895,HARD,AlphaTauri,13,Dry,NA,14,4,3,4,4,4,3,4,4
603,RIC,35,3,103.361,HARD,AlphaTauri,12,Dry,NA,14,4,3,4,4,4,3,4,4
604,RIC,36,3,103.083,HARD,AlphaTauri,12,Dry,NA,14,4,3,4,4,4,3,4,4
605,RIC,37,3,103.026,HARD,AlphaTauri,12,Dry,NA,14,4,3,4,4,4,3,4,4
606,RIC,38,3,102.456,HARD,AlphaTauri,12,Dry,NA,14,4,3,4,4,4,3,4,4
607,RIC,39,3,102.351,HARD,AlphaTauri,12,Dry,NA,14,4,3,4,4,4,3,4,4
608,RIC,40,3,102.567,HARD,AlphaTauri,12,Dry,NA,14,4,3,4,4,4,3,4,4
609,RIC,41,3,103.395,HARD,AlphaTauri,12,Dry,NA,14,4,3,4,4,4,3,4,4
610,RIC,42,3,104.394,HARD,AlphaTauri,13,Dry,NA,14,4,3,4,4,4,3,4,4
611,RIC,43,3,103.152,HARD,AlphaTauri,13,Dry,NA,14,4,3,4,4,4,3,4,4
612,RIC,44,3,103.49,HARD,AlphaTauri,13,Dry,NA,14,4,3,4,4,4,3,4,4
613,RIC,45,3,104.791,HARD,AlphaTauri,15,Dry,NA,14,4,3,4,4,4,3,4,4
614,RIC,46,3,103.429,HARD,AlphaTauri,15,Dry,NA,14,4,3,4,4,4,3,4,4
615,RIC,47,3,103.929,HARD,AlphaTauri,15,Dry,NA,14,4,3,4,4,4,3,4,4
616,RIC,48,3,126.471,SOFT,AlphaTauri,18,Dry,26.513,14,4,3,4,4,4,3,4,4
617,RIC,49,3,99.366,SOFT,AlphaTauri,18,Dry,NA,14,4,3,4,4,4,3,4,4
618,RIC,50,3,100.658,SOFT,AlphaTauri,17,Dry,NA,14,4,3,4,4,4,3,4,4
619,RIC,51,3,100.202,SOFT,AlphaTauri,17,Dry,NA,14,4,3,4,4,4,3,4,4
620,RIC,52,3,103.236,SOFT,AlphaTauri,17,Dry,NA,14,4,3,4,4,4,3,4,4
621,RIC,53,3,101.577,SOFT,AlphaTauri,17,Dry,NA,14,4,3,4,4,4,3,4,4
622,RIC,54,3,101.431,SOFT,AlphaTauri,17,Dry,NA,14,4,3,4,4,4,3,4,4
623,RIC,55,3,102.458,SOFT,AlphaTauri,17,Dry,NA,14,4,3,4,4,4,3,4,4
624,RUS,1,63,107.629,MEDIUM,Mercedes,8,Dry,NA,5,4,3,4,4,4,3,4,4
625,RUS,2,63,104.818,MEDIUM,Mercedes,8,Dry,NA,5,4,3,4,4,4,3,4,4
626,RUS,3,63,103.473,MEDIUM,Mercedes,7,Dry,NA,5,4,3,4,4,4,3,4,4
627,RUS,4,63,101.994,MEDIUM,Mercedes,7,Dry,NA,5,4,3,4,4,4,3,4,4
628,RUS,5,63,102.394,MEDIUM,Mercedes,7,Dry,NA,5,4,3,4,4,4,3,4,4
629,RUS,6,63,102.814,MEDIUM,Mercedes,7,Dry,NA,5,4,3,4,4,4,3,4,4
630,RUS,7,63,102.701,MEDIUM,Mercedes,7,Dry,NA,5,4,3,4,4,4,3,4,4
631,RUS,8,63,103.38,MEDIUM,Mercedes,7,Dry,NA,5,4,3,4,4,4,3,4,4
632,RUS,9,63,103.062,MEDIUM,Mercedes,7,Dry,NA,5,4,3,4,4,4,3,4,4
633,RUS,10,63,102.655,MEDIUM,Mercedes,6,Dry,NA,5,4,3,4,4,4,3,4,4
634,RUS,11,63,103.172,MEDIUM,Mercedes,6,Dry,NA,5,4,3,4,4,4,3,4,4
635,RUS,12,63,102.559,MEDIUM,Mercedes,6,Dry,NA,5,4,3,4,4,4,3,4,4
636,RUS,13,63,102.82,MEDIUM,Mercedes,6,Dry,NA,5,4,3,4,4,4,3,4,4
637,RUS,14,63,103.111,MEDIUM,Mercedes,6,Dry,NA,5,4,3,4,4,4,3,4,4
638,RUS,15,63,103.409,MEDIUM,Mercedes,6,Dry,NA,5,4,3,4,4,4,3,4,4
639,RUS,16,63,102.932,MEDIUM,Mercedes,6,Dry,NA,5,4,3,4,4,4,3,4,4
640,RUS,17,63,103.082,MEDIUM,Mercedes,5,Dry,NA,5,4,3,4,4,4,3,4,4
641,RUS,18,63,102.655,MEDIUM,Mercedes,3,Dry,NA,5,4,3,4,4,4,3,4,4
642,RUS,19,63,103.038,MEDIUM,Mercedes,3,Dry,NA,5,4,3,4,4,4,3,4,4
643,RUS,20,63,103.378,MEDIUM,Mercedes,3,Dry,NA,5,4,3,4,4,4,3,4,4
644,RUS,21,63,104.164,MEDIUM,Mercedes,3,Dry,NA,5,4,3,4,4,4,3,4,4
645,RUS,22,63,122.793,HARD,Mercedes,8,Dry,24.357,5,4,3,4,4,4,3,4,4
646,RUS,23,63,101.437,HARD,Mercedes,7,Dry,NA,5,4,3,4,4,4,3,4,4
647,RUS,24,63,101.875,HARD,Mercedes,7,Dry,NA,5,4,3,4,4,4,3,4,4
648,RUS,25,63,102.377,HARD,Mercedes,7,Dry,NA,5,4,3,4,4,4,3,4,4
649,RUS,26,63,101.943,HARD,Mercedes,7,Dry,NA,5,4,3,4,4,4,3,4,4
650,RUS,27,63,101.875,HARD,Mercedes,7,Dry,NA,5,4,3,4,4,4,3,4,4
651,RUS,28,63,101.867,HARD,Mercedes,7,Dry,NA,5,4,3,4,4,4,3,4,4
652,RUS,29,63,101.574,HARD,Mercedes,7,Dry,NA,5,4,3,4,4,4,3,4,4
653,RUS,30,63,102.729,HARD,Mercedes,7,Dry,NA,5,4,3,4,4,4,3,4,4
654,RUS,31,63,101.93,HARD,Mercedes,7,Dry,NA,5,4,3,4,4,4,3,4,4
655,RUS,32,63,102.299,HARD,Mercedes,7,Dry,NA,5,4,3,4,4,4,3,4,4
656,RUS,33,63,102.097,HARD,Mercedes,7,Dry,NA,5,4,3,4,4,4,3,4,4
657,RUS,34,63,101.896,HARD,Mercedes,7,Dry,NA,5,4,3,4,4,4,3,4,4
658,RUS,35,63,102.128,HARD,Mercedes,7,Dry,NA,5,4,3,4,4,4,3,4,4
659,RUS,36,63,102.071,HARD,Mercedes,6,Dry,NA,5,4,3,4,4,4,3,4,4
660,RUS,37,63,102.065,HARD,Mercedes,6,Dry,NA,5,4,3,4,4,4,3,4,4
661,RUS,38,63,102.533,HARD,Mercedes,6,Dry,NA,5,4,3,4,4,4,3,4,4
662,RUS,39,63,102.2,HARD,Mercedes,6,Dry,NA,5,4,3,4,4,4,3,4,4
663,RUS,40,63,119.773,MEDIUM,Mercedes,9,Dry,23.969,5,4,3,4,4,4,3,4,4
664,RUS,41,63,99.738,MEDIUM,Mercedes,8,Dry,NA,5,4,3,4,4,4,3,4,4
665,RUS,42,63,100.116,MEDIUM,Mercedes,8,Dry,NA,5,4,3,4,4,4,3,4,4
666,RUS,43,63,99.926,MEDIUM,Mercedes,7,Dry,NA,5,4,3,4,4,4,3,4,4
667,RUS,44,63,99.809,MEDIUM,Mercedes,7,Dry,NA,5,4,3,4,4,4,3,4,4
668,RUS,45,63,99.845,MEDIUM,Mercedes,7,Dry,NA,5,4,3,4,4,4,3,4,4
669,RUS,46,63,99.987,MEDIUM,Mercedes,7,Dry,NA,5,4,3,4,4,4,3,4,4
670,RUS,47,63,99.91,MEDIUM,Mercedes,7,Dry,NA,5,4,3,4,4,4,3,4,4
671,RUS,48,63,99.393,MEDIUM,Mercedes,7,Dry,NA,5,4,3,4,4,4,3,4,4
672,RUS,49,63,99.673,MEDIUM,Mercedes,7,Dry,NA,5,4,3,4,4,4,3,4,4
673,RUS,50,63,99.676,MEDIUM,Mercedes,7,Dry,NA,5,4,3,4,4,4,3,4,4
674,RUS,51,63,99.577,MEDIUM,Mercedes,7,Dry,NA,5,4,3,4,4,4,3,4,4
675,RUS,52,63,100.521,MEDIUM,Mercedes,7,Dry,NA,5,4,3,4,4,4,3,4,4
676,RUS,53,63,100.179,MEDIUM,Mercedes,7,Dry,NA,5,4,3,4,4,4,3,4,4
677,RUS,54,63,100.175,MEDIUM,Mercedes,7,Dry,NA,5,4,3,4,4,4,3,4,4
678,RUS,55,63,100.34,MEDIUM,Mercedes,7,Dry,NA,5,4,3,4,4,4,3,4,4
679,RUS,56,63,100.794,MEDIUM,Mercedes,7,Dry,NA,5,4,3,4,4,4,3,4,4
680,SAI,1,55,104.398,MEDIUM,Ferrari,3,Dry,NA,4,4,3,4,4,4,3,4,4
681,SAI,2,55,102.659,MEDIUM,Ferrari,3,Dry,NA,4,4,3,4,4,4,3,4,4
682,SAI,3,55,102.583,MEDIUM,Ferrari,3,Dry,NA,4,4,3,4,4,4,3,4,4
683,SAI,4,55,103.432,MEDIUM,Ferrari,4,Dry,NA,4,4,3,4,4,4,3,4,4
684,SAI,5,55,103.744,MEDIUM,Ferrari,5,Dry,NA,4,4,3,4,4,4,3,4,4
685,SAI,6,55,102.882,MEDIUM,Ferrari,5,Dry,NA,4,4,3,4,4,4,3,4,4
686,SAI,7,55,102.95,MEDIUM,Ferrari,5,Dry,NA,4,4,3,4,4,4,3,4,4
687,SAI,8,55,102.609,MEDIUM,Ferrari,5,Dry,NA,4,4,3,4,4,4,3,4,4
688,SAI,9,55,102.896,MEDIUM,Ferrari,5,Dry,NA,4,4,3,4,4,4,3,4,4
689,SAI,10,55,102.91,MEDIUM,Ferrari,5,Dry,NA,4,4,3,4,4,4,3,4,4
690,SAI,11,55,103.597,MEDIUM,Ferrari,5,Dry,NA,4,4,3,4,4,4,3,4,4
691,SAI,12,55,102.88,MEDIUM,Ferrari,5,Dry,NA,4,4,3,4,4,4,3,4,4
692,SAI,13,55,103.454,MEDIUM,Ferrari,5,Dry,NA,4,4,3,4,4,4,3,4,4
693,SAI,14,55,103.065,MEDIUM,Ferrari,5,Dry,NA,4,4,3,4,4,4,3,4,4
694,SAI,15,55,103.652,MEDIUM,Ferrari,5,Dry,NA,4,4,3,4,4,4,3,4,4
695,SAI,16,55,103.033,MEDIUM,Ferrari,5,Dry,NA,4,4,3,4,4,4,3,4,4
696,SAI,17,55,103.418,MEDIUM,Ferrari,4,Dry,NA,4,4,3,4,4,4,3,4,4
697,SAI,18,55,121.5,MEDIUM,Ferrari,8,Dry,23.668,4,4,3,4,4,4,3,4,4
698,SAI,19,55,101.869,MEDIUM,Ferrari,7,Dry,NA,4,4,3,4,4,4,3,4,4
699,SAI,20,55,100.667,MEDIUM,Ferrari,6,Dry,NA,4,4,3,4,4,4,3,4,4
700,SAI,21,55,101.197,MEDIUM,Ferrari,6,Dry,NA,4,4,3,4,4,4,3,4,4
701,SAI,22,55,101.647,MEDIUM,Ferrari,5,Dry,NA,4,4,3,4,4,4,3,4,4
702,SAI,23,55,101.683,MEDIUM,Ferrari,5,Dry,NA,4,4,3,4,4,4,3,4,4
703,SAI,24,55,101.539,MEDIUM,Ferrari,4,Dry,NA,4,4,3,4,4,4,3,4,4
704,SAI,25,55,101.49,MEDIUM,Ferrari,4,Dry,NA,4,4,3,4,4,4,3,4,4
705,SAI,26,55,101.825,MEDIUM,Ferrari,4,Dry,NA,4,4,3,4,4,4,3,4,4
706,SAI,27,55,101.479,MEDIUM,Ferrari,4,Dry,NA,4,4,3,4,4,4,3,4,4
707,SAI,28,55,101.735,MEDIUM,Ferrari,4,Dry,NA,4,4,3,4,4,4,3,4,4
708,SAI,29,55,101.462,MEDIUM,Ferrari,4,Dry,NA,4,4,3,4,4,4,3,4,4
709,SAI,30,55,101.484,MEDIUM,Ferrari,4,Dry,NA,4,4,3,4,4,4,3,4,4
710,SAI,31,55,101.584,MEDIUM,Ferrari,4,Dry,NA,4,4,3,4,4,4,3,4,4
711,SAI,32,55,101.55,MEDIUM,Ferrari,4,Dry,NA,4,4,3,4,4,4,3,4,4
712,SAI,33,55,101.888,MEDIUM,Ferrari,4,Dry,NA,4,4,3,4,4,4,3,4,4
713,SAI,34,55,101.677,MEDIUM,Ferrari,4,Dry,NA,4,4,3,4,4,4,3,4,4
714,SAI,35,55,102.067,MEDIUM,Ferrari,3,Dry,NA,4,4,3,4,4,4,3,4,4
715,SAI,36,55,120.188,HARD,Ferrari,7,Dry,23.673,4,4,3,4,4,4,3,4,4
716,SAI,37,55,100.575,HARD,Ferrari,7,Dry,NA,4,4,3,4,4,4,3,4,4
717,SAI,38,55,100.294,HARD,Ferrari,5,Dry,NA,4,4,3,4,4,4,3,4,4
718,SAI,39,55,100.839,HARD,Ferrari,5,Dry,NA,4,4,3,4,4,4,3,4,4
719,SAI,40,55,100.578,HARD,Ferrari,5,Dry,NA,4,4,3,4,4,4,3,4,4
720,SAI,41,55,100.907,HARD,Ferrari,5,Dry,NA,4,4,3,4,4,4,3,4,4
721,SAI,42,55,100.665,HARD,Ferrari,5,Dry,NA,4,4,3,4,4,4,3,4,4
722,SAI,43,55,100.724,HARD,Ferrari,5,Dry,NA,4,4,3,4,4,4,3,4,4
723,SAI,44,55,100.885,HARD,Ferrari,5,Dry,NA,4,4,3,4,4,4,3,4,4
724,SAI,45,55,100.716,HARD,Ferrari,5,Dry,NA,4,4,3,4,4,4,3,4,4
725,SAI,46,55,100.62,HARD,Ferrari,5,Dry,NA,4,4,3,4,4,4,3,4,4
726,SAI,47,55,100.653,HARD,Ferrari,5,Dry,NA,4,4,3,4,4,4,3,4,4
727,SAI,48,55,100.872,HARD,Ferrari,5,Dry,NA,4,4,3,4,4,4,3,4,4
728,SAI,49,55,100.579,HARD,Ferrari,5,Dry,NA,4,4,3,4,4,4,3,4,4
729,SAI,50,55,100.323,HARD,Ferrari,4,Dry,NA,4,4,3,4,4,4,3,4,4
730,SAI,51,55,100.034,HARD,Ferrari,4,Dry,NA,4,4,3,4,4,4,3,4,4
731,SAI,52,55,100.593,HARD,Ferrari,4,Dry,NA,4,4,3,4,4,4,3,4,4
732,SAI,53,55,100.563,HARD,Ferrari,4,Dry,NA,4,4,3,4,4,4,3,4,4
733,SAI,54,55,100.877,HARD,Ferrari,4,Dry,NA,4,4,3,4,4,4,3,4,4
734,SAI,55,55,101.328,HARD,Ferrari,4,Dry,NA,4,4,3,4,4,4,3,4,4
735,SAI,56,55,101.178,HARD,Ferrari,4,Dry,NA,4,4,3,4,4,4,3,4,4
736,SAR,1,2,111.967,MEDIUM,Williams,17,Dry,NA,16,4,3,4,4,4,3,4,4
737,SAR,2,2,105.391,MEDIUM,Williams,17,Dry,NA,16,4,3,4,4,4,3,4,4
738,SAR,3,2,104.757,MEDIUM,Williams,17,Dry,NA,16,4,3,4,4,4,3,4,4
739,SAR,4,2,105.423,MEDIUM,Williams,16,Dry,NA,16,4,3,4,4,4,3,4,4
740,SAR,5,2,103.736,MEDIUM,Williams,16,Dry,NA,16,4,3,4,4,4,3,4,4
741,SAR,6,2,103.644,MEDIUM,Williams,16,Dry,NA,16,4,3,4,4,4,3,4,4
742,SAR,7,2,104.94,MEDIUM,Williams,17,Dry,NA,16,4,3,4,4,4,3,4,4
743,SAR,8,2,104.28,MEDIUM,Williams,17,Dry,NA,16,4,3,4,4,4,3,4,4
744,SAR,9,2,103.724,MEDIUM,Williams,17,Dry,NA,16,4,3,4,4,4,3,4,4
745,SAR,10,2,104.188,MEDIUM,Williams,15,Dry,NA,16,4,3,4,4,4,3,4,4
746,SAR,11,2,103.57,MEDIUM,Williams,12,Dry,NA,16,4,3,4,4,4,3,4,4
747,SAR,12,2,124.136,HARD,Williams,18,Dry,24.99,16,4,3,4,4,4,3,4,4
748,SAR,13,2,103.183,HARD,Williams,17,Dry,NA,16,4,3,4,4,4,3,4,4
749,SAR,14,2,103.099,HARD,Williams,17,Dry,NA,16,4,3,4,4,4,3,4,4
750,SAR,15,2,102.693,HARD,Williams,17,Dry,NA,16,4,3,4,4,4,3,4,4
751,SAR,16,2,103.071,HARD,Williams,17,Dry,NA,16,4,3,4,4,4,3,4,4
752,SAR,17,2,102.415,HARD,Williams,17,Dry,NA,16,4,3,4,4,4,3,4,4
753,SAR,18,2,102.46,HARD,Williams,17,Dry,NA,16,4,3,4,4,4,3,4,4
754,SAR,19,2,102.481,HARD,Williams,17,Dry,NA,16,4,3,4,4,4,3,4,4
755,SAR,20,2,102.777,HARD,Williams,15,Dry,NA,16,4,3,4,4,4,3,4,4
756,SAR,21,2,103.587,HARD,Williams,15,Dry,NA,16,4,3,4,4,4,3,4,4
757,SAR,22,2,103.214,HARD,Williams,15,Dry,NA,16,4,3,4,4,4,3,4,4
758,SAR,23,2,103.732,HARD,Williams,14,Dry,NA,16,4,3,4,4,4,3,4,4
759,SAR,24,2,103.454,HARD,Williams,14,Dry,NA,16,4,3,4,4,4,3,4,4
760,SAR,25,2,103.234,HARD,Williams,14,Dry,NA,16,4,3,4,4,4,3,4,4
761,SAR,26,2,103.95,HARD,Williams,15,Dry,NA,16,4,3,4,4,4,3,4,4
762,SAR,27,2,104.066,HARD,Williams,14,Dry,NA,16,4,3,4,4,4,3,4,4
763,SAR,28,2,103.4,HARD,Williams,14,Dry,NA,16,4,3,4,4,4,3,4,4
764,SAR,29,2,102.904,HARD,Williams,13,Dry,NA,16,4,3,4,4,4,3,4,4
765,SAR,30,2,103.039,HARD,Williams,12,Dry,NA,16,4,3,4,4,4,3,4,4
766,SAR,31,2,103.683,HARD,Williams,13,Dry,NA,16,4,3,4,4,4,3,4,4
767,SAR,32,2,103.953,HARD,Williams,13,Dry,NA,16,4,3,4,4,4,3,4,4
768,SAR,33,2,123.196,MEDIUM,Williams,17,Dry,25.547,16,4,3,4,4,4,3,4,4
769,SAR,34,2,101.238,MEDIUM,Williams,16,Dry,NA,16,4,3,4,4,4,3,4,4
770,SAR,35,2,101.63,MEDIUM,Williams,16,Dry,NA,16,4,3,4,4,4,3,4,4
771,SAR,36,2,101.541,MEDIUM,Williams,16,Dry,NA,16,4,3,4,4,4,3,4,4
772,SAR,37,2,101.838,MEDIUM,Williams,16,Dry,NA,16,4,3,4,4,4,3,4,4
773,SAR,38,2,101.57,MEDIUM,Williams,15,Dry,NA,16,4,3,4,4,4,3,4,4
774,SAR,39,2,101.497,MEDIUM,Williams,15,Dry,NA,16,4,3,4,4,4,3,4,4
775,SAR,40,2,101.289,MEDIUM,Williams,15,Dry,NA,16,4,3,4,4,4,3,4,4
776,SAR,41,2,101.432,MEDIUM,Williams,15,Dry,NA,16,4,3,4,4,4,3,4,4
777,SAR,42,2,101.665,MEDIUM,Williams,15,Dry,NA,16,4,3,4,4,4,3,4,4
778,SAR,43,2,101.806,MEDIUM,Williams,15,Dry,NA,16,4,3,4,4,4,3,4,4
779,SAR,44,2,101.574,MEDIUM,Williams,15,Dry,NA,16,4,3,4,4,4,3,4,4
780,SAR,45,2,101.969,MEDIUM,Williams,14,Dry,NA,16,4,3,4,4,4,3,4,4
781,SAR,46,2,102.036,MEDIUM,Williams,14,Dry,NA,16,4,3,4,4,4,3,4,4
782,SAR,47,2,102.097,MEDIUM,Williams,14,Dry,NA,16,4,3,4,4,4,3,4,4
783,SAR,48,2,101.953,MEDIUM,Williams,14,Dry,NA,16,4,3,4,4,4,3,4,4
784,SAR,49,2,101.555,MEDIUM,Williams,14,Dry,NA,16,4,3,4,4,4,3,4,4
785,SAR,50,2,101.626,MEDIUM,Williams,13,Dry,NA,16,4,3,4,4,4,3,4,4
786,SAR,51,2,101.916,MEDIUM,Williams,13,Dry,NA,16,4,3,4,4,4,3,4,4
787,SAR,52,2,101.948,MEDIUM,Williams,12,Dry,NA,16,4,3,4,4,4,3,4,4
788,SAR,53,2,103.008,MEDIUM,Williams,12,Dry,NA,16,4,3,4,4,4,3,4,4
789,SAR,54,2,101.823,MEDIUM,Williams,12,Dry,NA,16,4,3,4,4,4,3,4,4
790,SAR,55,2,102.494,MEDIUM,Williams,12,Dry,NA,16,4,3,4,4,4,3,4,4
791,SAR,56,2,102.508,MEDIUM,Williams,12,Dry,NA,16,4,3,4,4,4,3,4,4
792,STR,1,18,114.949,HARD,Aston Martin,20,Dry,NA,0,4,3,4,4,4,3,4,4
793,STR,2,18,104.567,HARD,Aston Martin,20,Dry,NA,0,4,3,4,4,4,3,4,4
794,STR,3,18,104.207,HARD,Aston Martin,20,Dry,NA,0,4,3,4,4,4,3,4,4
795,STR,4,18,105.66,HARD,Aston Martin,20,Dry,NA,0,4,3,4,4,4,3,4,4
796,STR,5,18,104.919,HARD,Aston Martin,19,Dry,NA,0,4,3,4,4,4,3,4,4
797,STR,6,18,103.424,HARD,Aston Martin,18,Dry,NA,0,4,3,4,4,4,3,4,4
798,STR,7,18,103.864,HARD,Aston Martin,18,Dry,NA,0,4,3,4,4,4,3,4,4
799,STR,8,18,104.014,HARD,Aston Martin,18,Dry,NA,0,4,3,4,4,4,3,4,4
800,STR,9,18,103.852,HARD,Aston Martin,18,Dry,NA,0,4,3,4,4,4,3,4,4
801,STR,10,18,104.246,HARD,Aston Martin,16,Dry,NA,0,4,3,4,4,4,3,4,4
802,STR,11,18,103.411,HARD,Aston Martin,13,Dry,NA,0,4,3,4,4,4,3,4,4
803,STR,12,18,103.003,HARD,Aston Martin,12,Dry,NA,0,4,3,4,4,4,3,4,4
804,STR,13,18,103.343,HARD,Aston Martin,12,Dry,NA,0,4,3,4,4,4,3,4,4
805,STR,14,18,103.15,HARD,Aston Martin,12,Dry,NA,0,4,3,4,4,4,3,4,4
806,STR,15,18,103.51,HARD,Aston Martin,12,Dry,NA,0,4,3,4,4,4,3,4,4
807,STR,16,18,103.148,HARD,Aston Martin,12,Dry,NA,0,4,3,4,4,4,3,4,4
808,STR,17,18,103.581,HARD,Aston Martin,12,Dry,NA,0,4,3,4,4,4,3,4,4
809,STR,18,18,104.135,HARD,Aston Martin,11,Dry,NA,0,4,3,4,4,4,3,4,4
810,STR,19,18,103.523,HARD,Aston Martin,10,Dry,NA,0,4,3,4,4,4,3,4,4
811,STR,20,18,103.805,HARD,Aston Martin,10,Dry,NA,0,4,3,4,4,4,3,4,4
812,STR,21,18,122.975,MEDIUM,Aston Martin,16,Dry,24.457,0,4,3,4,4,4,3,4,4
813,STR,22,18,101.825,MEDIUM,Aston Martin,16,Dry,NA,0,4,3,4,4,4,3,4,4
814,STR,23,18,102.29,MEDIUM,Aston Martin,16,Dry,NA,0,4,3,4,4,4,3,4,4
815,STR,24,18,102.367,MEDIUM,Aston Martin,16,Dry,NA,0,4,3,4,4,4,3,4,4
816,STR,25,18,102.034,MEDIUM,Aston Martin,15,Dry,NA,0,4,3,4,4,4,3,4,4
817,STR,26,18,102.273,MEDIUM,Aston Martin,14,Dry,NA,0,4,3,4,4,4,3,4,4
818,STR,27,18,103.576,MEDIUM,Aston Martin,13,Dry,NA,0,4,3,4,4,4,3,4,4
819,STR,28,18,101.595,MEDIUM,Aston Martin,12,Dry,NA,0,4,3,4,4,4,3,4,4
820,STR,29,18,101.447,MEDIUM,Aston Martin,12,Dry,NA,0,4,3,4,4,4,3,4,4
821,STR,30,18,101.401,MEDIUM,Aston Martin,11,Dry,NA,0,4,3,4,4,4,3,4,4
822,STR,31,18,101.479,MEDIUM,Aston Martin,11,Dry,NA,0,4,3,4,4,4,3,4,4
823,STR,32,18,101.469,MEDIUM,Aston Martin,11,Dry,NA,0,4,3,4,4,4,3,4,4
824,STR,33,18,101.68,MEDIUM,Aston Martin,11,Dry,NA,0,4,3,4,4,4,3,4,4
825,STR,34,18,101.538,MEDIUM,Aston Martin,11,Dry,NA,0,4,3,4,4,4,3,4,4
826,STR,35,18,101.615,MEDIUM,Aston Martin,10,Dry,NA,0,4,3,4,4,4,3,4,4
827,STR,36,18,101.631,MEDIUM,Aston Martin,10,Dry,NA,0,4,3,4,4,4,3,4,4
828,STR,37,18,101.614,MEDIUM,Aston Martin,10,Dry,NA,0,4,3,4,4,4,3,4,4
829,STR,38,18,101.361,MEDIUM,Aston Martin,9,Dry,NA,0,4,3,4,4,4,3,4,4
830,STR,39,18,101.276,MEDIUM,Aston Martin,9,Dry,NA,0,4,3,4,4,4,3,4,4
831,STR,40,18,101.931,MEDIUM,Aston Martin,8,Dry,NA,0,4,3,4,4,4,3,4,4
832,STR,41,18,119.41,MEDIUM,Aston Martin,11,Dry,23.955,0,4,3,4,4,4,3,4,4
833,STR,42,18,100.544,MEDIUM,Aston Martin,11,Dry,NA,0,4,3,4,4,4,3,4,4
834,STR,43,18,100.783,MEDIUM,Aston Martin,11,Dry,NA,0,4,3,4,4,4,3,4,4
835,STR,44,18,100.259,MEDIUM,Aston Martin,11,Dry,NA,0,4,3,4,4,4,3,4,4
836,STR,45,18,100.038,MEDIUM,Aston Martin,11,Dry,NA,0,4,3,4,4,4,3,4,4
837,STR,46,18,100.35,MEDIUM,Aston Martin,11,Dry,NA,0,4,3,4,4,4,3,4,4
838,STR,47,18,99.971,MEDIUM,Aston Martin,10,Dry,NA,0,4,3,4,4,4,3,4,4
839,STR,48,18,99.908,MEDIUM,Aston Martin,9,Dry,NA,0,4,3,4,4,4,3,4,4
840,STR,49,18,100.176,MEDIUM,Aston Martin,9,Dry,NA,0,4,3,4,4,4,3,4,4
841,STR,50,18,99.984,MEDIUM,Aston Martin,9,Dry,NA,0,4,3,4,4,4,3,4,4
842,STR,51,18,100.224,MEDIUM,Aston Martin,9,Dry,NA,0,4,3,4,4,4,3,4,4
843,STR,52,18,100.53,MEDIUM,Aston Martin,9,Dry,NA,0,4,3,4,4,4,3,4,4
844,STR,53,18,100.372,MEDIUM,Aston Martin,9,Dry,NA,0,4,3,4,4,4,3,4,4
845,STR,54,18,100.636,MEDIUM,Aston Martin,9,Dry,NA,0,4,3,4,4,4,3,4,4
846,STR,55,18,100.343,MEDIUM,Aston Martin,9,Dry,NA,0,4,3,4,4,4,3,4,4
847,STR,56,18,100.842,MEDIUM,Aston Martin,9,Dry,NA,0,4,3,4,4,4,3,4,4
848,TSU,1,22,109.255,MEDIUM,AlphaTauri,12,Dry,NA,11,4,3,4,4,4,3,4,4
849,TSU,2,22,104.82,MEDIUM,AlphaTauri,11,Dry,NA,11,4,3,4,4,4,3,4,4
850,TSU,3,22,105.158,MEDIUM,AlphaTauri,11,Dry,NA,11,4,3,4,4,4,3,4,4
851,TSU,4,22,103.281,MEDIUM,AlphaTauri,10,Dry,NA,11,4,3,4,4,4,3,4,4
852,TSU,5,22,103.084,MEDIUM,AlphaTauri,10,Dry,NA,11,4,3,4,4,4,3,4,4
853,TSU,6,22,103.266,MEDIUM,AlphaTauri,10,Dry,NA,11,4,3,4,4,4,3,4,4
854,TSU,7,22,103.314,MEDIUM,AlphaTauri,10,Dry,NA,11,4,3,4,4,4,3,4,4
855,TSU,8,22,103.392,MEDIUM,AlphaTauri,10,Dry,NA,11,4,3,4,4,4,3,4,4
856,TSU,9,22,103.425,MEDIUM,AlphaTauri,10,Dry,NA,11,4,3,4,4,4,3,4,4
857,TSU,10,22,103.232,MEDIUM,AlphaTauri,9,Dry,NA,11,4,3,4,4,4,3,4,4
858,TSU,11,22,103.284,MEDIUM,AlphaTauri,9,Dry,NA,11,4,3,4,4,4,3,4,4
859,TSU,12,22,103.007,MEDIUM,AlphaTauri,9,Dry,NA,11,4,3,4,4,4,3,4,4
860,TSU,13,22,103.428,MEDIUM,AlphaTauri,9,Dry,NA,11,4,3,4,4,4,3,4,4
861,TSU,14,22,103.486,MEDIUM,AlphaTauri,9,Dry,NA,11,4,3,4,4,4,3,4,4
862,TSU,15,22,103.434,MEDIUM,AlphaTauri,9,Dry,NA,11,4,3,4,4,4,3,4,4
863,TSU,16,22,103.601,MEDIUM,AlphaTauri,9,Dry,NA,11,4,3,4,4,4,3,4,4
864,TSU,17,22,103.535,MEDIUM,AlphaTauri,8,Dry,NA,11,4,3,4,4,4,3,4,4
865,TSU,18,22,122.297,HARD,AlphaTauri,13,Dry,24.354,11,4,3,4,4,4,3,4,4
866,TSU,19,22,102.014,HARD,AlphaTauri,13,Dry,NA,11,4,3,4,4,4,3,4,4
867,TSU,20,22,102.118,HARD,AlphaTauri,11,Dry,NA,11,4,3,4,4,4,3,4,4
868,TSU,21,22,101.942,HARD,AlphaTauri,10,Dry,NA,11,4,3,4,4,4,3,4,4
869,TSU,22,22,102.485,HARD,AlphaTauri,10,Dry,NA,11,4,3,4,4,4,3,4,4
870,TSU,23,22,102.226,HARD,AlphaTauri,9,Dry,NA,11,4,3,4,4,4,3,4,4
871,TSU,24,22,102.292,HARD,AlphaTauri,9,Dry,NA,11,4,3,4,4,4,3,4,4
872,TSU,25,22,102.341,HARD,AlphaTauri,9,Dry,NA,11,4,3,4,4,4,3,4,4
873,TSU,26,22,102.942,HARD,AlphaTauri,9,Dry,NA,11,4,3,4,4,4,3,4,4
874,TSU,27,22,102.666,HARD,AlphaTauri,9,Dry,NA,11,4,3,4,4,4,3,4,4
875,TSU,28,22,102.588,HARD,AlphaTauri,9,Dry,NA,11,4,3,4,4,4,3,4,4
876,TSU,29,22,102.243,HARD,AlphaTauri,9,Dry,NA,11,4,3,4,4,4,3,4,4
877,TSU,30,22,102.475,HARD,AlphaTauri,9,Dry,NA,11,4,3,4,4,4,3,4,4
878,TSU,31,22,102.427,HARD,AlphaTauri,9,Dry,NA,11,4,3,4,4,4,3,4,4
879,TSU,32,22,102.5,HARD,AlphaTauri,9,Dry,NA,11,4,3,4,4,4,3,4,4
880,TSU,33,22,102.471,HARD,AlphaTauri,9,Dry,NA,11,4,3,4,4,4,3,4,4
881,TSU,34,22,102.676,HARD,AlphaTauri,9,Dry,NA,11,4,3,4,4,4,3,4,4
882,TSU,35,22,121.787,MEDIUM,AlphaTauri,11,Dry,24.125,11,4,3,4,4,4,3,4,4
883,TSU,36,22,101.71,MEDIUM,AlphaTauri,11,Dry,NA,11,4,3,4,4,4,3,4,4
884,TSU,37,22,101.477,MEDIUM,AlphaTauri,11,Dry,NA,11,4,3,4,4,4,3,4,4
885,TSU,38,22,101.832,MEDIUM,AlphaTauri,11,Dry,NA,11,4,3,4,4,4,3,4,4
886,TSU,39,22,101.782,MEDIUM,AlphaTauri,11,Dry,NA,11,4,3,4,4,4,3,4,4
887,TSU,40,22,101.439,MEDIUM,AlphaTauri,11,Dry,NA,11,4,3,4,4,4,3,4,4
888,TSU,41,22,101.316,MEDIUM,AlphaTauri,10,Dry,NA,11,4,3,4,4,4,3,4,4
889,TSU,42,22,101.545,MEDIUM,AlphaTauri,10,Dry,NA,11,4,3,4,4,4,3,4,4
890,TSU,43,22,101.327,MEDIUM,AlphaTauri,9,Dry,NA,11,4,3,4,4,4,3,4,4
891,TSU,44,22,102.652,MEDIUM,AlphaTauri,10,Dry,NA,11,4,3,4,4,4,3,4,4
892,TSU,45,22,101.392,MEDIUM,AlphaTauri,10,Dry,NA,11,4,3,4,4,4,3,4,4
893,TSU,46,22,101.05,MEDIUM,AlphaTauri,10,Dry,NA,11,4,3,4,4,4,3,4,4
894,TSU,47,22,101.954,MEDIUM,AlphaTauri,11,Dry,NA,11,4,3,4,4,4,3,4,4
895,TSU,48,22,102.64,MEDIUM,AlphaTauri,10,Dry,NA,11,4,3,4,4,4,3,4,4
896,TSU,49,22,100.909,MEDIUM,AlphaTauri,10,Dry,NA,11,4,3,4,4,4,3,4,4
897,TSU,50,22,100.632,MEDIUM,AlphaTauri,10,Dry,NA,11,4,3,4,4,4,3,4,4
898,TSU,51,22,100.603,MEDIUM,AlphaTauri,10,Dry,NA,11,4,3,4,4,4,3,4,4
899,TSU,52,22,100.695,MEDIUM,AlphaTauri,10,Dry,NA,11,4,3,4,4,4,3,4,4
900,TSU,53,22,100.562,MEDIUM,AlphaTauri,10,Dry,NA,11,4,3,4,4,4,3,4,4
901,TSU,54,22,101.299,MEDIUM,AlphaTauri,10,Dry,NA,11,4,3,4,4,4,3,4,4
902,TSU,55,22,122.3,SOFT,AlphaTauri,10,Dry,23.472,11,4,3,4,4,4,3,4,4
903,TSU,56,22,98.139,SOFT,AlphaTauri,10,Dry,NA,11,4,3,4,4,4,3,4,4
904,VER,1,1,105.537,MEDIUM,Red Bull Racing,5,Dry,NA,6,4,3,4,4,4,3,4,4
905,VER,2,1,103.009,MEDIUM,Red Bull Racing,5,Dry,NA,6,4,3,4,4,4,3,4,4
906,VER,3,1,102.7,MEDIUM,Red Bull Racing,5,Dry,NA,6,4,3,4,4,4,3,4,4
907,VER,4,1,102.623,MEDIUM,Red Bull Racing,5,Dry,NA,6,4,3,4,4,4,3,4,4
908,VER,5,1,102.151,MEDIUM,Red Bull Racing,4,Dry,NA,6,4,3,4,4,4,3,4,4
909,VER,6,1,102.857,MEDIUM,Red Bull Racing,4,Dry,NA,6,4,3,4,4,4,3,4,4
910,VER,7,1,102.817,MEDIUM,Red Bull Racing,4,Dry,NA,6,4,3,4,4,4,3,4,4
911,VER,8,1,102.598,MEDIUM,Red Bull Racing,4,Dry,NA,6,4,3,4,4,4,3,4,4
912,VER,9,1,102.969,MEDIUM,Red Bull Racing,4,Dry,NA,6,4,3,4,4,4,3,4,4
913,VER,10,1,102.741,MEDIUM,Red Bull Racing,4,Dry,NA,6,4,3,4,4,4,3,4,4
914,VER,11,1,103.147,MEDIUM,Red Bull Racing,3,Dry,NA,6,4,3,4,4,4,3,4,4
915,VER,12,1,102.515,MEDIUM,Red Bull Racing,3,Dry,NA,6,4,3,4,4,4,3,4,4
916,VER,13,1,102.569,MEDIUM,Red Bull Racing,3,Dry,NA,6,4,3,4,4,4,3,4,4
917,VER,14,1,102.334,MEDIUM,Red Bull Racing,3,Dry,NA,6,4,3,4,4,4,3,4,4
918,VER,15,1,102.654,MEDIUM,Red Bull Racing,3,Dry,NA,6,4,3,4,4,4,3,4,4
919,VER,16,1,102.571,MEDIUM,Red Bull Racing,3,Dry,NA,6,4,3,4,4,4,3,4,4
920,VER,17,1,120.701,MEDIUM,Red Bull Racing,9,Dry,23.756,6,4,3,4,4,4,3,4,4
921,VER,18,1,100.989,MEDIUM,Red Bull Racing,6,Dry,NA,6,4,3,4,4,4,3,4,4
922,VER,19,1,100.809,MEDIUM,Red Bull Racing,5,Dry,NA,6,4,3,4,4,4,3,4,4
923,VER,20,1,100.883,MEDIUM,Red Bull Racing,5,Dry,NA,6,4,3,4,4,4,3,4,4
924,VER,21,1,100.98,MEDIUM,Red Bull Racing,4,Dry,NA,6,4,3,4,4,4,3,4,4
925,VER,22,1,101.129,MEDIUM,Red Bull Racing,3,Dry,NA,6,4,3,4,4,4,3,4,4
926,VER,23,1,100.921,MEDIUM,Red Bull Racing,3,Dry,NA,6,4,3,4,4,4,3,4,4
927,VER,24,1,101.203,MEDIUM,Red Bull Racing,2,Dry,NA,6,4,3,4,4,4,3,4,4
928,VER,25,1,101.268,MEDIUM,Red Bull Racing,2,Dry,NA,6,4,3,4,4,4,3,4,4
929,VER,26,1,101.857,MEDIUM,Red Bull Racing,2,Dry,NA,6,4,3,4,4,4,3,4,4
930,VER,27,1,101.795,MEDIUM,Red Bull Racing,2,Dry,NA,6,4,3,4,4,4,3,4,4
931,VER,28,1,101.574,MEDIUM,Red Bull Racing,1,Dry,NA,6,4,3,4,4,4,3,4,4
932,VER,29,1,101.592,MEDIUM,Red Bull Racing,1,Dry,NA,6,4,3,4,4,4,3,4,4
933,VER,30,1,101.658,MEDIUM,Red Bull Racing,1,Dry,NA,6,4,3,4,4,4,3,4,4
934,VER,31,1,101.337,MEDIUM,Red Bull Racing,1,Dry,NA,6,4,3,4,4,4,3,4,4
935,VER,32,1,101.576,MEDIUM,Red Bull Racing,1,Dry,NA,6,4,3,4,4,4,3,4,4
936,VER,33,1,101.507,MEDIUM,Red Bull Racing,1,Dry,NA,6,4,3,4,4,4,3,4,4
937,VER,34,1,101.581,MEDIUM,Red Bull Racing,1,Dry,NA,6,4,3,4,4,4,3,4,4
938,VER,35,1,101.777,MEDIUM,Red Bull Racing,1,Dry,NA,6,4,3,4,4,4,3,4,4
939,VER,36,1,122.166,HARD,Red Bull Racing,4,Dry,24.974,6,4,3,4,4,4,3,4,4
940,VER,37,1,100.763,HARD,Red Bull Racing,4,Dry,NA,6,4,3,4,4,4,3,4,4
941,VER,38,1,100.439,HARD,Red Bull Racing,3,Dry,NA,6,4,3,4,4,4,3,4,4
942,VER,39,1,100.124,HARD,Red Bull Racing,1,Dry,NA,6,4,3,4,4,4,3,4,4
943,VER,40,1,100.028,HARD,Red Bull Racing,1,Dry,NA,6,4,3,4,4,4,3,4,4
944,VER,41,1,100.449,HARD,Red Bull Racing,1,Dry,NA,6,4,3,4,4,4,3,4,4
945,VER,42,1,100.349,HARD,Red Bull Racing,1,Dry,NA,6,4,3,4,4,4,3,4,4
946,VER,43,1,100.212,HARD,Red Bull Racing,1,Dry,NA,6,4,3,4,4,4,3,4,4
947,VER,44,1,100.77,HARD,Red Bull Racing,1,Dry,NA,6,4,3,4,4,4,3,4,4
948,VER,45,1,100.245,HARD,Red Bull Racing,1,Dry,NA,6,4,3,4,4,4,3,4,4
949,VER,46,1,100.588,HARD,Red Bull Racing,1,Dry,NA,6,4,3,4,4,4,3,4,4
950,VER,47,1,100.31,HARD,Red Bull Racing,1,Dry,NA,6,4,3,4,4,4,3,4,4
951,VER,48,1,100.329,HARD,Red Bull Racing,1,Dry,NA,6,4,3,4,4,4,3,4,4
952,VER,49,1,100.418,HARD,Red Bull Racing,1,Dry,NA,6,4,3,4,4,4,3,4,4
953,VER,50,1,100.209,HARD,Red Bull Racing,1,Dry,NA,6,4,3,4,4,4,3,4,4
954,VER,51,1,100.099,HARD,Red Bull Racing,1,Dry,NA,6,4,3,4,4,4,3,4,4
955,VER,52,1,100.335,HARD,Red Bull Racing,1,Dry,NA,6,4,3,4,4,4,3,4,4
956,VER,53,1,100.636,HARD,Red Bull Racing,1,Dry,NA,6,4,3,4,4,4,3,4,4
957,VER,54,1,100.629,HARD,Red Bull Racing,1,Dry,NA,6,4,3,4,4,4,3,4,4
958,VER,55,1,100.998,HARD,Red Bull Racing,1,Dry,NA,6,4,3,4,4,4,3,4,4
959,VER,56,1,100.337,HARD,Red Bull Racing,1,Dry,NA,6,4,3,4,4,4,3,4,4
960,ZHO,1,24,108.931,MEDIUM,Alfa Romeo,11,Dry,NA,12,4,3,4,4,4,3,4,4
961,ZHO,2,24,105.658,MEDIUM,Alfa Romeo,12,Dry,NA,12,4,3,4,4,4,3,4,4
962,ZHO,3,24,105.043,MEDIUM,Alfa Romeo,12,Dry,NA,12,4,3,4,4,4,3,4,4
963,ZHO,4,24,104.264,MEDIUM,Alfa Romeo,11,Dry,NA,12,4,3,4,4,4,3,4,4
964,ZHO,5,24,103.624,MEDIUM,Alfa Romeo,11,Dry,NA,12,4,3,4,4,4,3,4,4
965,ZHO,6,24,103.322,MEDIUM,Alfa Romeo,11,Dry,NA,12,4,3,4,4,4,3,4,4
966,ZHO,7,24,103.606,MEDIUM,Alfa Romeo,11,Dry,NA,12,4,3,4,4,4,3,4,4
967,ZHO,8,24,103.615,MEDIUM,Alfa Romeo,11,Dry,NA,12,4,3,4,4,4,3,4,4
968,ZHO,9,24,103.882,MEDIUM,Alfa Romeo,11,Dry,NA,12,4,3,4,4,4,3,4,4
969,ZHO,10,24,124.238,HARD,Alfa Romeo,19,Dry,25.636,12,4,3,4,4,4,3,4,4
970,ZHO,11,24,102.787,HARD,Alfa Romeo,15,Dry,NA,12,4,3,4,4,4,3,4,4
971,ZHO,12,24,102.81,HARD,Alfa Romeo,14,Dry,NA,12,4,3,4,4,4,3,4,4
972,ZHO,13,24,103.56,HARD,Alfa Romeo,14,Dry,NA,12,4,3,4,4,4,3,4,4
973,ZHO,14,24,103.45,HARD,Alfa Romeo,14,Dry,NA,12,4,3,4,4,4,3,4,4
974,ZHO,15,24,103.345,HARD,Alfa Romeo,14,Dry,NA,12,4,3,4,4,4,3,4,4
975,ZHO,16,24,103.132,HARD,Alfa Romeo,14,Dry,NA,12,4,3,4,4,4,3,4,4
976,ZHO,17,24,103.244,HARD,Alfa Romeo,14,Dry,NA,12,4,3,4,4,4,3,4,4
977,ZHO,18,24,103.132,HARD,Alfa Romeo,14,Dry,NA,12,4,3,4,4,4,3,4,4
978,ZHO,19,24,103.172,HARD,Alfa Romeo,14,Dry,NA,12,4,3,4,4,4,3,4,4
979,ZHO,20,24,102.845,HARD,Alfa Romeo,12,Dry,NA,12,4,3,4,4,4,3,4,4
980,ZHO,21,24,103.142,HARD,Alfa Romeo,11,Dry,NA,12,4,3,4,4,4,3,4,4
981,ZHO,22,24,103.657,HARD,Alfa Romeo,11,Dry,NA,12,4,3,4,4,4,3,4,4
982,ZHO,23,24,103.809,HARD,Alfa Romeo,11,Dry,NA,12,4,3,4,4,4,3,4,4
983,ZHO,24,24,103.917,HARD,Alfa Romeo,11,Dry,NA,12,4,3,4,4,4,3,4,4
984,ZHO,25,24,105,HARD,Alfa Romeo,12,Dry,NA,12,4,3,4,4,4,3,4,4
985,ZHO,26,24,103.69,HARD,Alfa Romeo,12,Dry,NA,12,4,3,4,4,4,3,4,4
986,ZHO,27,24,107.714,HARD,Alfa Romeo,16,Dry,NA,12,4,3,4,4,4,3,4,4
987,ZHO,28,24,124.07,HARD,Alfa Romeo,18,Dry,24.717,12,4,3,4,4,4,3,4,4
988,ZHO,29,24,102.946,HARD,Alfa Romeo,18,Dry,NA,12,4,3,4,4,4,3,4,4
989,ZHO,30,24,103.042,HARD,Alfa Romeo,17,Dry,NA,12,4,3,4,4,4,3,4,4
990,ZHO,31,24,102.846,HARD,Alfa Romeo,17,Dry,NA,12,4,3,4,4,4,3,4,4
991,ZHO,32,24,102.223,HARD,Alfa Romeo,17,Dry,NA,12,4,3,4,4,4,3,4,4
992,ZHO,33,24,102.941,HARD,Alfa Romeo,16,Dry,NA,12,4,3,4,4,4,3,4,4
993,ZHO,34,24,103.772,HARD,Alfa Romeo,17,Dry,NA,12,4,3,4,4,4,3,4,4
994,ZHO,35,24,103.288,HARD,Alfa Romeo,17,Dry,NA,12,4,3,4,4,4,3,4,4
995,ZHO,36,24,102.713,HARD,Alfa Romeo,17,Dry,NA,12,4,3,4,4,4,3,4,4
996,ZHO,37,24,103.111,HARD,Alfa Romeo,17,Dry,NA,12,4,3,4,4,4,3,4,4
997,ZHO,38,24,102.219,HARD,Alfa Romeo,17,Dry,NA,12,4,3,4,4,4,3,4,4
998,ZHO,39,24,102.301,HARD,Alfa Romeo,17,Dry,NA,12,4,3,4,4,4,3,4,4
999,ZHO,40,24,102.085,HARD,Alfa Romeo,17,Dry,NA,12,4,3,4,4,4,3,4,4
1000,ZHO,41,24,102.158,HARD,Alfa Romeo,17,Dry,NA,12,4,3,4,4,4,3,4,4
1001,ZHO,42,24,102.816,HARD,Alfa Romeo,17,Dry,NA,12,4,3,4,4,4,3,4,4
1002,ZHO,43,24,102.886,HARD,Alfa Romeo,17,Dry,NA,12,4,3,4,4,4,3,4,4
1003,ZHO,44,24,102.931,HARD,Alfa Romeo,17,Dry,NA,12,4,3,4,4,4,3,4,4
1004,ZHO,45,24,102.45,HARD,Alfa Romeo,17,Dry,NA,12,4,3,4,4,4,3,4,4
1005,ZHO,46,24,102.113,HARD,Alfa Romeo,17,Dry,NA,12,4,3,4,4,4,3,4,4
1006,ZHO,47,24,102.503,HARD,Alfa Romeo,17,Dry,NA,12,4,3,4,4,4,3,4,4
1007,ZHO,48,24,102.106,HARD,Alfa Romeo,16,Dry,NA,12,4,3,4,4,4,3,4,4
1008,ZHO,49,24,102.051,HARD,Alfa Romeo,16,Dry,NA,12,4,3,4,4,4,3,4,4
1009,ZHO,50,24,101.927,HARD,Alfa Romeo,15,Dry,NA,12,4,3,4,4,4,3,4,4
1010,ZHO,51,24,101.879,HARD,Alfa Romeo,15,Dry,NA,12,4,3,4,4,4,3,4,4
1011,ZHO,52,24,102.158,HARD,Alfa Romeo,15,Dry,NA,12,4,3,4,4,4,3,4,4
1012,ZHO,53,24,102.493,HARD,Alfa Romeo,15,Dry,NA,12,4,3,4,4,4,3,4,4
1013,ZHO,54,24,102.441,HARD,Alfa Romeo,15,Dry,NA,12,4,3,4,4,4,3,4,4
1014,ZHO,55,24,105.88,HARD,Alfa Romeo,15,Dry,NA,12,4,3,4,4,4,3,4,4
