"X","driver","lap_number","driver_number","lap_time","tyre","team","position","rainfall","pitstop_duration","start_position","traction","asphalt_grip","asphalt_abrasion","track_evol","tyre_stress","braking","lateral","downforce"
1,"ALB",1,23,124.413,"MEDIUM","Williams",12,"Dry",NA,13,3,3,3,4,5,3,5,4
2,"ALB",2,23,144.139,"MEDIUM","Williams",11,"Dry",NA,13,3,3,3,4,5,3,5,4
3,"ALB",3,23,143.55,"MEDIUM","Williams",10,"Dry",NA,13,3,3,3,4,5,3,5,4
4,"ALB",4,23,145.619,"MEDIUM","Williams",10,"Dry",NA,13,3,3,3,4,5,3,5,4
5,"ALB",5,23,93.057,"MEDIUM","Williams",10,"Dry",NA,13,3,3,3,4,5,3,5,4
6,"ALB",6,23,92.71,"MEDIUM","Williams",10,"Dry",NA,13,3,3,3,4,5,3,5,4
7,"ALB",7,23,90.726,"MEDIUM","Williams",10,"Dry",NA,13,3,3,3,4,5,3,5,4
8,"ALB",8,23,90.614,"MEDIUM","Williams",10,"Dry",NA,13,3,3,3,4,5,3,5,4
9,"ALB",9,23,91.05,"MEDIUM","Williams",9,"Dry",NA,13,3,3,3,4,5,3,5,4
10,"ALB",10,23,90.245,"MEDIUM","Williams",9,"Dry",NA,13,3,3,3,4,5,3,5,4
11,"ALB",11,23,90.521,"MEDIUM","Williams",8,"Dry",NA,13,3,3,3,4,5,3,5,4
12,"ALB",12,23,91.693,"MEDIUM","Williams",7,"Dry",NA,13,3,3,3,4,5,3,5,4
13,"ALB",13,23,90.652,"MEDIUM","Williams",4,"Dry",NA,13,3,3,3,4,5,3,5,4
14,"ALB",14,23,89.635,"MEDIUM","Williams",3,"Dry",NA,13,3,3,3,4,5,3,5,4
15,"ALB",15,23,89.407,"MEDIUM","Williams",2,"Dry",NA,13,3,3,3,4,5,3,5,4
16,"ALB",16,23,89.001,"MEDIUM","Williams",2,"Dry",NA,13,3,3,3,4,5,3,5,4
17,"ALB",17,23,88.944,"MEDIUM","Williams",2,"Dry",NA,13,3,3,3,4,5,3,5,4
18,"ALB",18,23,93.029,"MEDIUM","Williams",2,"Dry",NA,13,3,3,3,4,5,3,5,4
19,"ALB",19,23,114.278,"MEDIUM","Williams",14,"Dry",29.253,13,3,3,3,4,5,3,5,4
20,"ALB",20,23,90.166,"MEDIUM","Williams",15,"Dry",NA,13,3,3,3,4,5,3,5,4
21,"ALB",21,23,89.204,"MEDIUM","Williams",13,"Dry",NA,13,3,3,3,4,5,3,5,4
22,"ALB",22,23,90.046,"MEDIUM","Williams",10,"Dry",NA,13,3,3,3,4,5,3,5,4
23,"ALB",23,23,89.061,"MEDIUM","Williams",10,"Dry",NA,13,3,3,3,4,5,3,5,4
24,"ALB",24,23,88.305,"MEDIUM","Williams",10,"Dry",NA,13,3,3,3,4,5,3,5,4
25,"ALB",25,23,88.358,"MEDIUM","Williams",10,"Dry",NA,13,3,3,3,4,5,3,5,4
26,"ALB",26,23,88.502,"MEDIUM","Williams",7,"Dry",NA,13,3,3,3,4,5,3,5,4
27,"ALB",27,23,88.251,"MEDIUM","Williams",5,"Dry",NA,13,3,3,3,4,5,3,5,4
28,"ALB",28,23,88.463,"MEDIUM","Williams",4,"Dry",NA,13,3,3,3,4,5,3,5,4
29,"ALB",29,23,89.649,"MEDIUM","Williams",5,"Dry",NA,13,3,3,3,4,5,3,5,4
30,"ALB",30,23,88.326,"MEDIUM","Williams",5,"Dry",NA,13,3,3,3,4,5,3,5,4
31,"ALB",31,23,92.175,"MEDIUM","Williams",6,"Dry",NA,13,3,3,3,4,5,3,5,4
32,"ALB",32,23,113.955,"HARD","Williams",15,"Dry",28.747,13,3,3,3,4,5,3,5,4
33,"ALB",33,23,87.93,"HARD","Williams",15,"Dry",NA,13,3,3,3,4,5,3,5,4
34,"ALB",34,23,88.447,"HARD","Williams",15,"Dry",NA,13,3,3,3,4,5,3,5,4
35,"ALB",35,23,87.658,"HARD","Williams",14,"Dry",NA,13,3,3,3,4,5,3,5,4
36,"ALB",36,23,87.255,"HARD","Williams",13,"Dry",NA,13,3,3,3,4,5,3,5,4
37,"ALB",37,23,87.29,"HARD","Williams",13,"Dry",NA,13,3,3,3,4,5,3,5,4
38,"ALB",38,23,87.61,"HARD","Williams",13,"Dry",NA,13,3,3,3,4,5,3,5,4
39,"ALB",39,23,87.409,"HARD","Williams",12,"Dry",NA,13,3,3,3,4,5,3,5,4
40,"ALB",40,23,86.959,"HARD","Williams",10,"Dry",NA,13,3,3,3,4,5,3,5,4
41,"ALB",41,23,87.245,"HARD","Williams",10,"Dry",NA,13,3,3,3,4,5,3,5,4
42,"ALB",42,23,87.446,"HARD","Williams",10,"Dry",NA,13,3,3,3,4,5,3,5,4
43,"ALB",43,23,87.088,"HARD","Williams",10,"Dry",NA,13,3,3,3,4,5,3,5,4
44,"ALB",44,23,92.935,"HARD","Williams",9,"Dry",NA,13,3,3,3,4,5,3,5,4
45,"ALB",45,23,111.58,"HARD","Williams",13,"Dry",28.981,13,3,3,3,4,5,3,5,4
46,"ALB",46,23,86.778,"HARD","Williams",13,"Dry",NA,13,3,3,3,4,5,3,5,4
47,"ALB",47,23,86.695,"HARD","Williams",13,"Dry",NA,13,3,3,3,4,5,3,5,4
48,"ALB",48,23,87.455,"HARD","Williams",13,"Dry",NA,13,3,3,3,4,5,3,5,4
49,"ALB",49,23,86.841,"HARD","Williams",13,"Dry",NA,13,3,3,3,4,5,3,5,4
50,"ALB",50,23,87.613,"HARD","Williams",13,"Dry",NA,13,3,3,3,4,5,3,5,4
51,"ALB",51,23,87.22,"HARD","Williams",13,"Dry",NA,13,3,3,3,4,5,3,5,4
52,"ALB",52,23,87.55,"HARD","Williams",13,"Dry",NA,13,3,3,3,4,5,3,5,4
53,"ALB",53,23,87.465,"HARD","Williams",13,"Dry",NA,13,3,3,3,4,5,3,5,4
54,"ALB",54,23,87.238,"HARD","Williams",13,"Dry",NA,13,3,3,3,4,5,3,5,4
55,"ALB",55,23,87.292,"HARD","Williams",13,"Dry",NA,13,3,3,3,4,5,3,5,4
56,"ALB",56,23,86.773,"HARD","Williams",13,"Dry",NA,13,3,3,3,4,5,3,5,4
57,"ALB",57,23,86.666,"HARD","Williams",13,"Dry",NA,13,3,3,3,4,5,3,5,4
58,"ALO",1,14,113.076,"MEDIUM","Aston Martin",4,"Dry",NA,4,3,3,3,4,5,3,5,4
59,"ALO",2,14,143.156,"MEDIUM","Aston Martin",3,"Dry",NA,4,3,3,3,4,5,3,5,4
60,"ALO",3,14,146.267,"MEDIUM","Aston Martin",3,"Dry",NA,4,3,3,3,4,5,3,5,4
61,"ALO",4,14,NA,"MEDIUM","Aston Martin",3,"Dry",NA,4,3,3,3,4,5,3,5,4
62,"ALO",5,14,90.881,"MEDIUM","Aston Martin",3,"Dry",NA,4,3,3,3,4,5,3,5,4
63,"ALO",6,14,89.585,"MEDIUM","Aston Martin",3,"Dry",NA,4,3,3,3,4,5,3,5,4
64,"ALO",7,14,90.54,"MEDIUM","Aston Martin",3,"Dry",NA,4,3,3,3,4,5,3,5,4
65,"ALO",8,14,90.053,"MEDIUM","Aston Martin",3,"Dry",NA,4,3,3,3,4,5,3,5,4
66,"ALO",9,14,89.604,"MEDIUM","Aston Martin",3,"Dry",NA,4,3,3,3,4,5,3,5,4
67,"ALO",10,14,89.955,"MEDIUM","Aston Martin",3,"Dry",NA,4,3,3,3,4,5,3,5,4
68,"ALO",11,14,94.065,"MEDIUM","Aston Martin",4,"Dry",NA,4,3,3,3,4,5,3,5,4
69,"ALO",12,14,112.578,"MEDIUM","Aston Martin",15,"Dry",28.373,4,3,3,3,4,5,3,5,4
70,"ALO",13,14,90.137,"MEDIUM","Aston Martin",14,"Dry",NA,4,3,3,3,4,5,3,5,4
71,"ALO",14,14,89.357,"MEDIUM","Aston Martin",11,"Dry",NA,4,3,3,3,4,5,3,5,4
72,"ALO",15,14,89.892,"MEDIUM","Aston Martin",9,"Dry",NA,4,3,3,3,4,5,3,5,4
73,"ALO",16,14,88.915,"MEDIUM","Aston Martin",8,"Dry",NA,4,3,3,3,4,5,3,5,4
74,"ALO",17,14,88.923,"MEDIUM","Aston Martin",8,"Dry",NA,4,3,3,3,4,5,3,5,4
75,"ALO",18,14,89.997,"MEDIUM","Aston Martin",6,"Dry",NA,4,3,3,3,4,5,3,5,4
76,"ALO",19,14,89.212,"MEDIUM","Aston Martin",4,"Dry",NA,4,3,3,3,4,5,3,5,4
77,"ALO",20,14,88.408,"MEDIUM","Aston Martin",3,"Dry",NA,4,3,3,3,4,5,3,5,4
78,"ALO",21,14,88.568,"MEDIUM","Aston Martin",3,"Dry",NA,4,3,3,3,4,5,3,5,4
79,"ALO",22,14,88.473,"MEDIUM","Aston Martin",3,"Dry",NA,4,3,3,3,4,5,3,5,4
80,"ALO",23,14,88.765,"MEDIUM","Aston Martin",3,"Dry",NA,4,3,3,3,4,5,3,5,4
81,"ALO",24,14,88.573,"MEDIUM","Aston Martin",3,"Dry",NA,4,3,3,3,4,5,3,5,4
82,"ALO",25,14,88.256,"MEDIUM","Aston Martin",3,"Dry",NA,4,3,3,3,4,5,3,5,4
83,"ALO",26,14,92.539,"MEDIUM","Aston Martin",3,"Dry",NA,4,3,3,3,4,5,3,5,4
84,"ALO",27,14,111.321,"HARD","Aston Martin",8,"Dry",28.432,4,3,3,3,4,5,3,5,4
85,"ALO",28,14,87.644,"HARD","Aston Martin",8,"Dry",NA,4,3,3,3,4,5,3,5,4
86,"ALO",29,14,87.906,"HARD","Aston Martin",8,"Dry",NA,4,3,3,3,4,5,3,5,4
87,"ALO",30,14,87.818,"HARD","Aston Martin",8,"Dry",NA,4,3,3,3,4,5,3,5,4
88,"ALO",31,14,87.761,"HARD","Aston Martin",8,"Dry",NA,4,3,3,3,4,5,3,5,4
89,"ALO",32,14,86.926,"HARD","Aston Martin",5,"Dry",NA,4,3,3,3,4,5,3,5,4
90,"ALO",33,14,95.885,"HARD","Aston Martin",7,"Dry",NA,4,3,3,3,4,5,3,5,4
91,"ALO",34,14,87.301,"HARD","Aston Martin",7,"Dry",NA,4,3,3,3,4,5,3,5,4
92,"ALO",35,14,87.269,"HARD","Aston Martin",6,"Dry",NA,4,3,3,3,4,5,3,5,4
93,"ALO",36,14,87.184,"HARD","Aston Martin",6,"Dry",NA,4,3,3,3,4,5,3,5,4
94,"ALO",37,14,87.223,"HARD","Aston Martin",6,"Dry",NA,4,3,3,3,4,5,3,5,4
95,"ALO",38,14,87.15,"HARD","Aston Martin",6,"Dry",NA,4,3,3,3,4,5,3,5,4
96,"ALO",39,14,86.89,"HARD","Aston Martin",6,"Dry",NA,4,3,3,3,4,5,3,5,4
97,"ALO",40,14,87.228,"HARD","Aston Martin",6,"Dry",NA,4,3,3,3,4,5,3,5,4
98,"ALO",41,14,87.55,"HARD","Aston Martin",6,"Dry",NA,4,3,3,3,4,5,3,5,4
99,"ALO",42,14,87.181,"HARD","Aston Martin",6,"Dry",NA,4,3,3,3,4,5,3,5,4
100,"ALO",43,14,86.916,"HARD","Aston Martin",6,"Dry",NA,4,3,3,3,4,5,3,5,4
101,"ALO",44,14,91.812,"HARD","Aston Martin",5,"Dry",NA,4,3,3,3,4,5,3,5,4
102,"ALO",45,14,110.466,"MEDIUM","Aston Martin",7,"Dry",28.393,4,3,3,3,4,5,3,5,4
103,"ALO",46,14,86.791,"MEDIUM","Aston Martin",7,"Dry",NA,4,3,3,3,4,5,3,5,4
104,"ALO",47,14,86.53,"MEDIUM","Aston Martin",7,"Dry",NA,4,3,3,3,4,5,3,5,4
105,"ALO",48,14,86.481,"MEDIUM","Aston Martin",7,"Dry",NA,4,3,3,3,4,5,3,5,4
106,"ALO",49,14,87.024,"MEDIUM","Aston Martin",7,"Dry",NA,4,3,3,3,4,5,3,5,4
107,"ALO",50,14,86.153,"MEDIUM","Aston Martin",7,"Dry",NA,4,3,3,3,4,5,3,5,4
108,"ALO",51,14,86.332,"MEDIUM","Aston Martin",7,"Dry",NA,4,3,3,3,4,5,3,5,4
109,"ALO",52,14,86.258,"MEDIUM","Aston Martin",6,"Dry",NA,4,3,3,3,4,5,3,5,4
110,"ALO",53,14,86.051,"MEDIUM","Aston Martin",6,"Dry",NA,4,3,3,3,4,5,3,5,4
111,"ALO",54,14,86.279,"MEDIUM","Aston Martin",6,"Dry",NA,4,3,3,3,4,5,3,5,4
112,"ALO",55,14,86.31,"MEDIUM","Aston Martin",6,"Dry",NA,4,3,3,3,4,5,3,5,4
113,"ALO",56,14,86.147,"MEDIUM","Aston Martin",6,"Dry",NA,4,3,3,3,4,5,3,5,4
114,"ALO",57,14,86.045,"MEDIUM","Aston Martin",6,"Dry",NA,4,3,3,3,4,5,3,5,4
115,"BOT",1,77,121.644,"SOFT","Alfa Romeo",10,"Dry",NA,9,3,3,3,4,5,3,5,4
116,"BOT",2,77,143.53,"SOFT","Alfa Romeo",9,"Dry",NA,9,3,3,3,4,5,3,5,4
117,"BOT",3,77,148.157,"SOFT","Alfa Romeo",12,"Dry",NA,9,3,3,3,4,5,3,5,4
118,"BOT",4,77,146.382,"MEDIUM","Alfa Romeo",15,"Dry",29.977,9,3,3,3,4,5,3,5,4
119,"BOT",5,77,94.03,"MEDIUM","Alfa Romeo",15,"Dry",NA,9,3,3,3,4,5,3,5,4
120,"BOT",6,77,92.573,"MEDIUM","Alfa Romeo",15,"Dry",NA,9,3,3,3,4,5,3,5,4
121,"BOT",7,77,91.648,"MEDIUM","Alfa Romeo",15,"Dry",NA,9,3,3,3,4,5,3,5,4
122,"BOT",8,77,91.04,"MEDIUM","Alfa Romeo",15,"Dry",NA,9,3,3,3,4,5,3,5,4
123,"BOT",9,77,91.277,"MEDIUM","Alfa Romeo",15,"Dry",NA,9,3,3,3,4,5,3,5,4
124,"BOT",10,77,90.958,"MEDIUM","Alfa Romeo",14,"Dry",NA,9,3,3,3,4,5,3,5,4
125,"BOT",11,77,91.227,"MEDIUM","Alfa Romeo",13,"Dry",NA,9,3,3,3,4,5,3,5,4
126,"BOT",12,77,91.289,"MEDIUM","Alfa Romeo",11,"Dry",NA,9,3,3,3,4,5,3,5,4
127,"BOT",13,77,91.142,"MEDIUM","Alfa Romeo",8,"Dry",NA,9,3,3,3,4,5,3,5,4
128,"BOT",14,77,90.445,"MEDIUM","Alfa Romeo",6,"Dry",NA,9,3,3,3,4,5,3,5,4
129,"BOT",15,77,90.974,"MEDIUM","Alfa Romeo",5,"Dry",NA,9,3,3,3,4,5,3,5,4
130,"BOT",16,77,90.066,"MEDIUM","Alfa Romeo",5,"Dry",NA,9,3,3,3,4,5,3,5,4
131,"BOT",17,77,90.262,"MEDIUM","Alfa Romeo",5,"Dry",NA,9,3,3,3,4,5,3,5,4
132,"BOT",18,77,91.286,"MEDIUM","Alfa Romeo",5,"Dry",NA,9,3,3,3,4,5,3,5,4
133,"BOT",19,77,90.443,"MEDIUM","Alfa Romeo",3,"Dry",NA,9,3,3,3,4,5,3,5,4
134,"BOT",20,77,90.631,"MEDIUM","Alfa Romeo",4,"Dry",NA,9,3,3,3,4,5,3,5,4
135,"BOT",21,77,94.304,"MEDIUM","Alfa Romeo",7,"Dry",NA,9,3,3,3,4,5,3,5,4
136,"BOT",22,77,112.957,"HARD","Alfa Romeo",15,"Dry",29.387,9,3,3,3,4,5,3,5,4
137,"BOT",23,77,88.657,"HARD","Alfa Romeo",14,"Dry",NA,9,3,3,3,4,5,3,5,4
138,"BOT",24,77,88.526,"HARD","Alfa Romeo",14,"Dry",NA,9,3,3,3,4,5,3,5,4
139,"BOT",25,77,88.325,"HARD","Alfa Romeo",14,"Dry",NA,9,3,3,3,4,5,3,5,4
140,"BOT",26,77,88.38,"HARD","Alfa Romeo",12,"Dry",NA,9,3,3,3,4,5,3,5,4
141,"BOT",27,77,87.921,"HARD","Alfa Romeo",9,"Dry",NA,9,3,3,3,4,5,3,5,4
142,"BOT",28,77,87.949,"HARD","Alfa Romeo",9,"Dry",NA,9,3,3,3,4,5,3,5,4
143,"BOT",29,77,87.721,"HARD","Alfa Romeo",9,"Dry",NA,9,3,3,3,4,5,3,5,4
144,"BOT",30,77,88.007,"HARD","Alfa Romeo",9,"Dry",NA,9,3,3,3,4,5,3,5,4
145,"BOT",31,77,88.059,"HARD","Alfa Romeo",9,"Dry",NA,9,3,3,3,4,5,3,5,4
146,"BOT",32,77,88.168,"HARD","Alfa Romeo",7,"Dry",NA,9,3,3,3,4,5,3,5,4
147,"BOT",33,77,90.68,"HARD","Alfa Romeo",8,"Dry",NA,9,3,3,3,4,5,3,5,4
148,"BOT",34,77,88.121,"HARD","Alfa Romeo",8,"Dry",NA,9,3,3,3,4,5,3,5,4
149,"BOT",35,77,88.235,"HARD","Alfa Romeo",8,"Dry",NA,9,3,3,3,4,5,3,5,4
150,"BOT",36,77,88.482,"HARD","Alfa Romeo",7,"Dry",NA,9,3,3,3,4,5,3,5,4
151,"BOT",37,77,88.212,"HARD","Alfa Romeo",7,"Dry",NA,9,3,3,3,4,5,3,5,4
152,"BOT",38,77,89.391,"HARD","Alfa Romeo",8,"Dry",NA,9,3,3,3,4,5,3,5,4
153,"BOT",39,77,92.33,"HARD","Alfa Romeo",9,"Dry",NA,9,3,3,3,4,5,3,5,4
154,"BOT",40,77,111.346,"HARD","Alfa Romeo",13,"Dry",28.946,9,3,3,3,4,5,3,5,4
155,"BOT",41,77,87.975,"HARD","Alfa Romeo",12,"Dry",NA,9,3,3,3,4,5,3,5,4
156,"BOT",42,77,87.557,"HARD","Alfa Romeo",12,"Dry",NA,9,3,3,3,4,5,3,5,4
157,"BOT",43,77,87.194,"HARD","Alfa Romeo",12,"Dry",NA,9,3,3,3,4,5,3,5,4
158,"BOT",44,77,87.428,"HARD","Alfa Romeo",11,"Dry",NA,9,3,3,3,4,5,3,5,4
159,"BOT",45,77,87.205,"HARD","Alfa Romeo",9,"Dry",NA,9,3,3,3,4,5,3,5,4
160,"BOT",46,77,86.819,"HARD","Alfa Romeo",9,"Dry",NA,9,3,3,3,4,5,3,5,4
161,"BOT",47,77,87.14,"HARD","Alfa Romeo",9,"Dry",NA,9,3,3,3,4,5,3,5,4
162,"BOT",48,77,86.689,"HARD","Alfa Romeo",9,"Dry",NA,9,3,3,3,4,5,3,5,4
163,"BOT",49,77,86.686,"HARD","Alfa Romeo",9,"Dry",NA,9,3,3,3,4,5,3,5,4
164,"BOT",50,77,87.113,"HARD","Alfa Romeo",9,"Dry",NA,9,3,3,3,4,5,3,5,4
165,"BOT",51,77,87.131,"HARD","Alfa Romeo",9,"Dry",NA,9,3,3,3,4,5,3,5,4
166,"BOT",52,77,87.122,"HARD","Alfa Romeo",9,"Dry",NA,9,3,3,3,4,5,3,5,4
167,"BOT",53,77,86.905,"HARD","Alfa Romeo",8,"Dry",NA,9,3,3,3,4,5,3,5,4
168,"BOT",54,77,86.652,"HARD","Alfa Romeo",8,"Dry",NA,9,3,3,3,4,5,3,5,4
169,"BOT",55,77,86.929,"HARD","Alfa Romeo",8,"Dry",NA,9,3,3,3,4,5,3,5,4
170,"BOT",56,77,87.308,"HARD","Alfa Romeo",8,"Dry",NA,9,3,3,3,4,5,3,5,4
171,"BOT",57,77,87.103,"HARD","Alfa Romeo",8,"Dry",NA,9,3,3,3,4,5,3,5,4
172,"GAS",1,10,119.728,"MEDIUM","Alpine",8,"Dry",NA,7,3,3,3,4,5,3,5,4
173,"GAS",2,10,142.67,"MEDIUM","Alpine",7,"Dry",NA,7,3,3,3,4,5,3,5,4
174,"GAS",3,10,146.279,"MEDIUM","Alpine",7,"Dry",NA,7,3,3,3,4,5,3,5,4
175,"GAS",4,10,148.16,"MEDIUM","Alpine",7,"Dry",NA,7,3,3,3,4,5,3,5,4
176,"GAS",5,10,92.599,"MEDIUM","Alpine",7,"Dry",NA,7,3,3,3,4,5,3,5,4
177,"GAS",6,10,90.928,"MEDIUM","Alpine",7,"Dry",NA,7,3,3,3,4,5,3,5,4
178,"GAS",7,10,90.594,"MEDIUM","Alpine",7,"Dry",NA,7,3,3,3,4,5,3,5,4
179,"GAS",8,10,90.45,"MEDIUM","Alpine",7,"Dry",NA,7,3,3,3,4,5,3,5,4
180,"GAS",9,10,90.222,"MEDIUM","Alpine",7,"Dry",NA,7,3,3,3,4,5,3,5,4
181,"GAS",10,10,90.416,"MEDIUM","Alpine",6,"Dry",NA,7,3,3,3,4,5,3,5,4
182,"GAS",11,10,94.153,"MEDIUM","Alpine",7,"Dry",NA,7,3,3,3,4,5,3,5,4
183,"GAS",12,10,113.607,"MEDIUM","Alpine",17,"Dry",28.429,7,3,3,3,4,5,3,5,4
184,"GAS",13,10,89.18,"MEDIUM","Alpine",17,"Dry",NA,7,3,3,3,4,5,3,5,4
185,"GAS",14,10,88.973,"MEDIUM","Alpine",15,"Dry",NA,7,3,3,3,4,5,3,5,4
186,"GAS",15,10,88.739,"MEDIUM","Alpine",14,"Dry",NA,7,3,3,3,4,5,3,5,4
187,"GAS",16,10,89.441,"MEDIUM","Alpine",14,"Dry",NA,7,3,3,3,4,5,3,5,4
188,"GAS",17,10,90.631,"MEDIUM","Alpine",14,"Dry",NA,7,3,3,3,4,5,3,5,4
189,"GAS",18,10,89.898,"MEDIUM","Alpine",12,"Dry",NA,7,3,3,3,4,5,3,5,4
190,"GAS",19,10,89.107,"MEDIUM","Alpine",9,"Dry",NA,7,3,3,3,4,5,3,5,4
191,"GAS",20,10,89.273,"MEDIUM","Alpine",9,"Dry",NA,7,3,3,3,4,5,3,5,4
192,"GAS",21,10,89.599,"MEDIUM","Alpine",8,"Dry",NA,7,3,3,3,4,5,3,5,4
193,"GAS",22,10,88.955,"MEDIUM","Alpine",7,"Dry",NA,7,3,3,3,4,5,3,5,4
194,"GAS",23,10,89.671,"MEDIUM","Alpine",8,"Dry",NA,7,3,3,3,4,5,3,5,4
195,"GAS",24,10,88.978,"MEDIUM","Alpine",8,"Dry",NA,7,3,3,3,4,5,3,5,4
196,"GAS",25,10,88.565,"MEDIUM","Alpine",6,"Dry",NA,7,3,3,3,4,5,3,5,4
197,"GAS",26,10,92.649,"MEDIUM","Alpine",6,"Dry",NA,7,3,3,3,4,5,3,5,4
198,"GAS",27,10,113.855,"HARD","Alpine",14,"Dry",30.192,7,3,3,3,4,5,3,5,4
199,"GAS",28,10,87.586,"HARD","Alpine",13,"Dry",NA,7,3,3,3,4,5,3,5,4
200,"GAS",29,10,87.382,"HARD","Alpine",13,"Dry",NA,7,3,3,3,4,5,3,5,4
201,"GAS",30,10,87.459,"HARD","Alpine",13,"Dry",NA,7,3,3,3,4,5,3,5,4
202,"GAS",31,10,87.206,"HARD","Alpine",13,"Dry",NA,7,3,3,3,4,5,3,5,4
203,"GAS",32,10,87.398,"HARD","Alpine",11,"Dry",NA,7,3,3,3,4,5,3,5,4
204,"GAS",33,10,87.962,"HARD","Alpine",11,"Dry",NA,7,3,3,3,4,5,3,5,4
205,"GAS",34,10,87.658,"HARD","Alpine",11,"Dry",NA,7,3,3,3,4,5,3,5,4
206,"GAS",35,10,87.651,"HARD","Alpine",11,"Dry",NA,7,3,3,3,4,5,3,5,4
207,"GAS",36,10,88.546,"HARD","Alpine",10,"Dry",NA,7,3,3,3,4,5,3,5,4
208,"GAS",37,10,88.006,"HARD","Alpine",9,"Dry",NA,7,3,3,3,4,5,3,5,4
209,"GAS",38,10,87.761,"HARD","Alpine",9,"Dry",NA,7,3,3,3,4,5,3,5,4
210,"GAS",39,10,88.118,"HARD","Alpine",8,"Dry",NA,7,3,3,3,4,5,3,5,4
211,"GAS",40,10,86.658,"HARD","Alpine",8,"Dry",NA,7,3,3,3,4,5,3,5,4
212,"GAS",41,10,86.766,"HARD","Alpine",8,"Dry",NA,7,3,3,3,4,5,3,5,4
213,"GAS",42,10,86.634,"HARD","Alpine",8,"Dry",NA,7,3,3,3,4,5,3,5,4
214,"GAS",43,10,87.357,"HARD","Alpine",7,"Dry",NA,7,3,3,3,4,5,3,5,4
215,"GAS",44,10,91.055,"HARD","Alpine",6,"Dry",NA,7,3,3,3,4,5,3,5,4
216,"GAS",45,10,117.415,"MEDIUM","Alpine",11,"Dry",34.856,7,3,3,3,4,5,3,5,4
217,"GAS",46,10,86.98,"MEDIUM","Alpine",11,"Dry",NA,7,3,3,3,4,5,3,5,4
218,"GAS",47,10,88.84,"MEDIUM","Alpine",11,"Dry",NA,7,3,3,3,4,5,3,5,4
219,"GAS",48,10,86.498,"MEDIUM","Alpine",11,"Dry",NA,7,3,3,3,4,5,3,5,4
220,"GAS",49,10,86.31,"MEDIUM","Alpine",11,"Dry",NA,7,3,3,3,4,5,3,5,4
221,"GAS",50,10,86.519,"MEDIUM","Alpine",11,"Dry",NA,7,3,3,3,4,5,3,5,4
222,"GAS",51,10,86.623,"MEDIUM","Alpine",11,"Dry",NA,7,3,3,3,4,5,3,5,4
223,"GAS",52,10,89.058,"MEDIUM","Alpine",10,"Dry",NA,7,3,3,3,4,5,3,5,4
224,"GAS",53,10,89.306,"MEDIUM","Alpine",11,"Dry",NA,7,3,3,3,4,5,3,5,4
225,"GAS",54,10,86.702,"MEDIUM","Alpine",11,"Dry",NA,7,3,3,3,4,5,3,5,4
226,"GAS",55,10,85.793,"MEDIUM","Alpine",10,"Dry",NA,7,3,3,3,4,5,3,5,4
227,"GAS",56,10,86.33,"MEDIUM","Alpine",10,"Dry",NA,7,3,3,3,4,5,3,5,4
228,"GAS",57,10,86.571,"MEDIUM","Alpine",10,"Dry",NA,7,3,3,3,4,5,3,5,4
229,"HAM",1,44,NA,"SOFT","Mercedes",2,"Dry",NA,3,3,3,3,4,5,3,5,4
230,"HUL",1,27,122.98,"MEDIUM","Haas F1 Team",11,"Dry",NA,14,3,3,3,4,5,3,5,4
231,"HUL",2,27,144.208,"MEDIUM","Haas F1 Team",10,"Dry",NA,14,3,3,3,4,5,3,5,4
232,"HUL",3,27,144.087,"MEDIUM","Haas F1 Team",9,"Dry",NA,14,3,3,3,4,5,3,5,4
233,"HUL",4,27,146.222,"MEDIUM","Haas F1 Team",9,"Dry",NA,14,3,3,3,4,5,3,5,4
234,"HUL",5,27,92.794,"MEDIUM","Haas F1 Team",9,"Dry",NA,14,3,3,3,4,5,3,5,4
235,"HUL",6,27,91.008,"MEDIUM","Haas F1 Team",8,"Dry",NA,14,3,3,3,4,5,3,5,4
236,"HUL",7,27,91.238,"MEDIUM","Haas F1 Team",8,"Dry",NA,14,3,3,3,4,5,3,5,4
237,"HUL",8,27,90.702,"MEDIUM","Haas F1 Team",8,"Dry",NA,14,3,3,3,4,5,3,5,4
238,"HUL",9,27,91.084,"MEDIUM","Haas F1 Team",8,"Dry",NA,14,3,3,3,4,5,3,5,4
239,"HUL",10,27,90.961,"MEDIUM","Haas F1 Team",8,"Dry",NA,14,3,3,3,4,5,3,5,4
240,"HUL",11,27,90.707,"MEDIUM","Haas F1 Team",6,"Dry",NA,14,3,3,3,4,5,3,5,4
241,"HUL",12,27,90.287,"MEDIUM","Haas F1 Team",5,"Dry",NA,14,3,3,3,4,5,3,5,4
242,"HUL",13,27,96.246,"MEDIUM","Haas F1 Team",6,"Dry",NA,14,3,3,3,4,5,3,5,4
243,"HUL",14,27,124.996,"HARD","Haas F1 Team",18,"Dry",39.879,14,3,3,3,4,5,3,5,4
244,"HUL",15,27,89.7,"HARD","Haas F1 Team",18,"Dry",NA,14,3,3,3,4,5,3,5,4
245,"HUL",16,27,88.559,"HARD","Haas F1 Team",18,"Dry",NA,14,3,3,3,4,5,3,5,4
246,"HUL",17,27,88.723,"HARD","Haas F1 Team",18,"Dry",NA,14,3,3,3,4,5,3,5,4
247,"HUL",18,27,88.224,"HARD","Haas F1 Team",18,"Dry",NA,14,3,3,3,4,5,3,5,4
248,"HUL",19,27,88.831,"HARD","Haas F1 Team",18,"Dry",NA,14,3,3,3,4,5,3,5,4
249,"HUL",20,27,89.806,"HARD","Haas F1 Team",18,"Dry",NA,14,3,3,3,4,5,3,5,4
250,"HUL",21,27,89.194,"HARD","Haas F1 Team",18,"Dry",NA,14,3,3,3,4,5,3,5,4
251,"HUL",22,27,89.005,"HARD","Haas F1 Team",14,"Dry",NA,14,3,3,3,4,5,3,5,4
252,"HUL",23,27,89.036,"HARD","Haas F1 Team",13,"Dry",NA,14,3,3,3,4,5,3,5,4
253,"HUL",24,27,88.898,"HARD","Haas F1 Team",13,"Dry",NA,14,3,3,3,4,5,3,5,4
254,"HUL",25,27,88.853,"HARD","Haas F1 Team",13,"Dry",NA,14,3,3,3,4,5,3,5,4
255,"HUL",26,27,88.951,"HARD","Haas F1 Team",10,"Dry",NA,14,3,3,3,4,5,3,5,4
256,"HUL",27,27,94.051,"HARD","Haas F1 Team",11,"Dry",NA,14,3,3,3,4,5,3,5,4
257,"HUL",28,27,110.937,"MEDIUM","Haas F1 Team",17,"Dry",28.274,14,3,3,3,4,5,3,5,4
258,"HUL",29,27,87.871,"MEDIUM","Haas F1 Team",17,"Dry",NA,14,3,3,3,4,5,3,5,4
259,"HUL",30,27,88.126,"MEDIUM","Haas F1 Team",17,"Dry",NA,14,3,3,3,4,5,3,5,4
260,"HUL",31,27,88.151,"MEDIUM","Haas F1 Team",17,"Dry",NA,14,3,3,3,4,5,3,5,4
261,"HUL",32,27,88.206,"MEDIUM","Haas F1 Team",17,"Dry",NA,14,3,3,3,4,5,3,5,4
262,"HUL",33,27,88.652,"MEDIUM","Haas F1 Team",17,"Dry",NA,14,3,3,3,4,5,3,5,4
263,"HUL",34,27,88.848,"MEDIUM","Haas F1 Team",17,"Dry",NA,14,3,3,3,4,5,3,5,4
264,"HUL",35,27,89.186,"MEDIUM","Haas F1 Team",17,"Dry",NA,14,3,3,3,4,5,3,5,4
265,"HUL",36,27,88.843,"MEDIUM","Haas F1 Team",17,"Dry",NA,14,3,3,3,4,5,3,5,4
266,"HUL",37,27,88.839,"MEDIUM","Haas F1 Team",17,"Dry",NA,14,3,3,3,4,5,3,5,4
267,"HUL",38,27,88.956,"MEDIUM","Haas F1 Team",17,"Dry",NA,14,3,3,3,4,5,3,5,4
268,"HUL",39,27,92.637,"MEDIUM","Haas F1 Team",18,"Dry",NA,14,3,3,3,4,5,3,5,4
269,"HUL",40,27,115.759,"HARD","Haas F1 Team",18,"Dry",28.591,14,3,3,3,4,5,3,5,4
270,"HUL",41,27,88.229,"HARD","Haas F1 Team",17,"Dry",NA,14,3,3,3,4,5,3,5,4
271,"HUL",42,27,87.745,"HARD","Haas F1 Team",17,"Dry",NA,14,3,3,3,4,5,3,5,4
272,"HUL",43,27,87.161,"HARD","Haas F1 Team",17,"Dry",NA,14,3,3,3,4,5,3,5,4
273,"HUL",44,27,87.389,"HARD","Haas F1 Team",17,"Dry",NA,14,3,3,3,4,5,3,5,4
274,"HUL",45,27,86.489,"HARD","Haas F1 Team",16,"Dry",NA,14,3,3,3,4,5,3,5,4
275,"HUL",46,27,87.533,"HARD","Haas F1 Team",16,"Dry",NA,14,3,3,3,4,5,3,5,4
276,"HUL",47,27,89.346,"HARD","Haas F1 Team",16,"Dry",NA,14,3,3,3,4,5,3,5,4
277,"HUL",48,27,87.281,"HARD","Haas F1 Team",16,"Dry",NA,14,3,3,3,4,5,3,5,4
278,"HUL",49,27,87.202,"HARD","Haas F1 Team",16,"Dry",NA,14,3,3,3,4,5,3,5,4
279,"HUL",50,27,86.942,"HARD","Haas F1 Team",16,"Dry",NA,14,3,3,3,4,5,3,5,4
280,"HUL",51,27,86.785,"HARD","Haas F1 Team",16,"Dry",NA,14,3,3,3,4,5,3,5,4
281,"HUL",52,27,90.605,"HARD","Haas F1 Team",16,"Dry",NA,14,3,3,3,4,5,3,5,4
282,"HUL",53,27,86.587,"HARD","Haas F1 Team",16,"Dry",NA,14,3,3,3,4,5,3,5,4
283,"HUL",54,27,87.093,"HARD","Haas F1 Team",16,"Dry",NA,14,3,3,3,4,5,3,5,4
284,"HUL",55,27,87.06,"HARD","Haas F1 Team",16,"Dry",NA,14,3,3,3,4,5,3,5,4
285,"HUL",56,27,86.444,"HARD","Haas F1 Team",16,"Dry",NA,14,3,3,3,4,5,3,5,4
286,"LAW",1,40,130.307,"SOFT","AlphaTauri",16,"Dry",NA,17,3,3,3,4,5,3,5,4
287,"LAW",2,40,144.568,"SOFT","AlphaTauri",15,"Dry",NA,17,3,3,3,4,5,3,5,4
288,"LAW",3,40,143.644,"SOFT","AlphaTauri",17,"Dry",NA,17,3,3,3,4,5,3,5,4
289,"LAW",4,40,142.693,"HARD","AlphaTauri",18,"Dry",29.33,17,3,3,3,4,5,3,5,4
290,"LAW",5,40,94.626,"HARD","AlphaTauri",18,"Dry",NA,17,3,3,3,4,5,3,5,4
291,"LAW",6,40,93.104,"HARD","AlphaTauri",18,"Dry",NA,17,3,3,3,4,5,3,5,4
292,"LAW",7,40,92.18,"HARD","AlphaTauri",18,"Dry",NA,17,3,3,3,4,5,3,5,4
293,"LAW",8,40,91.412,"HARD","AlphaTauri",18,"Dry",NA,17,3,3,3,4,5,3,5,4
294,"LAW",9,40,91.125,"HARD","AlphaTauri",18,"Dry",NA,17,3,3,3,4,5,3,5,4
295,"LAW",10,40,91.231,"HARD","AlphaTauri",17,"Dry",NA,17,3,3,3,4,5,3,5,4
296,"LAW",11,40,91.106,"HARD","AlphaTauri",16,"Dry",NA,17,3,3,3,4,5,3,5,4
297,"LAW",12,40,91.836,"HARD","AlphaTauri",14,"Dry",NA,17,3,3,3,4,5,3,5,4
298,"LAW",13,40,92.277,"HARD","AlphaTauri",12,"Dry",NA,17,3,3,3,4,5,3,5,4
299,"LAW",14,40,91.33,"HARD","AlphaTauri",10,"Dry",NA,17,3,3,3,4,5,3,5,4
300,"LAW",15,40,91.655,"HARD","AlphaTauri",10,"Dry",NA,17,3,3,3,4,5,3,5,4
301,"LAW",16,40,91.868,"HARD","AlphaTauri",12,"Dry",NA,17,3,3,3,4,5,3,5,4
302,"LAW",17,40,91.459,"HARD","AlphaTauri",13,"Dry",NA,17,3,3,3,4,5,3,5,4
303,"LAW",18,40,91.389,"HARD","AlphaTauri",13,"Dry",NA,17,3,3,3,4,5,3,5,4
304,"LAW",19,40,91.279,"HARD","AlphaTauri",12,"Dry",NA,17,3,3,3,4,5,3,5,4
305,"LAW",20,40,90.607,"HARD","AlphaTauri",12,"Dry",NA,17,3,3,3,4,5,3,5,4
306,"LAW",21,40,94.906,"HARD","AlphaTauri",15,"Dry",NA,17,3,3,3,4,5,3,5,4
307,"LAW",22,40,113.838,"HARD","AlphaTauri",18,"Dry",28.665,17,3,3,3,4,5,3,5,4
308,"LAW",23,40,90.379,"HARD","AlphaTauri",18,"Dry",NA,17,3,3,3,4,5,3,5,4
309,"LAW",24,40,89.662,"HARD","AlphaTauri",18,"Dry",NA,17,3,3,3,4,5,3,5,4
310,"LAW",25,40,89.109,"HARD","AlphaTauri",18,"Dry",NA,17,3,3,3,4,5,3,5,4
311,"LAW",26,40,89.311,"HARD","AlphaTauri",18,"Dry",NA,17,3,3,3,4,5,3,5,4
312,"LAW",27,40,89.195,"HARD","AlphaTauri",17,"Dry",NA,17,3,3,3,4,5,3,5,4
313,"LAW",28,40,88.888,"HARD","AlphaTauri",16,"Dry",NA,17,3,3,3,4,5,3,5,4
314,"LAW",29,40,88.742,"HARD","AlphaTauri",16,"Dry",NA,17,3,3,3,4,5,3,5,4
315,"LAW",30,40,88.706,"HARD","AlphaTauri",16,"Dry",NA,17,3,3,3,4,5,3,5,4
316,"LAW",31,40,88.298,"HARD","AlphaTauri",16,"Dry",NA,17,3,3,3,4,5,3,5,4
317,"LAW",32,40,89.033,"HARD","AlphaTauri",16,"Dry",NA,17,3,3,3,4,5,3,5,4
318,"LAW",33,40,88.635,"HARD","AlphaTauri",16,"Dry",NA,17,3,3,3,4,5,3,5,4
319,"LAW",34,40,88.874,"HARD","AlphaTauri",16,"Dry",NA,17,3,3,3,4,5,3,5,4
320,"LAW",35,40,88.912,"HARD","AlphaTauri",16,"Dry",NA,17,3,3,3,4,5,3,5,4
321,"LAW",36,40,89.629,"HARD","AlphaTauri",16,"Dry",NA,17,3,3,3,4,5,3,5,4
322,"LAW",37,40,88.73,"HARD","AlphaTauri",16,"Dry",NA,17,3,3,3,4,5,3,5,4
323,"LAW",38,40,88.623,"HARD","AlphaTauri",16,"Dry",NA,17,3,3,3,4,5,3,5,4
324,"LAW",39,40,92.688,"HARD","AlphaTauri",16,"Dry",NA,17,3,3,3,4,5,3,5,4
325,"LAW",40,40,112.217,"MEDIUM","AlphaTauri",16,"Dry",28.171,17,3,3,3,4,5,3,5,4
326,"LAW",41,40,90.587,"MEDIUM","AlphaTauri",16,"Dry",NA,17,3,3,3,4,5,3,5,4
327,"LAW",42,40,89.784,"MEDIUM","AlphaTauri",16,"Dry",NA,17,3,3,3,4,5,3,5,4
328,"LAW",43,40,88.042,"MEDIUM","AlphaTauri",16,"Dry",NA,17,3,3,3,4,5,3,5,4
329,"LAW",44,40,87.792,"MEDIUM","AlphaTauri",16,"Dry",NA,17,3,3,3,4,5,3,5,4
330,"LAW",45,40,89.794,"MEDIUM","AlphaTauri",17,"Dry",NA,17,3,3,3,4,5,3,5,4
331,"LAW",46,40,89.279,"MEDIUM","AlphaTauri",17,"Dry",NA,17,3,3,3,4,5,3,5,4
332,"LAW",47,40,88.11,"MEDIUM","AlphaTauri",17,"Dry",NA,17,3,3,3,4,5,3,5,4
333,"LAW",48,40,88.408,"MEDIUM","AlphaTauri",17,"Dry",NA,17,3,3,3,4,5,3,5,4
334,"LAW",49,40,91.6,"MEDIUM","AlphaTauri",17,"Dry",NA,17,3,3,3,4,5,3,5,4
335,"LAW",50,40,88.056,"MEDIUM","AlphaTauri",17,"Dry",NA,17,3,3,3,4,5,3,5,4
336,"LAW",51,40,88.23,"MEDIUM","AlphaTauri",17,"Dry",NA,17,3,3,3,4,5,3,5,4
337,"LAW",52,40,87.636,"MEDIUM","AlphaTauri",17,"Dry",NA,17,3,3,3,4,5,3,5,4
338,"LAW",53,40,87.865,"MEDIUM","AlphaTauri",17,"Dry",NA,17,3,3,3,4,5,3,5,4
339,"LAW",54,40,87.113,"MEDIUM","AlphaTauri",17,"Dry",NA,17,3,3,3,4,5,3,5,4
340,"LAW",55,40,87.466,"MEDIUM","AlphaTauri",17,"Dry",NA,17,3,3,3,4,5,3,5,4
341,"LAW",56,40,88.443,"MEDIUM","AlphaTauri",17,"Dry",NA,17,3,3,3,4,5,3,5,4
342,"LEC",1,16,115.203,"MEDIUM","Ferrari",5,"Dry",NA,5,3,3,3,4,5,3,5,4
343,"LEC",2,16,142.066,"MEDIUM","Ferrari",4,"Dry",NA,5,3,3,3,4,5,3,5,4
344,"LEC",3,16,147.138,"MEDIUM","Ferrari",4,"Dry",NA,5,3,3,3,4,5,3,5,4
345,"LEC",4,16,NA,"MEDIUM","Ferrari",4,"Dry",NA,5,3,3,3,4,5,3,5,4
346,"LEC",5,16,91.447,"MEDIUM","Ferrari",4,"Dry",NA,5,3,3,3,4,5,3,5,4
347,"LEC",6,16,89.949,"MEDIUM","Ferrari",4,"Dry",NA,5,3,3,3,4,5,3,5,4
348,"LEC",7,16,90.125,"MEDIUM","Ferrari",4,"Dry",NA,5,3,3,3,4,5,3,5,4
349,"LEC",8,16,90.037,"MEDIUM","Ferrari",4,"Dry",NA,5,3,3,3,4,5,3,5,4
350,"LEC",9,16,89.942,"MEDIUM","Ferrari",4,"Dry",NA,5,3,3,3,4,5,3,5,4
351,"LEC",10,16,89.927,"MEDIUM","Ferrari",4,"Dry",NA,5,3,3,3,4,5,3,5,4
352,"LEC",11,16,89.602,"MEDIUM","Ferrari",3,"Dry",NA,5,3,3,3,4,5,3,5,4
353,"LEC",12,16,93.651,"MEDIUM","Ferrari",4,"Dry",NA,5,3,3,3,4,5,3,5,4
354,"LEC",13,16,113.166,"MEDIUM","Ferrari",15,"Dry",28.228,5,3,3,3,4,5,3,5,4
355,"LEC",14,16,89.362,"MEDIUM","Ferrari",12,"Dry",NA,5,3,3,3,4,5,3,5,4
356,"LEC",15,16,90.586,"MEDIUM","Ferrari",11,"Dry",NA,5,3,3,3,4,5,3,5,4
357,"LEC",16,16,90.016,"MEDIUM","Ferrari",10,"Dry",NA,5,3,3,3,4,5,3,5,4
358,"LEC",17,16,88.778,"MEDIUM","Ferrari",9,"Dry",NA,5,3,3,3,4,5,3,5,4
359,"LEC",18,16,89.989,"MEDIUM","Ferrari",8,"Dry",NA,5,3,3,3,4,5,3,5,4
360,"LEC",19,16,90.514,"MEDIUM","Ferrari",7,"Dry",NA,5,3,3,3,4,5,3,5,4
361,"LEC",20,16,89.665,"MEDIUM","Ferrari",7,"Dry",NA,5,3,3,3,4,5,3,5,4
362,"LEC",21,16,89.754,"MEDIUM","Ferrari",5,"Dry",NA,5,3,3,3,4,5,3,5,4
363,"LEC",22,16,88.63,"MEDIUM","Ferrari",5,"Dry",NA,5,3,3,3,4,5,3,5,4
364,"LEC",23,16,88.649,"MEDIUM","Ferrari",5,"Dry",NA,5,3,3,3,4,5,3,5,4
365,"LEC",24,16,88.55,"MEDIUM","Ferrari",5,"Dry",NA,5,3,3,3,4,5,3,5,4
366,"LEC",25,16,93.572,"MEDIUM","Ferrari",7,"Dry",NA,5,3,3,3,4,5,3,5,4
367,"LEC",26,16,111.817,"HARD","Ferrari",14,"Dry",27.873,5,3,3,3,4,5,3,5,4
368,"LEC",27,16,88.149,"HARD","Ferrari",12,"Dry",NA,5,3,3,3,4,5,3,5,4
369,"LEC",28,16,87.704,"HARD","Ferrari",11,"Dry",NA,5,3,3,3,4,5,3,5,4
370,"LEC",29,16,87.484,"HARD","Ferrari",11,"Dry",NA,5,3,3,3,4,5,3,5,4
371,"LEC",30,16,87.649,"HARD","Ferrari",11,"Dry",NA,5,3,3,3,4,5,3,5,4
372,"LEC",31,16,86.938,"HARD","Ferrari",10,"Dry",NA,5,3,3,3,4,5,3,5,4
373,"LEC",32,16,87.349,"HARD","Ferrari",8,"Dry",NA,5,3,3,3,4,5,3,5,4
374,"LEC",33,16,87.37,"HARD","Ferrari",6,"Dry",NA,5,3,3,3,4,5,3,5,4
375,"LEC",34,16,87.122,"HARD","Ferrari",6,"Dry",NA,5,3,3,3,4,5,3,5,4
376,"LEC",35,16,87.199,"HARD","Ferrari",5,"Dry",NA,5,3,3,3,4,5,3,5,4
377,"LEC",36,16,87.005,"HARD","Ferrari",5,"Dry",NA,5,3,3,3,4,5,3,5,4
378,"LEC",37,16,87.213,"HARD","Ferrari",5,"Dry",NA,5,3,3,3,4,5,3,5,4
379,"LEC",38,16,86.831,"HARD","Ferrari",5,"Dry",NA,5,3,3,3,4,5,3,5,4
380,"LEC",39,16,86.627,"HARD","Ferrari",5,"Dry",NA,5,3,3,3,4,5,3,5,4
381,"LEC",40,16,86.513,"HARD","Ferrari",5,"Dry",NA,5,3,3,3,4,5,3,5,4
382,"LEC",41,16,86.522,"HARD","Ferrari",5,"Dry",NA,5,3,3,3,4,5,3,5,4
383,"LEC",42,16,86.547,"HARD","Ferrari",5,"Dry",NA,5,3,3,3,4,5,3,5,4
384,"LEC",43,16,90.705,"HARD","Ferrari",5,"Dry",NA,5,3,3,3,4,5,3,5,4
385,"LEC",44,16,109.019,"MEDIUM","Ferrari",7,"Dry",27.513,5,3,3,3,4,5,3,5,4
386,"LEC",45,16,85.956,"MEDIUM","Ferrari",5,"Dry",NA,5,3,3,3,4,5,3,5,4
387,"LEC",46,16,86.003,"MEDIUM","Ferrari",5,"Dry",NA,5,3,3,3,4,5,3,5,4
388,"LEC",47,16,85.97,"MEDIUM","Ferrari",5,"Dry",NA,5,3,3,3,4,5,3,5,4
389,"LEC",48,16,86.005,"MEDIUM","Ferrari",5,"Dry",NA,5,3,3,3,4,5,3,5,4
390,"LEC",49,16,86.148,"MEDIUM","Ferrari",5,"Dry",NA,5,3,3,3,4,5,3,5,4
391,"LEC",50,16,85.944,"MEDIUM","Ferrari",5,"Dry",NA,5,3,3,3,4,5,3,5,4
392,"LEC",51,16,86.115,"MEDIUM","Ferrari",5,"Dry",NA,5,3,3,3,4,5,3,5,4
393,"LEC",52,16,86.465,"MEDIUM","Ferrari",5,"Dry",NA,5,3,3,3,4,5,3,5,4
394,"LEC",53,16,86.668,"MEDIUM","Ferrari",5,"Dry",NA,5,3,3,3,4,5,3,5,4
395,"LEC",54,16,86.721,"MEDIUM","Ferrari",5,"Dry",NA,5,3,3,3,4,5,3,5,4
396,"LEC",55,16,85.813,"MEDIUM","Ferrari",5,"Dry",NA,5,3,3,3,4,5,3,5,4
397,"LEC",56,16,88.088,"MEDIUM","Ferrari",5,"Dry",NA,5,3,3,3,4,5,3,5,4
398,"LEC",57,16,84.992,"MEDIUM","Ferrari",5,"Dry",NA,5,3,3,3,4,5,3,5,4
399,"MAG",1,20,128.724,"SOFT","Haas F1 Team",15,"Dry",NA,18,3,3,3,4,5,3,5,4
400,"MAG",2,20,144.703,"SOFT","Haas F1 Team",14,"Dry",NA,18,3,3,3,4,5,3,5,4
401,"MAG",3,20,143.995,"SOFT","Haas F1 Team",15,"Dry",NA,18,3,3,3,4,5,3,5,4
402,"MAG",4,20,142.907,"MEDIUM","Haas F1 Team",16,"Dry",28.743,18,3,3,3,4,5,3,5,4
403,"MAG",5,20,93.919,"MEDIUM","Haas F1 Team",16,"Dry",NA,18,3,3,3,4,5,3,5,4
404,"MAG",6,20,92.57,"MEDIUM","Haas F1 Team",16,"Dry",NA,18,3,3,3,4,5,3,5,4
405,"MAG",7,20,92.376,"MEDIUM","Haas F1 Team",16,"Dry",NA,18,3,3,3,4,5,3,5,4
406,"MAG",8,20,92.176,"MEDIUM","Haas F1 Team",17,"Dry",NA,18,3,3,3,4,5,3,5,4
407,"MAG",9,20,91.501,"MEDIUM","Haas F1 Team",17,"Dry",NA,18,3,3,3,4,5,3,5,4
408,"MAG",10,20,91.518,"MEDIUM","Haas F1 Team",16,"Dry",NA,18,3,3,3,4,5,3,5,4
409,"MAG",11,20,90.958,"MEDIUM","Haas F1 Team",15,"Dry",NA,18,3,3,3,4,5,3,5,4
410,"MAG",12,20,92.019,"MEDIUM","Haas F1 Team",13,"Dry",NA,18,3,3,3,4,5,3,5,4
411,"MAG",13,20,91.611,"MEDIUM","Haas F1 Team",11,"Dry",NA,18,3,3,3,4,5,3,5,4
412,"MAG",14,20,91.421,"MEDIUM","Haas F1 Team",8,"Dry",NA,18,3,3,3,4,5,3,5,4
413,"MAG",15,20,91.004,"MEDIUM","Haas F1 Team",8,"Dry",NA,18,3,3,3,4,5,3,5,4
414,"MAG",16,20,91.83,"MEDIUM","Haas F1 Team",9,"Dry",NA,18,3,3,3,4,5,3,5,4
415,"MAG",17,20,91.647,"MEDIUM","Haas F1 Team",11,"Dry",NA,18,3,3,3,4,5,3,5,4
416,"MAG",18,20,91.536,"MEDIUM","Haas F1 Team",11,"Dry",NA,18,3,3,3,4,5,3,5,4
417,"MAG",19,20,92.147,"MEDIUM","Haas F1 Team",11,"Dry",NA,18,3,3,3,4,5,3,5,4
418,"MAG",20,20,90.262,"MEDIUM","Haas F1 Team",11,"Dry",NA,18,3,3,3,4,5,3,5,4
419,"MAG",21,20,94.049,"MEDIUM","Haas F1 Team",14,"Dry",NA,18,3,3,3,4,5,3,5,4
420,"MAG",22,20,113.158,"HARD","Haas F1 Team",17,"Dry",28.948,18,3,3,3,4,5,3,5,4
421,"MAG",23,20,89.429,"HARD","Haas F1 Team",16,"Dry",NA,18,3,3,3,4,5,3,5,4
422,"MAG",24,20,88.983,"HARD","Haas F1 Team",16,"Dry",NA,18,3,3,3,4,5,3,5,4
423,"MAG",25,20,88.727,"HARD","Haas F1 Team",16,"Dry",NA,18,3,3,3,4,5,3,5,4
424,"MAG",26,20,88.362,"HARD","Haas F1 Team",16,"Dry",NA,18,3,3,3,4,5,3,5,4
425,"MAG",27,20,88.998,"HARD","Haas F1 Team",15,"Dry",NA,18,3,3,3,4,5,3,5,4
426,"MAG",28,20,88.703,"HARD","Haas F1 Team",14,"Dry",NA,18,3,3,3,4,5,3,5,4
427,"MAG",29,20,88.834,"HARD","Haas F1 Team",14,"Dry",NA,18,3,3,3,4,5,3,5,4
428,"MAG",30,20,88.795,"HARD","Haas F1 Team",14,"Dry",NA,18,3,3,3,4,5,3,5,4
429,"MAG",31,20,88.699,"HARD","Haas F1 Team",14,"Dry",NA,18,3,3,3,4,5,3,5,4
430,"MAG",32,20,88.675,"HARD","Haas F1 Team",13,"Dry",NA,18,3,3,3,4,5,3,5,4
431,"MAG",33,20,88.427,"HARD","Haas F1 Team",13,"Dry",NA,18,3,3,3,4,5,3,5,4
432,"MAG",34,20,88.321,"HARD","Haas F1 Team",13,"Dry",NA,18,3,3,3,4,5,3,5,4
433,"MAG",35,20,87.828,"HARD","Haas F1 Team",13,"Dry",NA,18,3,3,3,4,5,3,5,4
434,"MAG",36,20,88.017,"HARD","Haas F1 Team",12,"Dry",NA,18,3,3,3,4,5,3,5,4
435,"MAG",37,20,87.846,"HARD","Haas F1 Team",12,"Dry",NA,18,3,3,3,4,5,3,5,4
436,"MAG",38,20,87.963,"HARD","Haas F1 Team",12,"Dry",NA,18,3,3,3,4,5,3,5,4
437,"MAG",39,20,91.105,"HARD","Haas F1 Team",13,"Dry",NA,18,3,3,3,4,5,3,5,4
438,"MAG",40,20,113.201,"HARD","Haas F1 Team",15,"Dry",30.331,18,3,3,3,4,5,3,5,4
439,"MAG",41,20,87.15,"HARD","Haas F1 Team",14,"Dry",NA,18,3,3,3,4,5,3,5,4
440,"MAG",42,20,89.159,"HARD","Haas F1 Team",14,"Dry",NA,18,3,3,3,4,5,3,5,4
441,"MAG",43,20,87.131,"HARD","Haas F1 Team",14,"Dry",NA,18,3,3,3,4,5,3,5,4
442,"MAG",44,20,87.628,"HARD","Haas F1 Team",14,"Dry",NA,18,3,3,3,4,5,3,5,4
443,"MAG",45,20,87.558,"HARD","Haas F1 Team",14,"Dry",NA,18,3,3,3,4,5,3,5,4
444,"MAG",46,20,87.067,"HARD","Haas F1 Team",14,"Dry",NA,18,3,3,3,4,5,3,5,4
445,"MAG",47,20,87.422,"HARD","Haas F1 Team",14,"Dry",NA,18,3,3,3,4,5,3,5,4
446,"MAG",48,20,87.211,"HARD","Haas F1 Team",14,"Dry",NA,18,3,3,3,4,5,3,5,4
447,"MAG",49,20,87.402,"HARD","Haas F1 Team",14,"Dry",NA,18,3,3,3,4,5,3,5,4
448,"MAG",50,20,87.286,"HARD","Haas F1 Team",14,"Dry",NA,18,3,3,3,4,5,3,5,4
449,"MAG",51,20,87.373,"HARD","Haas F1 Team",14,"Dry",NA,18,3,3,3,4,5,3,5,4
450,"MAG",52,20,87.766,"HARD","Haas F1 Team",14,"Dry",NA,18,3,3,3,4,5,3,5,4
451,"MAG",53,20,87.539,"HARD","Haas F1 Team",14,"Dry",NA,18,3,3,3,4,5,3,5,4
452,"MAG",54,20,88.053,"HARD","Haas F1 Team",14,"Dry",NA,18,3,3,3,4,5,3,5,4
453,"MAG",55,20,87.815,"HARD","Haas F1 Team",14,"Dry",NA,18,3,3,3,4,5,3,5,4
454,"MAG",56,20,89.91,"HARD","Haas F1 Team",14,"Dry",NA,18,3,3,3,4,5,3,5,4
455,"NOR",1,4,118.297,"MEDIUM","McLaren",7,"Dry",NA,10,3,3,3,4,5,3,5,4
456,"NOR",2,4,141.989,"MEDIUM","McLaren",6,"Dry",NA,10,3,3,3,4,5,3,5,4
457,"NOR",3,4,146.755,"MEDIUM","McLaren",6,"Dry",NA,10,3,3,3,4,5,3,5,4
458,"NOR",4,4,149.326,"MEDIUM","McLaren",6,"Dry",NA,10,3,3,3,4,5,3,5,4
459,"NOR",5,4,92.229,"MEDIUM","McLaren",6,"Dry",NA,10,3,3,3,4,5,3,5,4
460,"NOR",6,4,91.099,"MEDIUM","McLaren",6,"Dry",NA,10,3,3,3,4,5,3,5,4
461,"NOR",7,4,90.384,"MEDIUM","McLaren",6,"Dry",NA,10,3,3,3,4,5,3,5,4
462,"NOR",8,4,90.262,"MEDIUM","McLaren",6,"Dry",NA,10,3,3,3,4,5,3,5,4
463,"NOR",9,4,90.04,"MEDIUM","McLaren",6,"Dry",NA,10,3,3,3,4,5,3,5,4
464,"NOR",10,4,90.11,"MEDIUM","McLaren",5,"Dry",NA,10,3,3,3,4,5,3,5,4
465,"NOR",11,4,89.396,"MEDIUM","McLaren",5,"Dry",NA,10,3,3,3,4,5,3,5,4
466,"NOR",12,4,89.195,"MEDIUM","McLaren",3,"Dry",NA,10,3,3,3,4,5,3,5,4
467,"NOR",13,4,92.79,"MEDIUM","McLaren",2,"Dry",NA,10,3,3,3,4,5,3,5,4
468,"NOR",14,4,112.778,"MEDIUM","McLaren",13,"Dry",28.134,10,3,3,3,4,5,3,5,4
469,"NOR",15,4,89.171,"MEDIUM","McLaren",12,"Dry",NA,10,3,3,3,4,5,3,5,4
470,"NOR",16,4,89.847,"MEDIUM","McLaren",11,"Dry",NA,10,3,3,3,4,5,3,5,4
471,"NOR",17,4,88.917,"MEDIUM","McLaren",10,"Dry",NA,10,3,3,3,4,5,3,5,4
472,"NOR",18,4,90.016,"MEDIUM","McLaren",9,"Dry",NA,10,3,3,3,4,5,3,5,4
473,"NOR",19,4,89.019,"MEDIUM","McLaren",6,"Dry",NA,10,3,3,3,4,5,3,5,4
474,"NOR",20,4,89.189,"MEDIUM","McLaren",6,"Dry",NA,10,3,3,3,4,5,3,5,4
475,"NOR",21,4,89.169,"MEDIUM","McLaren",4,"Dry",NA,10,3,3,3,4,5,3,5,4
476,"NOR",22,4,87.741,"MEDIUM","McLaren",4,"Dry",NA,10,3,3,3,4,5,3,5,4
477,"NOR",23,4,88.034,"MEDIUM","McLaren",4,"Dry",NA,10,3,3,3,4,5,3,5,4
478,"NOR",24,4,87.85,"MEDIUM","McLaren",4,"Dry",NA,10,3,3,3,4,5,3,5,4
479,"NOR",25,4,87.835,"MEDIUM","McLaren",4,"Dry",NA,10,3,3,3,4,5,3,5,4
480,"NOR",26,4,87.823,"MEDIUM","McLaren",2,"Dry",NA,10,3,3,3,4,5,3,5,4
481,"NOR",27,4,91.183,"MEDIUM","McLaren",2,"Dry",NA,10,3,3,3,4,5,3,5,4
482,"NOR",28,4,110.045,"MEDIUM","McLaren",7,"Dry",27.611,10,3,3,3,4,5,3,5,4
483,"NOR",29,4,87.074,"MEDIUM","McLaren",7,"Dry",NA,10,3,3,3,4,5,3,5,4
484,"NOR",30,4,86.216,"MEDIUM","McLaren",6,"Dry",NA,10,3,3,3,4,5,3,5,4
485,"NOR",31,4,86.552,"MEDIUM","McLaren",5,"Dry",NA,10,3,3,3,4,5,3,5,4
486,"NOR",32,4,85.948,"MEDIUM","McLaren",4,"Dry",NA,10,3,3,3,4,5,3,5,4
487,"NOR",33,4,86.086,"MEDIUM","McLaren",3,"Dry",NA,10,3,3,3,4,5,3,5,4
488,"NOR",34,4,86.169,"MEDIUM","McLaren",3,"Dry",NA,10,3,3,3,4,5,3,5,4
489,"NOR",35,4,86.107,"MEDIUM","McLaren",3,"Dry",NA,10,3,3,3,4,5,3,5,4
490,"NOR",36,4,86.272,"MEDIUM","McLaren",3,"Dry",NA,10,3,3,3,4,5,3,5,4
491,"NOR",37,4,86.238,"MEDIUM","McLaren",3,"Dry",NA,10,3,3,3,4,5,3,5,4
492,"NOR",38,4,86.036,"MEDIUM","McLaren",3,"Dry",NA,10,3,3,3,4,5,3,5,4
493,"NOR",39,4,86.202,"MEDIUM","McLaren",3,"Dry",NA,10,3,3,3,4,5,3,5,4
494,"NOR",40,4,86.022,"MEDIUM","McLaren",3,"Dry",NA,10,3,3,3,4,5,3,5,4
495,"NOR",41,4,86.721,"MEDIUM","McLaren",3,"Dry",NA,10,3,3,3,4,5,3,5,4
496,"NOR",42,4,86.924,"MEDIUM","McLaren",3,"Dry",NA,10,3,3,3,4,5,3,5,4
497,"NOR",43,4,85.685,"MEDIUM","McLaren",2,"Dry",NA,10,3,3,3,4,5,3,5,4
498,"NOR",44,4,89.974,"MEDIUM","McLaren",2,"Dry",NA,10,3,3,3,4,5,3,5,4
499,"NOR",45,4,108.429,"HARD","McLaren",4,"Dry",27.677,10,3,3,3,4,5,3,5,4
500,"NOR",46,4,84.881,"HARD","McLaren",4,"Dry",NA,10,3,3,3,4,5,3,5,4
501,"NOR",47,4,84.842,"HARD","McLaren",4,"Dry",NA,10,3,3,3,4,5,3,5,4
502,"NOR",48,4,85.062,"HARD","McLaren",4,"Dry",NA,10,3,3,3,4,5,3,5,4
503,"NOR",49,4,85.146,"HARD","McLaren",4,"Dry",NA,10,3,3,3,4,5,3,5,4
504,"NOR",50,4,85.384,"HARD","McLaren",4,"Dry",NA,10,3,3,3,4,5,3,5,4
505,"NOR",51,4,85.139,"HARD","McLaren",3,"Dry",NA,10,3,3,3,4,5,3,5,4
506,"NOR",52,4,85.28,"HARD","McLaren",3,"Dry",NA,10,3,3,3,4,5,3,5,4
507,"NOR",53,4,85.286,"HARD","McLaren",3,"Dry",NA,10,3,3,3,4,5,3,5,4
508,"NOR",54,4,85.217,"HARD","McLaren",3,"Dry",NA,10,3,3,3,4,5,3,5,4
509,"NOR",55,4,85.21,"HARD","McLaren",3,"Dry",NA,10,3,3,3,4,5,3,5,4
510,"NOR",56,4,85.248,"HARD","McLaren",3,"Dry",NA,10,3,3,3,4,5,3,5,4
511,"NOR",57,4,85.298,"HARD","McLaren",3,"Dry",NA,10,3,3,3,4,5,3,5,4
512,"OCO",1,31,116.609,"MEDIUM","Alpine",6,"Dry",NA,8,3,3,3,4,5,3,5,4
513,"OCO",2,31,141.537,"MEDIUM","Alpine",5,"Dry",NA,8,3,3,3,4,5,3,5,4
514,"OCO",3,31,147.307,"MEDIUM","Alpine",5,"Dry",NA,8,3,3,3,4,5,3,5,4
515,"OCO",4,31,NA,"MEDIUM","Alpine",5,"Dry",NA,8,3,3,3,4,5,3,5,4
516,"OCO",5,31,91.865,"MEDIUM","Alpine",5,"Dry",NA,8,3,3,3,4,5,3,5,4
517,"OCO",6,31,90.547,"MEDIUM","Alpine",5,"Dry",NA,8,3,3,3,4,5,3,5,4
518,"OCO",7,31,90.422,"MEDIUM","Alpine",5,"Dry",NA,8,3,3,3,4,5,3,5,4
519,"OCO",8,31,90.304,"MEDIUM","Alpine",5,"Dry",NA,8,3,3,3,4,5,3,5,4
520,"OCO",9,31,90.301,"MEDIUM","Alpine",5,"Dry",NA,8,3,3,3,4,5,3,5,4
521,"OCO",10,31,94.408,"MEDIUM","Alpine",7,"Dry",NA,8,3,3,3,4,5,3,5,4
522,"OCO",11,31,113.637,"MEDIUM","Alpine",17,"Dry",28.961,8,3,3,3,4,5,3,5,4
523,"OCO",12,31,89.933,"MEDIUM","Alpine",16,"Dry",NA,8,3,3,3,4,5,3,5,4
524,"OCO",13,31,89.743,"MEDIUM","Alpine",16,"Dry",NA,8,3,3,3,4,5,3,5,4
525,"OCO",14,31,89.43,"MEDIUM","Alpine",14,"Dry",NA,8,3,3,3,4,5,3,5,4
526,"OCO",15,31,89.306,"MEDIUM","Alpine",13,"Dry",NA,8,3,3,3,4,5,3,5,4
527,"OCO",16,31,89.646,"MEDIUM","Alpine",13,"Dry",NA,8,3,3,3,4,5,3,5,4
528,"OCO",17,31,89.758,"MEDIUM","Alpine",12,"Dry",NA,8,3,3,3,4,5,3,5,4
529,"OCO",18,31,89.656,"MEDIUM","Alpine",10,"Dry",NA,8,3,3,3,4,5,3,5,4
530,"OCO",19,31,89.377,"MEDIUM","Alpine",8,"Dry",NA,8,3,3,3,4,5,3,5,4
531,"OCO",20,31,89.487,"MEDIUM","Alpine",8,"Dry",NA,8,3,3,3,4,5,3,5,4
532,"OCO",21,31,89.53,"MEDIUM","Alpine",6,"Dry",NA,8,3,3,3,4,5,3,5,4
533,"OCO",22,31,89.186,"MEDIUM","Alpine",6,"Dry",NA,8,3,3,3,4,5,3,5,4
534,"OCO",23,31,88.85,"MEDIUM","Alpine",6,"Dry",NA,8,3,3,3,4,5,3,5,4
535,"OCO",24,31,88.718,"MEDIUM","Alpine",6,"Dry",NA,8,3,3,3,4,5,3,5,4
536,"OCO",25,31,92.909,"MEDIUM","Alpine",9,"Dry",NA,8,3,3,3,4,5,3,5,4
537,"OCO",26,31,112.825,"HARD","Alpine",15,"Dry",28.969,8,3,3,3,4,5,3,5,4
538,"OCO",27,31,88.693,"HARD","Alpine",13,"Dry",NA,8,3,3,3,4,5,3,5,4
539,"OCO",28,31,87.977,"HARD","Alpine",12,"Dry",NA,8,3,3,3,4,5,3,5,4
540,"OCO",29,31,87.888,"HARD","Alpine",12,"Dry",NA,8,3,3,3,4,5,3,5,4
541,"OCO",30,31,87.595,"HARD","Alpine",12,"Dry",NA,8,3,3,3,4,5,3,5,4
542,"OCO",31,31,87.45,"HARD","Alpine",12,"Dry",NA,8,3,3,3,4,5,3,5,4
543,"OCO",32,31,87.293,"HARD","Alpine",10,"Dry",NA,8,3,3,3,4,5,3,5,4
544,"OCO",33,31,88.068,"HARD","Alpine",10,"Dry",NA,8,3,3,3,4,5,3,5,4
545,"OCO",34,31,87.892,"HARD","Alpine",10,"Dry",NA,8,3,3,3,4,5,3,5,4
546,"OCO",35,31,87.813,"HARD","Alpine",10,"Dry",NA,8,3,3,3,4,5,3,5,4
547,"OCO",36,31,87.634,"HARD","Alpine",8,"Dry",NA,8,3,3,3,4,5,3,5,4
548,"OCO",37,31,88.064,"HARD","Alpine",8,"Dry",NA,8,3,3,3,4,5,3,5,4
549,"OCO",38,31,87.265,"HARD","Alpine",7,"Dry",NA,8,3,3,3,4,5,3,5,4
550,"OCO",39,31,87.426,"HARD","Alpine",7,"Dry",NA,8,3,3,3,4,5,3,5,4
551,"OCO",40,31,86.761,"HARD","Alpine",7,"Dry",NA,8,3,3,3,4,5,3,5,4
552,"OCO",41,31,86.833,"HARD","Alpine",7,"Dry",NA,8,3,3,3,4,5,3,5,4
553,"OCO",42,31,86.45,"HARD","Alpine",7,"Dry",NA,8,3,3,3,4,5,3,5,4
554,"OCO",43,31,91.198,"HARD","Alpine",8,"Dry",NA,8,3,3,3,4,5,3,5,4
555,"OCO",44,31,111.544,"MEDIUM","Alpine",10,"Dry",29.169,8,3,3,3,4,5,3,5,4
556,"OCO",45,31,87.849,"MEDIUM","Alpine",8,"Dry",NA,8,3,3,3,4,5,3,5,4
557,"OCO",46,31,86.538,"MEDIUM","Alpine",8,"Dry",NA,8,3,3,3,4,5,3,5,4
558,"OCO",47,31,86.737,"MEDIUM","Alpine",8,"Dry",NA,8,3,3,3,4,5,3,5,4
559,"OCO",48,31,86.458,"MEDIUM","Alpine",8,"Dry",NA,8,3,3,3,4,5,3,5,4
560,"OCO",49,31,86.768,"MEDIUM","Alpine",8,"Dry",NA,8,3,3,3,4,5,3,5,4
561,"OCO",50,31,86.467,"MEDIUM","Alpine",8,"Dry",NA,8,3,3,3,4,5,3,5,4
562,"OCO",51,31,86.887,"MEDIUM","Alpine",8,"Dry",NA,8,3,3,3,4,5,3,5,4
563,"OCO",52,31,86.806,"MEDIUM","Alpine",8,"Dry",NA,8,3,3,3,4,5,3,5,4
564,"OCO",53,31,86.968,"MEDIUM","Alpine",7,"Dry",NA,8,3,3,3,4,5,3,5,4
565,"OCO",54,31,87.089,"MEDIUM","Alpine",7,"Dry",NA,8,3,3,3,4,5,3,5,4
566,"OCO",55,31,87.24,"MEDIUM","Alpine",7,"Dry",NA,8,3,3,3,4,5,3,5,4
567,"OCO",56,31,87.408,"MEDIUM","Alpine",7,"Dry",NA,8,3,3,3,4,5,3,5,4
568,"OCO",57,31,88.699,"MEDIUM","Alpine",7,"Dry",NA,8,3,3,3,4,5,3,5,4
569,"PER",1,11,134.418,"HARD","Red Bull Racing",18,"Dry",NA,0,3,3,3,4,5,3,5,4
570,"PER",2,11,142.978,"HARD","Red Bull Racing",17,"Dry",NA,0,3,3,3,4,5,3,5,4
571,"PER",3,11,139.667,"HARD","Red Bull Racing",14,"Dry",NA,0,3,3,3,4,5,3,5,4
572,"PER",4,11,142.202,"HARD","Red Bull Racing",13,"Dry",NA,0,3,3,3,4,5,3,5,4
573,"PER",5,11,93.391,"HARD","Red Bull Racing",13,"Dry",NA,0,3,3,3,4,5,3,5,4
574,"PER",6,11,93.15,"HARD","Red Bull Racing",14,"Dry",NA,0,3,3,3,4,5,3,5,4
575,"PER",7,11,91.267,"HARD","Red Bull Racing",14,"Dry",NA,0,3,3,3,4,5,3,5,4
576,"PER",8,11,90.804,"HARD","Red Bull Racing",14,"Dry",NA,0,3,3,3,4,5,3,5,4
577,"PER",9,11,90.855,"HARD","Red Bull Racing",13,"Dry",NA,0,3,3,3,4,5,3,5,4
578,"PER",10,11,91.572,"HARD","Red Bull Racing",13,"Dry",NA,0,3,3,3,4,5,3,5,4
579,"PER",11,11,90.817,"HARD","Red Bull Racing",12,"Dry",NA,0,3,3,3,4,5,3,5,4
580,"PER",12,11,91.085,"HARD","Red Bull Racing",10,"Dry",NA,0,3,3,3,4,5,3,5,4
581,"PER",13,11,90.534,"HARD","Red Bull Racing",7,"Dry",NA,0,3,3,3,4,5,3,5,4
582,"PER",14,11,90.196,"HARD","Red Bull Racing",5,"Dry",NA,0,3,3,3,4,5,3,5,4
583,"PER",15,11,88.88,"HARD","Red Bull Racing",3,"Dry",NA,0,3,3,3,4,5,3,5,4
584,"PER",16,11,88.533,"HARD","Red Bull Racing",3,"Dry",NA,0,3,3,3,4,5,3,5,4
585,"PER",17,11,92.575,"HARD","Red Bull Racing",3,"Dry",NA,0,3,3,3,4,5,3,5,4
586,"PER",18,11,112.141,"MEDIUM","Red Bull Racing",16,"Dry",27.808,0,3,3,3,4,5,3,5,4
587,"PER",19,11,88.481,"MEDIUM","Red Bull Racing",15,"Dry",NA,0,3,3,3,4,5,3,5,4
588,"PER",20,11,88.319,"MEDIUM","Red Bull Racing",14,"Dry",NA,0,3,3,3,4,5,3,5,4
589,"PER",21,11,88.817,"MEDIUM","Red Bull Racing",11,"Dry",NA,0,3,3,3,4,5,3,5,4
590,"PER",22,11,87.412,"MEDIUM","Red Bull Racing",9,"Dry",NA,0,3,3,3,4,5,3,5,4
591,"PER",23,11,87.687,"MEDIUM","Red Bull Racing",9,"Dry",NA,0,3,3,3,4,5,3,5,4
592,"PER",24,11,88.269,"MEDIUM","Red Bull Racing",9,"Dry",NA,0,3,3,3,4,5,3,5,4
593,"PER",25,11,88.552,"MEDIUM","Red Bull Racing",8,"Dry",NA,0,3,3,3,4,5,3,5,4
594,"PER",26,11,88.391,"MEDIUM","Red Bull Racing",5,"Dry",NA,0,3,3,3,4,5,3,5,4
595,"PER",27,11,87.974,"MEDIUM","Red Bull Racing",4,"Dry",NA,0,3,3,3,4,5,3,5,4
596,"PER",28,11,88.127,"MEDIUM","Red Bull Racing",3,"Dry",NA,0,3,3,3,4,5,3,5,4
597,"PER",29,11,88.318,"MEDIUM","Red Bull Racing",3,"Dry",NA,0,3,3,3,4,5,3,5,4
598,"PER",30,11,88.003,"MEDIUM","Red Bull Racing",3,"Dry",NA,0,3,3,3,4,5,3,5,4
599,"PER",31,11,92.015,"MEDIUM","Red Bull Racing",4,"Dry",NA,0,3,3,3,4,5,3,5,4
600,"PER",32,11,115.805,"MEDIUM","Red Bull Racing",12,"Dry",33.246,0,3,3,3,4,5,3,5,4
601,"PER",33,11,88.054,"MEDIUM","Red Bull Racing",12,"Dry",NA,0,3,3,3,4,5,3,5,4
602,"PER",34,11,87.287,"MEDIUM","Red Bull Racing",12,"Dry",NA,0,3,3,3,4,5,3,5,4
603,"PER",35,11,87.45,"MEDIUM","Red Bull Racing",12,"Dry",NA,0,3,3,3,4,5,3,5,4
604,"PER",36,11,87.574,"MEDIUM","Red Bull Racing",11,"Dry",NA,0,3,3,3,4,5,3,5,4
605,"PER",37,11,87.398,"MEDIUM","Red Bull Racing",11,"Dry",NA,0,3,3,3,4,5,3,5,4
606,"PER",38,11,87.076,"MEDIUM","Red Bull Racing",11,"Dry",NA,0,3,3,3,4,5,3,5,4
607,"PER",39,11,87.463,"MEDIUM","Red Bull Racing",10,"Dry",NA,0,3,3,3,4,5,3,5,4
608,"PER",40,11,87.256,"MEDIUM","Red Bull Racing",9,"Dry",NA,0,3,3,3,4,5,3,5,4
609,"PER",41,11,87.151,"MEDIUM","Red Bull Racing",9,"Dry",NA,0,3,3,3,4,5,3,5,4
610,"PER",42,11,86.735,"MEDIUM","Red Bull Racing",9,"Dry",NA,0,3,3,3,4,5,3,5,4
611,"PER",43,11,90.947,"MEDIUM","Red Bull Racing",9,"Dry",NA,0,3,3,3,4,5,3,5,4
612,"PER",44,11,115.416,"MEDIUM","Red Bull Racing",13,"Dry",33.165,0,3,3,3,4,5,3,5,4
613,"PER",45,11,89.488,"MEDIUM","Red Bull Racing",12,"Dry",NA,0,3,3,3,4,5,3,5,4
614,"PER",46,11,87.192,"MEDIUM","Red Bull Racing",12,"Dry",NA,0,3,3,3,4,5,3,5,4
615,"PER",47,11,86.687,"MEDIUM","Red Bull Racing",12,"Dry",NA,0,3,3,3,4,5,3,5,4
616,"PER",48,11,86.444,"MEDIUM","Red Bull Racing",12,"Dry",NA,0,3,3,3,4,5,3,5,4
617,"PER",49,11,86.393,"MEDIUM","Red Bull Racing",12,"Dry",NA,0,3,3,3,4,5,3,5,4
618,"PER",50,11,86.22,"MEDIUM","Red Bull Racing",12,"Dry",NA,0,3,3,3,4,5,3,5,4
619,"PER",51,11,86.48,"MEDIUM","Red Bull Racing",12,"Dry",NA,0,3,3,3,4,5,3,5,4
620,"PER",52,11,87.763,"MEDIUM","Red Bull Racing",12,"Dry",NA,0,3,3,3,4,5,3,5,4
621,"PER",53,11,87.591,"MEDIUM","Red Bull Racing",10,"Dry",NA,0,3,3,3,4,5,3,5,4
622,"PER",54,11,87.013,"MEDIUM","Red Bull Racing",10,"Dry",NA,0,3,3,3,4,5,3,5,4
623,"PER",55,11,88.008,"MEDIUM","Red Bull Racing",11,"Dry",NA,0,3,3,3,4,5,3,5,4
624,"PER",56,11,86.845,"MEDIUM","Red Bull Racing",11,"Dry",NA,0,3,3,3,4,5,3,5,4
625,"PER",57,11,87.183,"MEDIUM","Red Bull Racing",11,"Dry",NA,0,3,3,3,4,5,3,5,4
626,"PIA",1,81,111.659,"MEDIUM","McLaren",3,"Dry",NA,6,3,3,3,4,5,3,5,4
627,"PIA",2,81,143.629,"MEDIUM","McLaren",2,"Dry",NA,6,3,3,3,4,5,3,5,4
628,"PIA",3,81,145.896,"MEDIUM","McLaren",2,"Dry",NA,6,3,3,3,4,5,3,5,4
629,"PIA",4,81,NA,"MEDIUM","McLaren",2,"Dry",NA,6,3,3,3,4,5,3,5,4
630,"PIA",5,81,90.471,"MEDIUM","McLaren",2,"Dry",NA,6,3,3,3,4,5,3,5,4
631,"PIA",6,81,89.328,"MEDIUM","McLaren",2,"Dry",NA,6,3,3,3,4,5,3,5,4
632,"PIA",7,81,89.556,"MEDIUM","McLaren",2,"Dry",NA,6,3,3,3,4,5,3,5,4
633,"PIA",8,81,89.847,"MEDIUM","McLaren",2,"Dry",NA,6,3,3,3,4,5,3,5,4
634,"PIA",9,81,89.55,"MEDIUM","McLaren",2,"Dry",NA,6,3,3,3,4,5,3,5,4
635,"PIA",10,81,89.522,"MEDIUM","McLaren",2,"Dry",NA,6,3,3,3,4,5,3,5,4
636,"PIA",11,81,89.883,"MEDIUM","McLaren",2,"Dry",NA,6,3,3,3,4,5,3,5,4
637,"PIA",12,81,93.032,"MEDIUM","McLaren",2,"Dry",NA,6,3,3,3,4,5,3,5,4
638,"PIA",13,81,114.427,"MEDIUM","McLaren",13,"Dry",28.875,6,3,3,3,4,5,3,5,4
639,"PIA",14,81,90.272,"MEDIUM","McLaren",9,"Dry",NA,6,3,3,3,4,5,3,5,4
640,"PIA",15,81,88.677,"MEDIUM","McLaren",7,"Dry",NA,6,3,3,3,4,5,3,5,4
641,"PIA",16,81,89.1,"MEDIUM","McLaren",7,"Dry",NA,6,3,3,3,4,5,3,5,4
642,"PIA",17,81,89.008,"MEDIUM","McLaren",6,"Dry",NA,6,3,3,3,4,5,3,5,4
643,"PIA",18,81,88.622,"MEDIUM","McLaren",3,"Dry",NA,6,3,3,3,4,5,3,5,4
644,"PIA",19,81,88.588,"MEDIUM","McLaren",2,"Dry",NA,6,3,3,3,4,5,3,5,4
645,"PIA",20,81,88.206,"MEDIUM","McLaren",2,"Dry",NA,6,3,3,3,4,5,3,5,4
646,"PIA",21,81,88.208,"MEDIUM","McLaren",2,"Dry",NA,6,3,3,3,4,5,3,5,4
647,"PIA",22,81,88.29,"MEDIUM","McLaren",2,"Dry",NA,6,3,3,3,4,5,3,5,4
648,"PIA",23,81,88.184,"MEDIUM","McLaren",2,"Dry",NA,6,3,3,3,4,5,3,5,4
649,"PIA",24,81,87.926,"MEDIUM","McLaren",2,"Dry",NA,6,3,3,3,4,5,3,5,4
650,"PIA",25,81,92.039,"MEDIUM","McLaren",2,"Dry",NA,6,3,3,3,4,5,3,5,4
651,"PIA",26,81,111.305,"MEDIUM","McLaren",8,"Dry",27.868,6,3,3,3,4,5,3,5,4
652,"PIA",27,81,87.359,"MEDIUM","McLaren",6,"Dry",NA,6,3,3,3,4,5,3,5,4
653,"PIA",28,81,88.135,"MEDIUM","McLaren",5,"Dry",NA,6,3,3,3,4,5,3,5,4
654,"PIA",29,81,87.044,"MEDIUM","McLaren",4,"Dry",NA,6,3,3,3,4,5,3,5,4
655,"PIA",30,81,87.043,"MEDIUM","McLaren",4,"Dry",NA,6,3,3,3,4,5,3,5,4
656,"PIA",31,81,86.793,"MEDIUM","McLaren",3,"Dry",NA,6,3,3,3,4,5,3,5,4
657,"PIA",32,81,86.308,"MEDIUM","McLaren",3,"Dry",NA,6,3,3,3,4,5,3,5,4
658,"PIA",33,81,86.283,"MEDIUM","McLaren",2,"Dry",NA,6,3,3,3,4,5,3,5,4
659,"PIA",34,81,86.245,"MEDIUM","McLaren",2,"Dry",NA,6,3,3,3,4,5,3,5,4
660,"PIA",35,81,86.303,"MEDIUM","McLaren",2,"Dry",NA,6,3,3,3,4,5,3,5,4
661,"PIA",36,81,86.549,"MEDIUM","McLaren",2,"Dry",NA,6,3,3,3,4,5,3,5,4
662,"PIA",37,81,86.461,"MEDIUM","McLaren",2,"Dry",NA,6,3,3,3,4,5,3,5,4
663,"PIA",38,81,86.42,"MEDIUM","McLaren",2,"Dry",NA,6,3,3,3,4,5,3,5,4
664,"PIA",39,81,86.312,"MEDIUM","McLaren",2,"Dry",NA,6,3,3,3,4,5,3,5,4
665,"PIA",40,81,86.234,"MEDIUM","McLaren",2,"Dry",NA,6,3,3,3,4,5,3,5,4
666,"PIA",41,81,86.959,"MEDIUM","McLaren",2,"Dry",NA,6,3,3,3,4,5,3,5,4
667,"PIA",42,81,86.876,"MEDIUM","McLaren",2,"Dry",NA,6,3,3,3,4,5,3,5,4
668,"PIA",43,81,90.329,"MEDIUM","McLaren",3,"Dry",NA,6,3,3,3,4,5,3,5,4
669,"PIA",44,81,108.973,"HARD","McLaren",4,"Dry",27.489,6,3,3,3,4,5,3,5,4
670,"PIA",45,81,85.353,"HARD","McLaren",3,"Dry",NA,6,3,3,3,4,5,3,5,4
671,"PIA",46,81,85.334,"HARD","McLaren",3,"Dry",NA,6,3,3,3,4,5,3,5,4
672,"PIA",47,81,85.236,"HARD","McLaren",3,"Dry",NA,6,3,3,3,4,5,3,5,4
673,"PIA",48,81,84.921,"HARD","McLaren",3,"Dry",NA,6,3,3,3,4,5,3,5,4
674,"PIA",49,81,85.098,"HARD","McLaren",3,"Dry",NA,6,3,3,3,4,5,3,5,4
675,"PIA",50,81,85.34,"HARD","McLaren",3,"Dry",NA,6,3,3,3,4,5,3,5,4
676,"PIA",51,81,85.326,"HARD","McLaren",2,"Dry",NA,6,3,3,3,4,5,3,5,4
677,"PIA",52,81,85.508,"HARD","McLaren",2,"Dry",NA,6,3,3,3,4,5,3,5,4
678,"PIA",53,81,85.238,"HARD","McLaren",2,"Dry",NA,6,3,3,3,4,5,3,5,4
679,"PIA",54,81,85.217,"HARD","McLaren",2,"Dry",NA,6,3,3,3,4,5,3,5,4
680,"PIA",55,81,85.367,"HARD","McLaren",2,"Dry",NA,6,3,3,3,4,5,3,5,4
681,"PIA",56,81,85.535,"HARD","McLaren",2,"Dry",NA,6,3,3,3,4,5,3,5,4
682,"PIA",57,81,85.271,"HARD","McLaren",2,"Dry",NA,6,3,3,3,4,5,3,5,4
683,"RUS",1,63,136.894,"MEDIUM","Mercedes",19,"Dry",NA,2,3,3,3,4,5,3,5,4
684,"RUS",2,63,144.817,"MEDIUM","Mercedes",18,"Dry",39.686,2,3,3,3,4,5,3,5,4
685,"RUS",3,63,137.163,"MEDIUM","Mercedes",18,"Dry",NA,2,3,3,3,4,5,3,5,4
686,"RUS",4,63,140.576,"MEDIUM","Mercedes",14,"Dry",NA,2,3,3,3,4,5,3,5,4
687,"RUS",5,63,93.658,"MEDIUM","Mercedes",14,"Dry",NA,2,3,3,3,4,5,3,5,4
688,"RUS",6,63,91.899,"MEDIUM","Mercedes",13,"Dry",NA,2,3,3,3,4,5,3,5,4
689,"RUS",7,63,91.415,"MEDIUM","Mercedes",13,"Dry",NA,2,3,3,3,4,5,3,5,4
690,"RUS",8,63,90.052,"MEDIUM","Mercedes",12,"Dry",NA,2,3,3,3,4,5,3,5,4
691,"RUS",9,63,90.105,"MEDIUM","Mercedes",10,"Dry",NA,2,3,3,3,4,5,3,5,4
692,"RUS",10,63,90.09,"MEDIUM","Mercedes",10,"Dry",NA,2,3,3,3,4,5,3,5,4
693,"RUS",11,63,90.554,"MEDIUM","Mercedes",9,"Dry",NA,2,3,3,3,4,5,3,5,4
694,"RUS",12,63,89.592,"MEDIUM","Mercedes",6,"Dry",NA,2,3,3,3,4,5,3,5,4
695,"RUS",13,63,88.742,"MEDIUM","Mercedes",3,"Dry",NA,2,3,3,3,4,5,3,5,4
696,"RUS",14,63,92.247,"MEDIUM","Mercedes",2,"Dry",NA,2,3,3,3,4,5,3,5,4
697,"RUS",15,63,112.143,"MEDIUM","Mercedes",15,"Dry",28.542,2,3,3,3,4,5,3,5,4
698,"RUS",16,63,88.65,"MEDIUM","Mercedes",15,"Dry",NA,2,3,3,3,4,5,3,5,4
699,"RUS",17,63,88.961,"MEDIUM","Mercedes",15,"Dry",NA,2,3,3,3,4,5,3,5,4
700,"RUS",18,63,90.63,"MEDIUM","Mercedes",14,"Dry",NA,2,3,3,3,4,5,3,5,4
701,"RUS",19,63,88.84,"MEDIUM","Mercedes",10,"Dry",NA,2,3,3,3,4,5,3,5,4
702,"RUS",20,63,88.619,"MEDIUM","Mercedes",10,"Dry",NA,2,3,3,3,4,5,3,5,4
703,"RUS",21,63,89.771,"MEDIUM","Mercedes",9,"Dry",NA,2,3,3,3,4,5,3,5,4
704,"RUS",22,63,88.728,"MEDIUM","Mercedes",8,"Dry",NA,2,3,3,3,4,5,3,5,4
705,"RUS",23,63,88.234,"MEDIUM","Mercedes",7,"Dry",NA,2,3,3,3,4,5,3,5,4
706,"RUS",24,63,88.419,"MEDIUM","Mercedes",7,"Dry",NA,2,3,3,3,4,5,3,5,4
707,"RUS",25,63,88.661,"MEDIUM","Mercedes",5,"Dry",NA,2,3,3,3,4,5,3,5,4
708,"RUS",26,63,87.114,"MEDIUM","Mercedes",4,"Dry",NA,2,3,3,3,4,5,3,5,4
709,"RUS",27,63,87.412,"MEDIUM","Mercedes",3,"Dry",NA,2,3,3,3,4,5,3,5,4
710,"RUS",28,63,87.33,"MEDIUM","Mercedes",2,"Dry",NA,2,3,3,3,4,5,3,5,4
711,"RUS",29,63,87.214,"MEDIUM","Mercedes",2,"Dry",NA,2,3,3,3,4,5,3,5,4
712,"RUS",30,63,87.228,"MEDIUM","Mercedes",2,"Dry",NA,2,3,3,3,4,5,3,5,4
713,"RUS",31,63,86.891,"MEDIUM","Mercedes",2,"Dry",NA,2,3,3,3,4,5,3,5,4
714,"RUS",32,63,90.771,"MEDIUM","Mercedes",2,"Dry",NA,2,3,3,3,4,5,3,5,4
715,"RUS",33,63,110.101,"HARD","Mercedes",5,"Dry",28.314,2,3,3,3,4,5,3,5,4
716,"RUS",34,63,86.311,"HARD","Mercedes",5,"Dry",NA,2,3,3,3,4,5,3,5,4
717,"RUS",35,63,85.77,"HARD","Mercedes",4,"Dry",NA,2,3,3,3,4,5,3,5,4
718,"RUS",36,63,86.603,"HARD","Mercedes",4,"Dry",NA,2,3,3,3,4,5,3,5,4
719,"RUS",37,63,86.336,"HARD","Mercedes",4,"Dry",NA,2,3,3,3,4,5,3,5,4
720,"RUS",38,63,86.073,"HARD","Mercedes",4,"Dry",NA,2,3,3,3,4,5,3,5,4
721,"RUS",39,63,86.271,"HARD","Mercedes",4,"Dry",NA,2,3,3,3,4,5,3,5,4
722,"RUS",40,63,86.163,"HARD","Mercedes",4,"Dry",NA,2,3,3,3,4,5,3,5,4
723,"RUS",41,63,86.636,"HARD","Mercedes",4,"Dry",NA,2,3,3,3,4,5,3,5,4
724,"RUS",42,63,86.066,"HARD","Mercedes",4,"Dry",NA,2,3,3,3,4,5,3,5,4
725,"RUS",43,63,85.89,"HARD","Mercedes",4,"Dry",NA,2,3,3,3,4,5,3,5,4
726,"RUS",44,63,86.008,"HARD","Mercedes",3,"Dry",NA,2,3,3,3,4,5,3,5,4
727,"RUS",45,63,86.053,"HARD","Mercedes",2,"Dry",NA,2,3,3,3,4,5,3,5,4
728,"RUS",46,63,86.901,"HARD","Mercedes",2,"Dry",NA,2,3,3,3,4,5,3,5,4
729,"RUS",47,63,85.796,"HARD","Mercedes",2,"Dry",NA,2,3,3,3,4,5,3,5,4
730,"RUS",48,63,86.121,"HARD","Mercedes",2,"Dry",NA,2,3,3,3,4,5,3,5,4
731,"RUS",49,63,85.83,"HARD","Mercedes",2,"Dry",NA,2,3,3,3,4,5,3,5,4
732,"RUS",50,63,89.945,"HARD","Mercedes",2,"Dry",NA,2,3,3,3,4,5,3,5,4
733,"RUS",51,63,108.717,"SOFT","Mercedes",4,"Dry",28.191,2,3,3,3,4,5,3,5,4
734,"RUS",52,63,86.751,"SOFT","Mercedes",4,"Dry",NA,2,3,3,3,4,5,3,5,4
735,"RUS",53,63,86.476,"SOFT","Mercedes",4,"Dry",NA,2,3,3,3,4,5,3,5,4
736,"RUS",54,63,89.939,"SOFT","Mercedes",4,"Dry",NA,2,3,3,3,4,5,3,5,4
737,"RUS",55,63,87.05,"SOFT","Mercedes",4,"Dry",NA,2,3,3,3,4,5,3,5,4
738,"RUS",56,63,86.256,"SOFT","Mercedes",4,"Dry",NA,2,3,3,3,4,5,3,5,4
739,"RUS",57,63,85.804,"SOFT","Mercedes",4,"Dry",NA,2,3,3,3,4,5,3,5,4
740,"SAR",1,2,125.189,"MEDIUM","Williams",13,"Dry",NA,15,3,3,3,4,5,3,5,4
741,"SAR",2,2,144.779,"MEDIUM","Williams",12,"Dry",NA,15,3,3,3,4,5,3,5,4
742,"SAR",3,2,143.162,"MEDIUM","Williams",11,"Dry",NA,15,3,3,3,4,5,3,5,4
743,"SAR",4,2,145.067,"MEDIUM","Williams",11,"Dry",NA,15,3,3,3,4,5,3,5,4
744,"SAR",5,2,93.163,"MEDIUM","Williams",11,"Dry",NA,15,3,3,3,4,5,3,5,4
745,"SAR",6,2,92.728,"MEDIUM","Williams",11,"Dry",NA,15,3,3,3,4,5,3,5,4
746,"SAR",7,2,91.137,"MEDIUM","Williams",11,"Dry",NA,15,3,3,3,4,5,3,5,4
747,"SAR",8,2,90.873,"MEDIUM","Williams",11,"Dry",NA,15,3,3,3,4,5,3,5,4
748,"SAR",9,2,91.699,"MEDIUM","Williams",11,"Dry",NA,15,3,3,3,4,5,3,5,4
749,"SAR",10,2,91.164,"MEDIUM","Williams",11,"Dry",NA,15,3,3,3,4,5,3,5,4
750,"SAR",11,2,91.102,"MEDIUM","Williams",10,"Dry",NA,15,3,3,3,4,5,3,5,4
751,"SAR",12,2,90.698,"MEDIUM","Williams",8,"Dry",NA,15,3,3,3,4,5,3,5,4
752,"SAR",13,2,94.911,"MEDIUM","Williams",9,"Dry",NA,15,3,3,3,4,5,3,5,4
753,"SAR",14,2,113.698,"MEDIUM","Williams",17,"Dry",29.436,15,3,3,3,4,5,3,5,4
754,"SAR",15,2,88.999,"MEDIUM","Williams",17,"Dry",NA,15,3,3,3,4,5,3,5,4
755,"SAR",16,2,89.421,"MEDIUM","Williams",17,"Dry",NA,15,3,3,3,4,5,3,5,4
756,"SAR",17,2,89.055,"MEDIUM","Williams",17,"Dry",NA,15,3,3,3,4,5,3,5,4
757,"SAR",18,2,89.695,"MEDIUM","Williams",17,"Dry",NA,15,3,3,3,4,5,3,5,4
758,"SAR",19,2,89.66,"MEDIUM","Williams",16,"Dry",NA,15,3,3,3,4,5,3,5,4
759,"SAR",20,2,89.47,"MEDIUM","Williams",16,"Dry",NA,15,3,3,3,4,5,3,5,4
760,"SAR",21,2,90.041,"MEDIUM","Williams",16,"Dry",NA,15,3,3,3,4,5,3,5,4
761,"SAR",22,2,89.805,"MEDIUM","Williams",11,"Dry",NA,15,3,3,3,4,5,3,5,4
762,"SAR",23,2,89.298,"MEDIUM","Williams",11,"Dry",NA,15,3,3,3,4,5,3,5,4
763,"SAR",24,2,89.37,"MEDIUM","Williams",11,"Dry",NA,15,3,3,3,4,5,3,5,4
764,"SAR",25,2,89.532,"MEDIUM","Williams",11,"Dry",NA,15,3,3,3,4,5,3,5,4
765,"SAR",26,2,94.588,"MEDIUM","Williams",11,"Dry",NA,15,3,3,3,4,5,3,5,4
766,"SAR",27,2,113.468,"HARD","Williams",18,"Dry",29.373,15,3,3,3,4,5,3,5,4
767,"SAR",28,2,89.319,"HARD","Williams",18,"Dry",NA,15,3,3,3,4,5,3,5,4
768,"SAR",29,2,88.291,"HARD","Williams",18,"Dry",NA,15,3,3,3,4,5,3,5,4
769,"SAR",30,2,88.095,"HARD","Williams",18,"Dry",NA,15,3,3,3,4,5,3,5,4
770,"SAR",31,2,87.983,"HARD","Williams",18,"Dry",NA,15,3,3,3,4,5,3,5,4
771,"SAR",32,2,88.23,"HARD","Williams",18,"Dry",NA,15,3,3,3,4,5,3,5,4
772,"SAR",33,2,88.804,"HARD","Williams",18,"Dry",NA,15,3,3,3,4,5,3,5,4
773,"SAR",34,2,88.982,"HARD","Williams",18,"Dry",NA,15,3,3,3,4,5,3,5,4
774,"SAR",35,2,88.571,"HARD","Williams",18,"Dry",NA,15,3,3,3,4,5,3,5,4
775,"SAR",36,2,89.054,"HARD","Williams",18,"Dry",NA,15,3,3,3,4,5,3,5,4
776,"SAR",37,2,88.881,"HARD","Williams",18,"Dry",NA,15,3,3,3,4,5,3,5,4
777,"SAR",38,2,88.976,"HARD","Williams",18,"Dry",NA,15,3,3,3,4,5,3,5,4
778,"SAR",39,2,89.587,"HARD","Williams",17,"Dry",NA,15,3,3,3,4,5,3,5,4
779,"SAR",40,2,111.661,"HARD","Williams",17,"Dry",NA,15,3,3,3,4,5,3,5,4
780,"STR",1,18,127.271,"MEDIUM","Aston Martin",14,"Dry",NA,16,3,3,3,4,5,3,5,4
781,"STR",2,18,144.388,"MEDIUM","Aston Martin",13,"Dry",NA,16,3,3,3,4,5,3,5,4
782,"STR",3,18,146.047,"MEDIUM","Aston Martin",16,"Dry",NA,16,3,3,3,4,5,3,5,4
783,"STR",4,18,142.823,"MEDIUM","Aston Martin",17,"Dry",28.886,16,3,3,3,4,5,3,5,4
784,"STR",5,18,94.323,"MEDIUM","Aston Martin",17,"Dry",NA,16,3,3,3,4,5,3,5,4
785,"STR",6,18,92.814,"MEDIUM","Aston Martin",17,"Dry",NA,16,3,3,3,4,5,3,5,4
786,"STR",7,18,92.026,"MEDIUM","Aston Martin",17,"Dry",NA,16,3,3,3,4,5,3,5,4
787,"STR",8,18,90.857,"MEDIUM","Aston Martin",16,"Dry",NA,16,3,3,3,4,5,3,5,4
788,"STR",9,18,90.806,"MEDIUM","Aston Martin",16,"Dry",NA,16,3,3,3,4,5,3,5,4
789,"STR",10,18,90.998,"MEDIUM","Aston Martin",15,"Dry",NA,16,3,3,3,4,5,3,5,4
790,"STR",11,18,90.931,"MEDIUM","Aston Martin",14,"Dry",NA,16,3,3,3,4,5,3,5,4
791,"STR",12,18,91.406,"MEDIUM","Aston Martin",12,"Dry",NA,16,3,3,3,4,5,3,5,4
792,"STR",13,18,91.067,"MEDIUM","Aston Martin",10,"Dry",NA,16,3,3,3,4,5,3,5,4
793,"STR",14,18,91.379,"MEDIUM","Aston Martin",7,"Dry",NA,16,3,3,3,4,5,3,5,4
794,"STR",15,18,90.637,"MEDIUM","Aston Martin",6,"Dry",NA,16,3,3,3,4,5,3,5,4
795,"STR",16,18,90.06,"MEDIUM","Aston Martin",6,"Dry",NA,16,3,3,3,4,5,3,5,4
796,"STR",17,18,90.983,"MEDIUM","Aston Martin",7,"Dry",NA,16,3,3,3,4,5,3,5,4
797,"STR",18,18,90.723,"MEDIUM","Aston Martin",7,"Dry",NA,16,3,3,3,4,5,3,5,4
798,"STR",19,18,90.533,"MEDIUM","Aston Martin",5,"Dry",NA,16,3,3,3,4,5,3,5,4
799,"STR",20,18,90.35,"MEDIUM","Aston Martin",5,"Dry",NA,16,3,3,3,4,5,3,5,4
800,"STR",21,18,95.224,"MEDIUM","Aston Martin",10,"Dry",NA,16,3,3,3,4,5,3,5,4
801,"STR",22,18,112.111,"HARD","Aston Martin",16,"Dry",28.156,16,3,3,3,4,5,3,5,4
802,"STR",23,18,88.522,"HARD","Aston Martin",15,"Dry",NA,16,3,3,3,4,5,3,5,4
803,"STR",24,18,88.418,"HARD","Aston Martin",15,"Dry",NA,16,3,3,3,4,5,3,5,4
804,"STR",25,18,88.167,"HARD","Aston Martin",15,"Dry",NA,16,3,3,3,4,5,3,5,4
805,"STR",26,18,88.304,"HARD","Aston Martin",13,"Dry",NA,16,3,3,3,4,5,3,5,4
806,"STR",27,18,88.136,"HARD","Aston Martin",10,"Dry",NA,16,3,3,3,4,5,3,5,4
807,"STR",28,18,87.994,"HARD","Aston Martin",10,"Dry",NA,16,3,3,3,4,5,3,5,4
808,"STR",29,18,88.6,"HARD","Aston Martin",10,"Dry",NA,16,3,3,3,4,5,3,5,4
809,"STR",30,18,87.84,"HARD","Aston Martin",10,"Dry",NA,16,3,3,3,4,5,3,5,4
810,"STR",31,18,89.277,"HARD","Aston Martin",11,"Dry",NA,16,3,3,3,4,5,3,5,4
811,"STR",32,18,87.943,"HARD","Aston Martin",9,"Dry",NA,16,3,3,3,4,5,3,5,4
812,"STR",33,18,88.819,"HARD","Aston Martin",9,"Dry",NA,16,3,3,3,4,5,3,5,4
813,"STR",34,18,88.205,"HARD","Aston Martin",9,"Dry",NA,16,3,3,3,4,5,3,5,4
814,"STR",35,18,88.077,"HARD","Aston Martin",9,"Dry",NA,16,3,3,3,4,5,3,5,4
815,"STR",36,18,89.596,"HARD","Aston Martin",9,"Dry",NA,16,3,3,3,4,5,3,5,4
816,"STR",37,18,89.497,"HARD","Aston Martin",10,"Dry",NA,16,3,3,3,4,5,3,5,4
817,"STR",38,18,88.417,"HARD","Aston Martin",10,"Dry",NA,16,3,3,3,4,5,3,5,4
818,"STR",39,18,91.946,"HARD","Aston Martin",11,"Dry",NA,16,3,3,3,4,5,3,5,4
819,"STR",40,18,111.642,"MEDIUM","Aston Martin",14,"Dry",29.399,16,3,3,3,4,5,3,5,4
820,"STR",41,18,87.453,"MEDIUM","Aston Martin",13,"Dry",NA,16,3,3,3,4,5,3,5,4
821,"STR",42,18,87.155,"MEDIUM","Aston Martin",13,"Dry",NA,16,3,3,3,4,5,3,5,4
822,"STR",43,18,87.05,"MEDIUM","Aston Martin",13,"Dry",NA,16,3,3,3,4,5,3,5,4
823,"STR",44,18,87.129,"MEDIUM","Aston Martin",12,"Dry",NA,16,3,3,3,4,5,3,5,4
824,"STR",45,18,87.346,"MEDIUM","Aston Martin",10,"Dry",NA,16,3,3,3,4,5,3,5,4
825,"STR",46,18,87.339,"MEDIUM","Aston Martin",10,"Dry",NA,16,3,3,3,4,5,3,5,4
826,"STR",47,18,87.087,"MEDIUM","Aston Martin",10,"Dry",NA,16,3,3,3,4,5,3,5,4
827,"STR",48,18,87.055,"MEDIUM","Aston Martin",10,"Dry",NA,16,3,3,3,4,5,3,5,4
828,"STR",49,18,87.096,"MEDIUM","Aston Martin",10,"Dry",NA,16,3,3,3,4,5,3,5,4
829,"STR",50,18,88.609,"MEDIUM","Aston Martin",10,"Dry",NA,16,3,3,3,4,5,3,5,4
830,"STR",51,18,86.857,"MEDIUM","Aston Martin",10,"Dry",NA,16,3,3,3,4,5,3,5,4
831,"STR",52,18,90.052,"MEDIUM","Aston Martin",11,"Dry",NA,16,3,3,3,4,5,3,5,4
832,"STR",53,18,87.224,"MEDIUM","Aston Martin",9,"Dry",NA,16,3,3,3,4,5,3,5,4
833,"STR",54,18,86.537,"MEDIUM","Aston Martin",9,"Dry",NA,16,3,3,3,4,5,3,5,4
834,"STR",55,18,86.352,"MEDIUM","Aston Martin",9,"Dry",NA,16,3,3,3,4,5,3,5,4
835,"STR",56,18,86.618,"MEDIUM","Aston Martin",9,"Dry",NA,16,3,3,3,4,5,3,5,4
836,"STR",57,18,86.704,"MEDIUM","Aston Martin",9,"Dry",NA,16,3,3,3,4,5,3,5,4
837,"TSU",1,22,120.627,"MEDIUM","AlphaTauri",9,"Dry",NA,11,3,3,3,4,5,3,5,4
838,"TSU",2,22,143.214,"MEDIUM","AlphaTauri",8,"Dry",NA,11,3,3,3,4,5,3,5,4
839,"TSU",3,22,146.588,"MEDIUM","AlphaTauri",8,"Dry",NA,11,3,3,3,4,5,3,5,4
840,"TSU",4,22,146.536,"MEDIUM","AlphaTauri",8,"Dry",NA,11,3,3,3,4,5,3,5,4
841,"TSU",5,22,93.077,"MEDIUM","AlphaTauri",8,"Dry",NA,11,3,3,3,4,5,3,5,4
842,"TSU",6,22,92.306,"MEDIUM","AlphaTauri",9,"Dry",NA,11,3,3,3,4,5,3,5,4
843,"TSU",7,22,91.223,"MEDIUM","AlphaTauri",9,"Dry",NA,11,3,3,3,4,5,3,5,4
844,"TSU",8,22,90.681,"MEDIUM","AlphaTauri",9,"Dry",NA,11,3,3,3,4,5,3,5,4
845,"TSU",9,22,95.106,"MEDIUM","AlphaTauri",14,"Dry",NA,11,3,3,3,4,5,3,5,4
846,"TSU",10,22,112.205,"MEDIUM","AlphaTauri",18,"Dry",27.781,11,3,3,3,4,5,3,5,4
847,"TSU",11,22,90.652,"MEDIUM","AlphaTauri",18,"Dry",NA,11,3,3,3,4,5,3,5,4
848,"TSU",12,22,89.532,"MEDIUM","AlphaTauri",18,"Dry",NA,11,3,3,3,4,5,3,5,4
849,"TSU",13,22,90.062,"MEDIUM","AlphaTauri",18,"Dry",NA,11,3,3,3,4,5,3,5,4
850,"TSU",14,22,89.784,"MEDIUM","AlphaTauri",16,"Dry",NA,11,3,3,3,4,5,3,5,4
851,"TSU",15,22,90.16,"MEDIUM","AlphaTauri",16,"Dry",NA,11,3,3,3,4,5,3,5,4
852,"TSU",16,22,89.584,"MEDIUM","AlphaTauri",16,"Dry",NA,11,3,3,3,4,5,3,5,4
853,"TSU",17,22,89.756,"MEDIUM","AlphaTauri",16,"Dry",NA,11,3,3,3,4,5,3,5,4
854,"TSU",18,22,90.187,"MEDIUM","AlphaTauri",15,"Dry",NA,11,3,3,3,4,5,3,5,4
855,"TSU",19,22,90.05,"MEDIUM","AlphaTauri",13,"Dry",NA,11,3,3,3,4,5,3,5,4
856,"TSU",20,22,90.139,"MEDIUM","AlphaTauri",13,"Dry",NA,11,3,3,3,4,5,3,5,4
857,"TSU",21,22,90.678,"MEDIUM","AlphaTauri",12,"Dry",NA,11,3,3,3,4,5,3,5,4
858,"TSU",22,22,93.639,"MEDIUM","AlphaTauri",12,"Dry",NA,11,3,3,3,4,5,3,5,4
859,"TSU",23,22,111.684,"HARD","AlphaTauri",17,"Dry",27.596,11,3,3,3,4,5,3,5,4
860,"TSU",24,22,88.738,"HARD","AlphaTauri",17,"Dry",NA,11,3,3,3,4,5,3,5,4
861,"TSU",25,22,88.438,"HARD","AlphaTauri",17,"Dry",NA,11,3,3,3,4,5,3,5,4
862,"TSU",26,22,88.403,"HARD","AlphaTauri",17,"Dry",NA,11,3,3,3,4,5,3,5,4
863,"TSU",27,22,88.485,"HARD","AlphaTauri",16,"Dry",NA,11,3,3,3,4,5,3,5,4
864,"TSU",28,22,88.454,"HARD","AlphaTauri",15,"Dry",NA,11,3,3,3,4,5,3,5,4
865,"TSU",29,22,88.669,"HARD","AlphaTauri",15,"Dry",NA,11,3,3,3,4,5,3,5,4
866,"TSU",30,22,88.941,"HARD","AlphaTauri",15,"Dry",NA,11,3,3,3,4,5,3,5,4
867,"TSU",31,22,89.017,"HARD","AlphaTauri",15,"Dry",NA,11,3,3,3,4,5,3,5,4
868,"TSU",32,22,89.558,"HARD","AlphaTauri",14,"Dry",NA,11,3,3,3,4,5,3,5,4
869,"TSU",33,22,88.753,"HARD","AlphaTauri",14,"Dry",NA,11,3,3,3,4,5,3,5,4
870,"TSU",34,22,88.749,"HARD","AlphaTauri",14,"Dry",NA,11,3,3,3,4,5,3,5,4
871,"TSU",35,22,89.817,"HARD","AlphaTauri",15,"Dry",NA,11,3,3,3,4,5,3,5,4
872,"TSU",36,22,88.626,"HARD","AlphaTauri",14,"Dry",NA,11,3,3,3,4,5,3,5,4
873,"TSU",37,22,88.467,"HARD","AlphaTauri",14,"Dry",NA,11,3,3,3,4,5,3,5,4
874,"TSU",38,22,88.585,"HARD","AlphaTauri",14,"Dry",NA,11,3,3,3,4,5,3,5,4
875,"TSU",39,22,89.279,"HARD","AlphaTauri",15,"Dry",NA,11,3,3,3,4,5,3,5,4
876,"TSU",40,22,92.204,"HARD","AlphaTauri",12,"Dry",NA,11,3,3,3,4,5,3,5,4
877,"TSU",41,22,110.609,"HARD","AlphaTauri",15,"Dry",27.809,11,3,3,3,4,5,3,5,4
878,"TSU",42,22,87.807,"HARD","AlphaTauri",15,"Dry",NA,11,3,3,3,4,5,3,5,4
879,"TSU",43,22,87.432,"HARD","AlphaTauri",15,"Dry",NA,11,3,3,3,4,5,3,5,4
880,"TSU",44,22,87.349,"HARD","AlphaTauri",15,"Dry",NA,11,3,3,3,4,5,3,5,4
881,"TSU",45,22,87.767,"HARD","AlphaTauri",15,"Dry",NA,11,3,3,3,4,5,3,5,4
882,"TSU",46,22,87.452,"HARD","AlphaTauri",15,"Dry",NA,11,3,3,3,4,5,3,5,4
883,"TSU",47,22,87.476,"HARD","AlphaTauri",15,"Dry",NA,11,3,3,3,4,5,3,5,4
884,"TSU",48,22,87.791,"HARD","AlphaTauri",15,"Dry",NA,11,3,3,3,4,5,3,5,4
885,"TSU",49,22,87.748,"HARD","AlphaTauri",15,"Dry",NA,11,3,3,3,4,5,3,5,4
886,"TSU",50,22,87.363,"HARD","AlphaTauri",15,"Dry",NA,11,3,3,3,4,5,3,5,4
887,"TSU",51,22,87.305,"HARD","AlphaTauri",15,"Dry",NA,11,3,3,3,4,5,3,5,4
888,"TSU",52,22,87.184,"HARD","AlphaTauri",15,"Dry",NA,11,3,3,3,4,5,3,5,4
889,"TSU",53,22,87.204,"HARD","AlphaTauri",15,"Dry",NA,11,3,3,3,4,5,3,5,4
890,"TSU",54,22,89.03,"HARD","AlphaTauri",15,"Dry",NA,11,3,3,3,4,5,3,5,4
891,"TSU",55,22,87.174,"HARD","AlphaTauri",15,"Dry",NA,11,3,3,3,4,5,3,5,4
892,"TSU",56,22,90.782,"HARD","AlphaTauri",15,"Dry",NA,11,3,3,3,4,5,3,5,4
893,"VER",1,1,108.811,"MEDIUM","Red Bull Racing",1,"Dry",NA,1,3,3,3,4,5,3,5,4
894,"VER",2,1,145.603,"MEDIUM","Red Bull Racing",1,"Dry",NA,1,3,3,3,4,5,3,5,4
895,"VER",3,1,145.963,"MEDIUM","Red Bull Racing",1,"Dry",NA,1,3,3,3,4,5,3,5,4
896,"VER",4,1,NA,"MEDIUM","Red Bull Racing",1,"Dry",NA,1,3,3,3,4,5,3,5,4
897,"VER",5,1,90.273,"MEDIUM","Red Bull Racing",1,"Dry",NA,1,3,3,3,4,5,3,5,4
898,"VER",6,1,89.409,"MEDIUM","Red Bull Racing",1,"Dry",NA,1,3,3,3,4,5,3,5,4
899,"VER",7,1,89.083,"MEDIUM","Red Bull Racing",1,"Dry",NA,1,3,3,3,4,5,3,5,4
900,"VER",8,1,89.362,"MEDIUM","Red Bull Racing",1,"Dry",NA,1,3,3,3,4,5,3,5,4
901,"VER",9,1,89.326,"MEDIUM","Red Bull Racing",1,"Dry",NA,1,3,3,3,4,5,3,5,4
902,"VER",10,1,89.457,"MEDIUM","Red Bull Racing",1,"Dry",NA,1,3,3,3,4,5,3,5,4
903,"VER",11,1,89.357,"MEDIUM","Red Bull Racing",1,"Dry",NA,1,3,3,3,4,5,3,5,4
904,"VER",12,1,89.202,"MEDIUM","Red Bull Racing",1,"Dry",NA,1,3,3,3,4,5,3,5,4
905,"VER",13,1,89.015,"MEDIUM","Red Bull Racing",1,"Dry",NA,1,3,3,3,4,5,3,5,4
906,"VER",14,1,89.123,"MEDIUM","Red Bull Racing",1,"Dry",NA,1,3,3,3,4,5,3,5,4
907,"VER",15,1,88.712,"MEDIUM","Red Bull Racing",1,"Dry",NA,1,3,3,3,4,5,3,5,4
908,"VER",16,1,87.875,"MEDIUM","Red Bull Racing",1,"Dry",NA,1,3,3,3,4,5,3,5,4
909,"VER",17,1,92.205,"MEDIUM","Red Bull Racing",1,"Dry",NA,1,3,3,3,4,5,3,5,4
910,"VER",18,1,111.774,"MEDIUM","Red Bull Racing",1,"Dry",28.233,1,3,3,3,4,5,3,5,4
911,"VER",19,1,89.076,"MEDIUM","Red Bull Racing",1,"Dry",NA,1,3,3,3,4,5,3,5,4
912,"VER",20,1,88.454,"MEDIUM","Red Bull Racing",1,"Dry",NA,1,3,3,3,4,5,3,5,4
913,"VER",21,1,88.106,"MEDIUM","Red Bull Racing",1,"Dry",NA,1,3,3,3,4,5,3,5,4
914,"VER",22,1,88.024,"MEDIUM","Red Bull Racing",1,"Dry",NA,1,3,3,3,4,5,3,5,4
915,"VER",23,1,87.891,"MEDIUM","Red Bull Racing",1,"Dry",NA,1,3,3,3,4,5,3,5,4
916,"VER",24,1,87.814,"MEDIUM","Red Bull Racing",1,"Dry",NA,1,3,3,3,4,5,3,5,4
917,"VER",25,1,87.775,"MEDIUM","Red Bull Racing",1,"Dry",NA,1,3,3,3,4,5,3,5,4
918,"VER",26,1,87.768,"MEDIUM","Red Bull Racing",1,"Dry",NA,1,3,3,3,4,5,3,5,4
919,"VER",27,1,87.806,"MEDIUM","Red Bull Racing",1,"Dry",NA,1,3,3,3,4,5,3,5,4
920,"VER",28,1,87.742,"MEDIUM","Red Bull Racing",1,"Dry",NA,1,3,3,3,4,5,3,5,4
921,"VER",29,1,87.588,"MEDIUM","Red Bull Racing",1,"Dry",NA,1,3,3,3,4,5,3,5,4
922,"VER",30,1,87.515,"MEDIUM","Red Bull Racing",1,"Dry",NA,1,3,3,3,4,5,3,5,4
923,"VER",31,1,86.966,"MEDIUM","Red Bull Racing",1,"Dry",NA,1,3,3,3,4,5,3,5,4
924,"VER",32,1,86.665,"MEDIUM","Red Bull Racing",1,"Dry",NA,1,3,3,3,4,5,3,5,4
925,"VER",33,1,86.622,"MEDIUM","Red Bull Racing",1,"Dry",NA,1,3,3,3,4,5,3,5,4
926,"VER",34,1,90.996,"MEDIUM","Red Bull Racing",1,"Dry",NA,1,3,3,3,4,5,3,5,4
927,"VER",35,1,109.802,"HARD","Red Bull Racing",1,"Dry",28.103,1,3,3,3,4,5,3,5,4
928,"VER",36,1,86.255,"HARD","Red Bull Racing",1,"Dry",NA,1,3,3,3,4,5,3,5,4
929,"VER",37,1,86.081,"HARD","Red Bull Racing",1,"Dry",NA,1,3,3,3,4,5,3,5,4
930,"VER",38,1,85.835,"HARD","Red Bull Racing",1,"Dry",NA,1,3,3,3,4,5,3,5,4
931,"VER",39,1,85.815,"HARD","Red Bull Racing",1,"Dry",NA,1,3,3,3,4,5,3,5,4
932,"VER",40,1,85.693,"HARD","Red Bull Racing",1,"Dry",NA,1,3,3,3,4,5,3,5,4
933,"VER",41,1,85.861,"HARD","Red Bull Racing",1,"Dry",NA,1,3,3,3,4,5,3,5,4
934,"VER",42,1,85.827,"HARD","Red Bull Racing",1,"Dry",NA,1,3,3,3,4,5,3,5,4
935,"VER",43,1,85.88,"HARD","Red Bull Racing",1,"Dry",NA,1,3,3,3,4,5,3,5,4
936,"VER",44,1,85.475,"HARD","Red Bull Racing",1,"Dry",NA,1,3,3,3,4,5,3,5,4
937,"VER",45,1,85.621,"HARD","Red Bull Racing",1,"Dry",NA,1,3,3,3,4,5,3,5,4
938,"VER",46,1,85.989,"HARD","Red Bull Racing",1,"Dry",NA,1,3,3,3,4,5,3,5,4
939,"VER",47,1,85.969,"HARD","Red Bull Racing",1,"Dry",NA,1,3,3,3,4,5,3,5,4
940,"VER",48,1,86.216,"HARD","Red Bull Racing",1,"Dry",NA,1,3,3,3,4,5,3,5,4
941,"VER",49,1,85.977,"HARD","Red Bull Racing",1,"Dry",NA,1,3,3,3,4,5,3,5,4
942,"VER",50,1,86.015,"HARD","Red Bull Racing",1,"Dry",NA,1,3,3,3,4,5,3,5,4
943,"VER",51,1,90.719,"HARD","Red Bull Racing",1,"Dry",NA,1,3,3,3,4,5,3,5,4
944,"VER",52,1,109.948,"MEDIUM","Red Bull Racing",1,"Dry",29.726,1,3,3,3,4,5,3,5,4
945,"VER",53,1,85.291,"MEDIUM","Red Bull Racing",1,"Dry",NA,1,3,3,3,4,5,3,5,4
946,"VER",54,1,85.037,"MEDIUM","Red Bull Racing",1,"Dry",NA,1,3,3,3,4,5,3,5,4
947,"VER",55,1,85.223,"MEDIUM","Red Bull Racing",1,"Dry",NA,1,3,3,3,4,5,3,5,4
948,"VER",56,1,84.319,"MEDIUM","Red Bull Racing",1,"Dry",NA,1,3,3,3,4,5,3,5,4
949,"VER",57,1,85.803,"MEDIUM","Red Bull Racing",1,"Dry",NA,1,3,3,3,4,5,3,5,4
950,"ZHO",1,24,131.955,"MEDIUM","Alfa Romeo",17,"Dry",NA,19,3,3,3,4,5,3,5,4
951,"ZHO",2,24,143.964,"MEDIUM","Alfa Romeo",16,"Dry",NA,19,3,3,3,4,5,3,5,4
952,"ZHO",3,24,139.696,"MEDIUM","Alfa Romeo",13,"Dry",NA,19,3,3,3,4,5,3,5,4
953,"ZHO",4,24,143.012,"MEDIUM","Alfa Romeo",12,"Dry",NA,19,3,3,3,4,5,3,5,4
954,"ZHO",5,24,93.411,"MEDIUM","Alfa Romeo",12,"Dry",NA,19,3,3,3,4,5,3,5,4
955,"ZHO",6,24,92.609,"MEDIUM","Alfa Romeo",12,"Dry",NA,19,3,3,3,4,5,3,5,4
956,"ZHO",7,24,91.243,"MEDIUM","Alfa Romeo",12,"Dry",NA,19,3,3,3,4,5,3,5,4
957,"ZHO",8,24,91.432,"MEDIUM","Alfa Romeo",13,"Dry",NA,19,3,3,3,4,5,3,5,4
958,"ZHO",9,24,91.072,"MEDIUM","Alfa Romeo",12,"Dry",NA,19,3,3,3,4,5,3,5,4
959,"ZHO",10,24,91.43,"MEDIUM","Alfa Romeo",12,"Dry",NA,19,3,3,3,4,5,3,5,4
960,"ZHO",11,24,90.927,"MEDIUM","Alfa Romeo",11,"Dry",NA,19,3,3,3,4,5,3,5,4
961,"ZHO",12,24,90.822,"MEDIUM","Alfa Romeo",9,"Dry",NA,19,3,3,3,4,5,3,5,4
962,"ZHO",13,24,90.606,"MEDIUM","Alfa Romeo",5,"Dry",NA,19,3,3,3,4,5,3,5,4
963,"ZHO",14,24,90.2,"MEDIUM","Alfa Romeo",4,"Dry",NA,19,3,3,3,4,5,3,5,4
964,"ZHO",15,24,91.165,"MEDIUM","Alfa Romeo",4,"Dry",NA,19,3,3,3,4,5,3,5,4
965,"ZHO",16,24,89.902,"MEDIUM","Alfa Romeo",4,"Dry",NA,19,3,3,3,4,5,3,5,4
966,"ZHO",17,24,89.911,"MEDIUM","Alfa Romeo",4,"Dry",NA,19,3,3,3,4,5,3,5,4
967,"ZHO",18,24,94.117,"MEDIUM","Alfa Romeo",4,"Dry",NA,19,3,3,3,4,5,3,5,4
968,"ZHO",19,24,112.731,"HARD","Alfa Romeo",17,"Dry",28.984,19,3,3,3,4,5,3,5,4
969,"ZHO",20,24,88.699,"HARD","Alfa Romeo",17,"Dry",NA,19,3,3,3,4,5,3,5,4
970,"ZHO",21,24,89.203,"HARD","Alfa Romeo",17,"Dry",NA,19,3,3,3,4,5,3,5,4
971,"ZHO",22,24,88.876,"HARD","Alfa Romeo",13,"Dry",NA,19,3,3,3,4,5,3,5,4
972,"ZHO",23,24,88.561,"HARD","Alfa Romeo",12,"Dry",NA,19,3,3,3,4,5,3,5,4
973,"ZHO",24,24,89.242,"HARD","Alfa Romeo",12,"Dry",NA,19,3,3,3,4,5,3,5,4
974,"ZHO",25,24,89.395,"HARD","Alfa Romeo",12,"Dry",NA,19,3,3,3,4,5,3,5,4
975,"ZHO",26,24,88.248,"HARD","Alfa Romeo",9,"Dry",NA,19,3,3,3,4,5,3,5,4
976,"ZHO",27,24,88.575,"HARD","Alfa Romeo",7,"Dry",NA,19,3,3,3,4,5,3,5,4
977,"ZHO",28,24,88.027,"HARD","Alfa Romeo",6,"Dry",NA,19,3,3,3,4,5,3,5,4
978,"ZHO",29,24,87.997,"HARD","Alfa Romeo",6,"Dry",NA,19,3,3,3,4,5,3,5,4
979,"ZHO",30,24,89.014,"HARD","Alfa Romeo",7,"Dry",NA,19,3,3,3,4,5,3,5,4
980,"ZHO",31,24,88.098,"HARD","Alfa Romeo",7,"Dry",NA,19,3,3,3,4,5,3,5,4
981,"ZHO",32,24,89.213,"HARD","Alfa Romeo",6,"Dry",NA,19,3,3,3,4,5,3,5,4
982,"ZHO",33,24,88.262,"HARD","Alfa Romeo",4,"Dry",NA,19,3,3,3,4,5,3,5,4
983,"ZHO",34,24,87.797,"HARD","Alfa Romeo",4,"Dry",NA,19,3,3,3,4,5,3,5,4
984,"ZHO",35,24,92.795,"HARD","Alfa Romeo",7,"Dry",NA,19,3,3,3,4,5,3,5,4
985,"ZHO",36,24,112.001,"HARD","Alfa Romeo",15,"Dry",28.854,19,3,3,3,4,5,3,5,4
986,"ZHO",37,24,87.511,"HARD","Alfa Romeo",15,"Dry",NA,19,3,3,3,4,5,3,5,4
987,"ZHO",38,24,87.863,"HARD","Alfa Romeo",15,"Dry",NA,19,3,3,3,4,5,3,5,4
988,"ZHO",39,24,87.211,"HARD","Alfa Romeo",14,"Dry",NA,19,3,3,3,4,5,3,5,4
989,"ZHO",40,24,87.153,"HARD","Alfa Romeo",11,"Dry",NA,19,3,3,3,4,5,3,5,4
990,"ZHO",41,24,87.17,"HARD","Alfa Romeo",11,"Dry",NA,19,3,3,3,4,5,3,5,4
991,"ZHO",42,24,87.076,"HARD","Alfa Romeo",11,"Dry",NA,19,3,3,3,4,5,3,5,4
992,"ZHO",43,24,86.95,"HARD","Alfa Romeo",11,"Dry",NA,19,3,3,3,4,5,3,5,4
993,"ZHO",44,24,86.911,"HARD","Alfa Romeo",8,"Dry",NA,19,3,3,3,4,5,3,5,4
994,"ZHO",45,24,86.842,"HARD","Alfa Romeo",6,"Dry",NA,19,3,3,3,4,5,3,5,4
995,"ZHO",46,24,86.589,"HARD","Alfa Romeo",6,"Dry",NA,19,3,3,3,4,5,3,5,4
996,"ZHO",47,24,86.552,"HARD","Alfa Romeo",6,"Dry",NA,19,3,3,3,4,5,3,5,4
997,"ZHO",48,24,86.74,"HARD","Alfa Romeo",6,"Dry",NA,19,3,3,3,4,5,3,5,4
998,"ZHO",49,24,86.649,"HARD","Alfa Romeo",6,"Dry",NA,19,3,3,3,4,5,3,5,4
999,"ZHO",50,24,86.534,"HARD","Alfa Romeo",6,"Dry",NA,19,3,3,3,4,5,3,5,4
1000,"ZHO",51,24,86.818,"HARD","Alfa Romeo",6,"Dry",NA,19,3,3,3,4,5,3,5,4
1001,"ZHO",52,24,90.6,"HARD","Alfa Romeo",7,"Dry",NA,19,3,3,3,4,5,3,5,4
1002,"ZHO",53,24,109.166,"SOFT","Alfa Romeo",12,"Dry",28.815,19,3,3,3,4,5,3,5,4
1003,"ZHO",54,24,86.323,"SOFT","Alfa Romeo",12,"Dry",NA,19,3,3,3,4,5,3,5,4
1004,"ZHO",55,24,86.683,"SOFT","Alfa Romeo",12,"Dry",NA,19,3,3,3,4,5,3,5,4
1005,"ZHO",56,24,86.701,"SOFT","Alfa Romeo",12,"Dry",NA,19,3,3,3,4,5,3,5,4
1006,"ZHO",57,24,87.045,"SOFT","Alfa Romeo",12,"Dry",NA,19,3,3,3,4,5,3,5,4
